id,standard_id,scale_type,level,descriptor_ko,cut_score,source_id
11159,,achievement_level,A,도달한 능력 정도가 매우 우수한 수준,90% 이상,ncic_2022_eng_level_1848
11160,,achievement_level,B,도달한 능력 정도가 우수한 수준,80% 이상 90% 미만,ncic_2022_eng_level_1848
11161,,achievement_level,C,도달한 능력 정도가 보통 수준,70% 이상 80% 미만,ncic_2022_eng_level_1848
11162,,achievement_level,D,도달한 능력 정도가 다소 제한된 수준,60% 이상 70% 미만,ncic_2022_eng_level_1848
11163,,achievement_level,E,도달한 능력 정도가 제한된 수준(최소 성취수준). 40% 미만은 미이수,40% 이상 60% 미만,ncic_2022_eng_level_1848
29127,[10공영1-01-02],achievement_level,A,다양한 유형의 길고 복잡한 말이나 글에서 사실 정보와 맥락 정보를 활용하여 주제나 요지를 정확하게 파악할 수 있다.,,ncic_2022_eng_level_781
29128,[10공영1-01-02],achievement_level,B,다양한 유형의 길고 복잡한 말이나 글에서 사실 정보와 맥락 정보를 활용하여 주제나 요지를 비교적 정확하게 파악할 수 있다.,,ncic_2022_eng_level_781
29129,[10공영1-01-02],achievement_level,C,다양한 유형의 말이나 글에서 사실 정보를 활용하여 주제나 요지를 대략적으로 파악할 수 있다.,,ncic_2022_eng_level_781
29130,[10공영1-01-02],achievement_level,D,다양한 유형의 말이나 글에서 사실 정보를 활용하여 주제나 요지를 부분적으로 파악할 수 있다.,,ncic_2022_eng_level_781
29131,[10공영1-01-02],achievement_level,E,다양한 유형의 짧고 간단한 말이나 글에서 단순한 사실 정보를 활용하여 주제나 요지를 제한적으로 파악할 수 있다.,,ncic_2022_eng_level_781
29147,[10공영1-01-06],achievement_level,A,다양한 유형의 길고 복잡한 말이나 글에서 사실 정보와 맥락 정보를 활용하여 내용의 전개 방식이나 구조를 정확하게 파악할 수 있다.,,ncic_2022_eng_level_781
29148,[10공영1-01-06],achievement_level,B,다양한 유형의 길고 복잡한 말이나 글에서 사실 정보와 맥락 정보를 활용하여 내용의 전개 방식이나 구조를 비교적 정확하게 파악할 수 있다.,,ncic_2022_eng_level_781
29149,[10공영1-01-06],achievement_level,C,다양한 유형의 말이나 글에서 사실 정보를 활용하여 내용의 전개 방식이나 구조를 대략적으로 파악할 수 있다.,,ncic_2022_eng_level_781
29150,[10공영1-01-06],achievement_level,D,다양한 유형의 말이나 글에서 사실 정보를 활용하여 내용의 전개 방식이나 구조를 부분적으로 파악할 수 있다.,,ncic_2022_eng_level_781
29151,[10공영1-01-06],achievement_level,E,다양한 유형의 짧고 간단한 말이나 글에서 단순한 사실 정보를 활용하여 내용의 전개 방식이나 구조를 제한적으로 파악할 수 있다.,,ncic_2022_eng_level_781
29152,[10공영1-01-07],achievement_level,A,말이나 글의 이해를 위한 적절한 전략을 다양하게 적용할 수 있다.,,ncic_2022_eng_level_781
29153,[10공영1-01-07],achievement_level,B,말이나 글의 이해를 위한 적절한 전략을 비교적 다양하게 적용할 수 있다.,,ncic_2022_eng_level_781
29154,[10공영1-01-07],achievement_level,C,말이나 글의 이해를 위한 적절한 전략을 대략적으로 적용할 수 있다.,,ncic_2022_eng_level_781
29155,[10공영1-01-07],achievement_level,D,말이나 글의 이해를 위한 적절한 전략을 부분적으로 적용할 수 있다.,,ncic_2022_eng_level_781
29156,[10공영1-01-07],achievement_level,E,말이나 글의 이해를 위한 적절한 전략을 제한적으로 적용할 수 있다.,,ncic_2022_eng_level_781
29157,[10공영1-01-08],achievement_level,A,말이나 글을 분석할 때 화자나 필자의 다양한 관점이나 의견을 적극적으로 포용하는 태도를 보인다.,,ncic_2022_eng_level_781
29158,[10공영1-01-08],achievement_level,C,말이나 글을 분석할 때 화자나 필자의 다양한 관점이나 의견을 비교적 적극적으로 포용하는 태도를 보인다.,,ncic_2022_eng_level_781
29159,[10공영1-01-08],achievement_level,E,말이나 글을 분석할 때 화자나 필자의 다양한 관점이나 의견을 포용하려고 노력하는 태도를 보인다. (2) 표현 영역 성취기준,,ncic_2022_eng_level_781
29233,[10공영1-01-04],achievement_level,A,다양한 유형의 길고 복잡한 말이나 글에서 사실 정보와 맥락 정보를 활용하여 일이나 사건의 논리적 관계를 정확하게 파악할 수 있다.,,ncic_2022_eng_level_781
29234,[10공영1-01-04],achievement_level,B,다양한 유형의 길고 복잡한 말이나 글에서 사실 정보와 맥락 정보를 활용하여 일이나 사건의 논리적 관계를 비교적 정확하게 파악할 수 있다.,,ncic_2022_eng_level_781
29235,[10공영1-01-04],achievement_level,C,다양한 유형의 말이나 글에서 사실 정보를 활용하여 일이나 사건의 논리적 관계를 대략적으로 파악할 수 있다.,,ncic_2022_eng_level_781
29236,[10공영1-01-04],achievement_level,D,다양한 유형의 말이나 글에서 사실 정보를 활용하여 일이나 사건의 논리적 관계를 부분적으로 파악할 수 있다.,,ncic_2022_eng_level_781
29237,[10공영1-01-04],achievement_level,E,다양한 유형의 짧고 간단한 말이나 글에서 단순한 사실 정보를 활용하여 일이나 사건의 논리적 관계를 제한적으로 파악할 수 있다.,,ncic_2022_eng_level_781
29288,[10공영1-02-06],achievement_level,A,말이나 글의 어휘나 표현을 점검하여 다양하고 적절한 어휘와 언어 형식으로 내용을 명확하게 전달할 수 있다.,,ncic_2022_eng_level_781
29289,[10공영1-02-06],achievement_level,B,말이나 글의 어휘나 표현을 점검하여 다양하고 적절한 어휘와 언어 형식으로 내용을 비교적 명확하게 전달할 수 있다.,,ncic_2022_eng_level_781
29290,[10공영1-02-06],achievement_level,C,말이나 글의 어휘나 표현을 점검하여 적절한 어휘와 언어 형식으로 내용을 대략적으로 전달할 수 있다.,,ncic_2022_eng_level_781
29291,[10공영1-02-06],achievement_level,D,말이나 글의 어휘나 표현을 점검하여 적절한 어휘와 언어 형식으로 내용을 부분적으로 전달할 수 있다.,,ncic_2022_eng_level_781
29292,[10공영1-02-06],achievement_level,E,말이나 글의 어휘나 표현을 점검하여 주어진 어휘와 언어 형식으로 내용을 제한적으로 전달할 수 있다.,,ncic_2022_eng_level_781
29296,[10공영1-01-01],achievement_level,A,다양한 유형의 길고 복잡한 말이나 글에서 사실 정보와 맥락 정보를 활용하여 세부 정보를 정확하게 파악할 수 있다.,,ncic_2022_eng_level_781
29297,[10공영1-01-01],achievement_level,B,다양한 유형의 길고 복잡한 말이나 글에서 사실 정보와 맥락 정보를 활용하여 세부 정보를 비교적 정확하게 파악할 수 있다.,,ncic_2022_eng_level_781
29298,[10공영1-01-01],achievement_level,C,다양한 유형의 말이나 글에서 사실 정보를 활용하여 세부 정보를 대략적으로 파악할 수 있다.,,ncic_2022_eng_level_781
29299,[10공영1-01-01],achievement_level,D,다양한 유형의 말이나 글에서 사실 정보를 활용하여 세부 정보를 부분적으로 파악할 수 있다.,,ncic_2022_eng_level_781
29300,[10공영1-01-01],achievement_level,E,다양한 유형의 짧고 간단한 말이나 글에서 단순한 사실 정보를 활용하여 세부 정보를 제한적으로 파악할 수 있다.,,ncic_2022_eng_level_781
29301,[10공영1-01-03],achievement_level,A,다양한 유형의 길고 복잡한 말이나 글에서 사실 정보와 맥락 정보를 활용하여 말이나 글의 분위기나 화자나 인물의 심정 및 의도 등을 정확하게 추론할 수 있다.,,ncic_2022_eng_level_781
29302,[10공영1-01-03],achievement_level,B,다양한 유형의 길고 복잡한 말이나 글에서 사실 정보와 맥락 정보를 활용하여 말이나 글의 분위기나 화자나 인물의 심정 및 의도 등을 비교적 정확하게 추론할 수 있다.,,ncic_2022_eng_level_781
29303,[10공영1-01-03],achievement_level,C,다양한 유형의 말이나 글에서 사실 정보를 활용하여 말이나 글의 분위기나 화자나 인물의 심정 및 의도 등을 대략적으로 추론할 수 있다.,,ncic_2022_eng_level_781
29304,[10공영1-01-03],achievement_level,D,다양한 유형의 말이나 글에서 사실 정보를 활용하여 말이나 글의 분위기나 화자나 인물의 심정 및 의도 등을 부분적으로 추론할 수 있다.,,ncic_2022_eng_level_781
29305,[10공영1-01-03],achievement_level,E,다양한 유형의 짧고 간단한 말이나 글에서 단순한 사실 정보를 활용하여 말이나 글의 분위기나 화자나 인물의 심정 및 의도 등을 제한적으로 추론할 수 있다.,,ncic_2022_eng_level_781
29316,[10공영1-02-05],achievement_level,A,듣거나 읽은 내용을 다양하고 적절한 어휘와 언어 형식으로 요약하여 정확하게 말하거나 기술할 수 있다.,,ncic_2022_eng_level_781
29317,[10공영1-02-05],achievement_level,B,듣거나 읽은 내용을 다양하고 적절한 어휘와 언어 형식으로 요약하여 비교적 정확하게 말하거나 기술할 수 있다.,,ncic_2022_eng_level_781
29318,[10공영1-02-05],achievement_level,C,듣거나 읽은 내용을 다양하고 적절한 어휘와 언어 형식으로 요약하여 대략적으로 말하거나 기술할 수 있다.,,ncic_2022_eng_level_781
29319,[10공영1-02-05],achievement_level,D,듣거나 읽은 내용을 다양하고 적절한 어휘와 언어 형식으로 요약하여 부분적으로 말하거나 기술할 수 있다.,,ncic_2022_eng_level_781
29320,[10공영1-02-05],achievement_level,E,듣거나 읽은 내용을 주어진 어휘와 언어 형식으로 요약하여 제한적으로 말하거나 기술할 수 있다.,,ncic_2022_eng_level_781
29321,[10공영1-02-07],achievement_level,A,적절한 전략과 다양한 매체를 다양하게 활용하여 상황과 목적에 맞게 말하거나 쓸 수 있다.,,ncic_2022_eng_level_781
29322,[10공영1-02-07],achievement_level,B,적절한 전략과 다양한 매체를 비교적 다양하게 활용하여 상황과 목적에 맞게 말하거나 쓸 수 있다.,,ncic_2022_eng_level_781
29323,[10공영1-02-07],achievement_level,C,적절한 전략과 다양한 매체를 대략적으로 활용하여 상황과 목적에 맞게 말하거나 쓸 수 있다.,,ncic_2022_eng_level_781
29324,[10공영1-02-07],achievement_level,D,적절한 전략과 다양한 매체를 부분적으로 활용하여 상황과 목적에 맞게 말하거나 쓸 수 있다.,,ncic_2022_eng_level_781
29325,[10공영1-02-07],achievement_level,E,적절한 전략과 다양한 매체를 제한적으로 활용하여 상황과 목적에 맞게 말하거나 쓸 수 있다.,,ncic_2022_eng_level_781
29329,[10공영1-01-05],achievement_level,A,다양한 유형의 길고 복잡한 말이나 글에 포함된 표현의 함축적 의미를 사실 정보와 맥락 정보를 활용하여 정확하게 추론할 수 있다.,,ncic_2022_eng_level_781
29330,[10공영1-01-05],achievement_level,B,다양한 유형의 길고 복잡한 말이나 글에 포함된 표현의 함축적 의미를 사실 정보와 맥락 정보를 활용하여 비교적 정확하게 추론할 수 있다.,,ncic_2022_eng_level_781
29331,[10공영1-01-05],achievement_level,C,다양한 유형의 말이나 글에 포함된 표현의 함축적 의미를 사실 정보를 활용하여 대략적으로 추론할 수 있다.,,ncic_2022_eng_level_781
29332,[10공영1-01-05],achievement_level,D,다양한 유형의 말이나 글에 포함된 표현의 함축적 의미를 사실 정보를 활용하여 부분적으로 추론할 수 있다.,,ncic_2022_eng_level_781
29333,[10공영1-01-05],achievement_level,E,다양한 유형의 짧고 간단한 말이나 글에 포함된 표현의 함축적 의미를 단순한 사실 정보를 활용하여 제한적으로 추론할 수 있다.,,ncic_2022_eng_level_781
29339,[10공영1-02-02],achievement_level,A,사실적 정보나 지식을 다양하고 적절한 어휘와 언어 형식을 활용하여 말이나 글로 정확하게 전달할 수 있다.,,ncic_2022_eng_level_781
29340,[10공영1-02-02],achievement_level,B,사실적 정보나 지식을 다양하고 적절한 어휘와 언어 형식을 활용하여 말이나 글로 비교적 정확하게 전달할 수 있다.,,ncic_2022_eng_level_781
29341,[10공영1-02-02],achievement_level,C,사실적 정보나 지식을 적절한 어휘와 언어 형식을 활용하여 말이나 글로 대략적으로 전달할 수 있다.,,ncic_2022_eng_level_781
29342,[10공영1-02-02],achievement_level,D,사실적 정보나 지식을 적절한 어휘와 언어 형식을 활용하여 말이나 글로 부분적으로 전달할 수 있다.,,ncic_2022_eng_level_781
29343,[10공영1-02-02],achievement_level,E,사실적 정보나 지식을 주어진 어휘와 언어 형식을 활용하여 말이나 글로 제한적으로 전달할 수 있다.,,ncic_2022_eng_level_781
29352,[10공영1-02-01],achievement_level,A,"실물, 그림, 사진, 도표 등을 활용하여 다양하고 적절한 어휘와 언어 형식으로 내용을 정확하게 설명할 수 있다.",,ncic_2022_eng_level_781
29353,[10공영1-02-01],achievement_level,B,"실물, 그림, 사진, 도표 등을 활용하여 다양하고 적절한 어휘와 언어 형식으로 내용을 비교적 정확하게 설명할 수 있다.",,ncic_2022_eng_level_781
29354,[10공영1-02-01],achievement_level,C,"실물, 그림, 사진, 도표 등을 활용하여 적절한 어휘와 언어 형식으로 내용을 대략적으로 설명할 수 있다.",,ncic_2022_eng_level_781
29355,[10공영1-02-01],achievement_level,D,"실물, 그림, 사진, 도표 등을 활용하여 적절한 어휘와 언어 형식으로 내용을 부분적으로 설명할 수 있다.",,ncic_2022_eng_level_781
29356,[10공영1-02-01],achievement_level,E,"실물, 그림, 사진, 도표 등을 활용하여 주어진 어휘와 언어 형식으로 내용을 제한적으로 설명할 수 있다.",,ncic_2022_eng_level_781
29357,[10공영1-02-03],achievement_level,A,경험이나 계획 등을 다양하고 적절한 어휘와 언어 형식을 활용하여 정확하게 말하거나 기술할 수 있다.,,ncic_2022_eng_level_781
29358,[10공영1-02-03],achievement_level,B,경험이나 계획 등을 다양하고 적절한 어휘와 언어 형식을 활용하여 비교적 정확하게 말하거나 기술할 수 있다.,,ncic_2022_eng_level_781
29359,[10공영1-02-03],achievement_level,C,경험이나 계획 등을 적절한 어휘와 언어 형식을 활용하여 대략적으로 말하거나 기술할 수 있다.,,ncic_2022_eng_level_781
29360,[10공영1-02-03],achievement_level,D,경험이나 계획 등을 적절한 어휘와 언어 형식을 활용하여 부분적으로 말하거나 기술할 수 있다.,,ncic_2022_eng_level_781
29361,[10공영1-02-03],achievement_level,E,경험이나 계획 등을 주어진 어휘와 언어 형식을 활용하여 제한적으로 말하거나 기술할 수 있다.,,ncic_2022_eng_level_781
29362,[10공영1-02-04],achievement_level,A,"자신의 생각이나 의견, 감정, 감상 등을 다양하고 적절한 어휘와 언어 형식을 활용하여 명확하게 표현할 수 있다.",,ncic_2022_eng_level_781
29363,[10공영1-02-04],achievement_level,B,"자신의 생각이나 의견, 감정, 감상 등을 다양하고 적절한 어휘와 언어 형식을 활용하여 비교적 명확하게 표현할 수 있다.",,ncic_2022_eng_level_781
29364,[10공영1-02-04],achievement_level,C,"자신의 생각이나 의견, 감정, 감상 등을 적절한 어휘와 언어 형식을 활용하여 대략적으로 표현할 수 있다.",,ncic_2022_eng_level_781
29365,[10공영1-02-04],achievement_level,D,"자신의 생각이나 의견, 감정, 감상 등을 적절한 어휘와 언어 형식을 활용하여 부분적으로 표현할 수 있다.",,ncic_2022_eng_level_781
29366,[10공영1-02-04],achievement_level,E,"자신의 생각이나 의견, 감정, 감상 등을 주어진 어휘와 언어 형식을 활용하여 제한적으로 표현할 수 있다.",,ncic_2022_eng_level_781
29367,[10공영1-02-08],achievement_level,A,말하거나 쓸 때 상대방의 생각이나 관점을 존중하고 언어 예절을 갖추어 적극적으로 표현하는 태도를 보인다.,,ncic_2022_eng_level_781
29368,[10공영1-02-08],achievement_level,C,말하거나 쓸 때 상대방의 생각이나 관점을 존중하고 언어 예절을 갖추어 비교적 적극적으로 표현하는 태도를 보인다.,,ncic_2022_eng_level_781
29369,[10공영1-02-08],achievement_level,E,말하거나 쓸 때 상대방의 생각이나 관점을 존중하고 언어 예절을 갖추어 표현하려고 노력하는 태도를 보인다. 평가 과제 타 문화의 생활 양식 속 comfort food 탐구하기,,ncic_2022_eng_level_781
29385,[10공영2-01-04],achievement_level,A,다양한 유형의 길고 복잡한 말이나 글에서 사실 정보와 맥락 정보를 활용하여 일이나 사건의 논리적 관계를 정확하게 파악할 수 있다.,,ncic_2022_eng_level_781
29386,[10공영2-01-04],achievement_level,B,다양한 유형의 길고 복잡한 말이나 글에서 사실 정보와 맥락 정보를 활용하여 일이나 사건의 논리적 관계를 비교적 정확하게 파악할 수 있다.,,ncic_2022_eng_level_781
29387,[10공영2-01-04],achievement_level,C,다양한 유형의 말이나 글에서 사실 정보를 활용하여 일이나 사건의 논리적 관계를 대략적으로 파악할 수 있다.,,ncic_2022_eng_level_781
29388,[10공영2-01-04],achievement_level,D,다양한 유형의 말이나 글에서 사실 정보를 활용하여 일이나 사건의 논리적 관계를 부분적으로 파악할 수 있다.,,ncic_2022_eng_level_781
29389,[10공영2-01-04],achievement_level,E,다양한 유형의 짧고 간단한 말이나 글에서 단순한 사실 정보를 활용하여 일이나 사건의 논리적 관계를 제한적으로 파악할 수 있다.,,ncic_2022_eng_level_781
29400,[10공영2-01-07],achievement_level,A,다양한 매체의 길고 복잡한 말이나 글을 비판적 관점을 가지고 정확하게 이해할 수 있다.,,ncic_2022_eng_level_781
29401,[10공영2-01-07],achievement_level,B,다양한 매체의 길고 복잡한 말이나 글을 비판적 관점을 가지고 비교적 정확하게 이해할 수 있다.,,ncic_2022_eng_level_781
29402,[10공영2-01-07],achievement_level,C,다양한 매체의 말이나 글을 비판적 관점을 가지고 대략적으로 이해할 수 있다.,,ncic_2022_eng_level_781
29403,[10공영2-01-07],achievement_level,D,다양한 매체의 말이나 글을 비판적 관점을 가지고 부분적으로 이해할 수 있다.,,ncic_2022_eng_level_781
29404,[10공영2-01-07],achievement_level,E,다양한 매체의 짧고 간단한 말이나 글을 비판적 관점을 가지고 제한적으로 이해할 수 있다.,,ncic_2022_eng_level_781
29405,[10공영2-01-08],achievement_level,A,말이나 글의 이해를 위한 적절한 전략을 다양하게 적용할 수 있다.,,ncic_2022_eng_level_781
29406,[10공영2-01-08],achievement_level,B,말이나 글의 이해를 위한 적절한 전략을 비교적 다양하게 적용할 수 있다.,,ncic_2022_eng_level_781
29407,[10공영2-01-08],achievement_level,C,말이나 글의 이해를 위한 적절한 전략을 대략적으로 적용할 수 있다.,,ncic_2022_eng_level_781
29408,[10공영2-01-08],achievement_level,D,말이나 글의 이해를 위한 적절한 전략을 부분적으로 적용할 수 있다.,,ncic_2022_eng_level_781
29409,[10공영2-01-08],achievement_level,E,말이나 글의 이해를 위한 적절한 전략을 제한적으로 적용할 수 있다. (2) 표현 영역 성취기준,,ncic_2022_eng_level_781
29445,[10공영2-02-08],achievement_level,A,적절한 전략과 다양한 매체를 다양하게 활용하여 상황과 목적에 맞게 말하거나 쓸 수 있다.,,ncic_2022_eng_level_781
29446,[10공영2-02-08],achievement_level,B,적절한 전략과 다양한 매체를 비교적 다양하게 활용하여 상황과 목적에 맞게 말하거나 쓸 수 있다.,,ncic_2022_eng_level_781
29447,[10공영2-02-08],achievement_level,C,적절한 전략과 다양한 매체를 대략적으로 활용하여 상황과 목적에 맞게 말하거나 쓸 수 있다.,,ncic_2022_eng_level_781
29448,[10공영2-02-08],achievement_level,D,적절한 전략과 다양한 매체를 부분적으로 활용하여 상황과 목적에 맞게 말하거나 쓸 수 있다.,,ncic_2022_eng_level_781
29449,[10공영2-02-08],achievement_level,E,적절한 전략과 다양한 매체를 제한적으로 활용하여 상황과 목적에 맞게 말하거나 쓸 수 있다.,,ncic_2022_eng_level_781
29453,[10공영2-01-02],achievement_level,A,다양한 유형의 길고 복잡한 말이나 글에서 사실 정보와 맥락 정보를 활용하여 주제나 요지를 정확하게 파악할 수 있다.,,ncic_2022_eng_level_781
29454,[10공영2-01-02],achievement_level,B,다양한 유형의 길고 복잡한 말이나 글에서 사실 정보와 맥락 정보를 활용하여 주제나 요지를 비교적 정확하게 파악할 수 있다.,,ncic_2022_eng_level_781
29455,[10공영2-01-02],achievement_level,C,다양한 유형의 말이나 글에서 사실 정보를 활용하여 주제나 요지를 대략적으로 파악할 수 있다.,,ncic_2022_eng_level_781
29456,[10공영2-01-02],achievement_level,D,다양한 유형의 말이나 글에서 사실 정보를 활용하여 주제나 요지를 부분적으로 파악할 수 있다.,,ncic_2022_eng_level_781
29457,[10공영2-01-02],achievement_level,E,다양한 유형의 짧고 간단한 말이나 글에서 단순한 사실 정보를 활용하여 주제나 요지를 제한적으로 파악할 수 있다.,,ncic_2022_eng_level_781
29458,[10공영2-01-06],achievement_level,A,다양한 유형의 길고 복잡한 말이나 글에서 사실 정보와 맥락 정보를 활용하여 내용의 전개 방식이나 구조를 정확하게 파악할 수 있다.,,ncic_2022_eng_level_781
29459,[10공영2-01-06],achievement_level,B,다양한 유형의 길고 복잡한 말이나 글에서 사실 정보와 맥락 정보를 활용하여 내용의 전개 방식이나 구조를 비교적 정확하게 파악할 수 있다.,,ncic_2022_eng_level_781
29460,[10공영2-01-06],achievement_level,C,다양한 유형의 말이나 글에서 사실 정보를 활용하여 내용의 전개 방식이나 구조를 대략적으로 파악할 수 있다.,,ncic_2022_eng_level_781
29461,[10공영2-01-06],achievement_level,D,다양한 유형의 말이나 글에서 사실 정보를 활용하여 내용의 전개 방식이나 구조를 부분적으로 파악할 수 있다.,,ncic_2022_eng_level_781
29462,[10공영2-01-06],achievement_level,E,다양한 유형의 짧고 간단한 말이나 글에서 단순한 사실 정보를 활용하여 내용의 전개 방식이나 구조를 제한적으로 파악할 수 있다.,,ncic_2022_eng_level_781
29468,[10공영2-02-06],achievement_level,A,다양한 소통의 목적에 맞게 다양하고 적절한 어휘와 언어 형식을 활용하여 정확하게 말하거나 글로 표현할 수 있다.,,ncic_2022_eng_level_781
29469,[10공영2-02-06],achievement_level,B,다양한 소통의 목적에 맞게 다양하고 적절한 어휘와 언어 형식을 활용하여 비교적 정확하게 말하거나 글로 표현할 수 있다.,,ncic_2022_eng_level_781
29470,[10공영2-02-06],achievement_level,C,다양한 소통의 목적에 맞게 적절한 어휘와 언어 형식을 활용하여 대략적으로 말하거나 글로 표현할 수 있다.,,ncic_2022_eng_level_781
29471,[10공영2-02-06],achievement_level,D,다양한 소통의 목적에 맞게 적절한 어휘와 언어 형식을 활용하여 부분적으로 말하거나 글로 표현할 수 있다.,,ncic_2022_eng_level_781
29472,[10공영2-02-06],achievement_level,E,다양한 소통의 목적에 맞게 주어진 어휘와 언어 형식을 활용하여 제한적으로 말하거나 글로 표현할 수 있다.,,ncic_2022_eng_level_781
29478,[10공영2-01-03],achievement_level,A,다양한 유형의 길고 복잡한 말이나 글에서 사실 정보와 맥락 정보를 활용하여 말이나 글의 분위기나 등장인물의 심정 및 의도 등을 정확하게 추론할 수 있다.,,ncic_2022_eng_level_781
29479,[10공영2-01-03],achievement_level,B,다양한 유형의 길고 복잡한 말이나 글에서 사실 정보와 맥락 정보를 활용하여 말이나 글의 분위기나 등장인물의 심정 및 의도 등을 비교적 정확하게 추론할 수 있다.,,ncic_2022_eng_level_781
29480,[10공영2-01-03],achievement_level,C,다양한 유형의 말이나 글에서 사실 정보를 활용하여 말이나 글의 분위기나 등장인물의 심정 및 의도 등을 대략적으로 추론할 수 있다.,,ncic_2022_eng_level_781
29481,[10공영2-01-03],achievement_level,D,다양한 유형의 말이나 글에서 사실 정보를 활용하여 말이나 글의 분위기나 화자나 인물의 심정 및 의도 등을 부분적으로 추론할 수 있다.,,ncic_2022_eng_level_781
29482,[10공영2-01-03],achievement_level,E,다양한 유형의 짧고 간단한 말이나 글에서 단순한 사실 정보를 활용하여 말이나 글의 분위기나 화자나 인물의 심정 및 의도 등을 제한적으로 추론할 수 있다.,,ncic_2022_eng_level_781
29508,[10공영2-02-03],achievement_level,A,경험이나 계획 등을 다양하고 적절한 어휘와 언어 형식을 활용하여 정확하게 말하거나 기술할 수 있다.,,ncic_2022_eng_level_781
29509,[10공영2-02-03],achievement_level,B,경험이나 계획 등을 다양하고 적절한 어휘와 언어 형식을 활용하여 비교적 정확하게 말하거나 기술할 수 있다.,,ncic_2022_eng_level_781
29510,[10공영2-02-03],achievement_level,C,경험이나 계획 등을 적절한 어휘와 언어 형식을 활용하여 대략적으로 말하거나 기술할 수 있다.,,ncic_2022_eng_level_781
29511,[10공영2-02-03],achievement_level,D,경험이나 계획 등을 적절한 어휘와 언어 형식을 활용하여 부분적으로 말하거나 기술할 수 있다.,,ncic_2022_eng_level_781
29512,[10공영2-02-03],achievement_level,E,경험이나 계획 등을 주어진 어휘와 언어 형식을 활용하여 제한적으로 말하거나 기술할 수 있다.,,ncic_2022_eng_level_781
29538,[10공영2-02-05],achievement_level,A,듣거나 읽은 내용을 요약할 때 다양하고 적절한 어휘와 언어 형식을 활용하여 정확하게 말하거나 기술할 수 있다.,,ncic_2022_eng_level_781
29539,[10공영2-02-05],achievement_level,B,듣거나 읽은 내용을 요약할 때 다양하고 적절한 어휘와 언어 형식을 활용하여 비교적 정확하게 말하거나 기술할 수 있다.,,ncic_2022_eng_level_781
29540,[10공영2-02-05],achievement_level,C,듣거나 읽은 내용을 요약할 때 다양하고 적절한 어휘와 언어 형식을 활용하여 대략적으로 말하거나 기술할 수 있다.,,ncic_2022_eng_level_781
29541,[10공영2-02-05],achievement_level,D,듣거나 읽은 내용을 요약할 때 다양하고 적절한 어휘와 언어 형식을 활용하여 부분적으로 말하거나 기술할 수 있다.,,ncic_2022_eng_level_781
29542,[10공영2-02-05],achievement_level,E,듣거나 읽은 내용을 요약할 때 다양하고 적절한 어휘와 언어 형식을 활용하여 제한적으로 말하거나 기술할 수 있다.,,ncic_2022_eng_level_781
29553,[10공영2-01-05],achievement_level,A,다양한 유형의 길고 복잡한 말이나 글에 포함된 표현의 함축적 의미를 사실 정보와 맥락 정보를 활용하여 정확하게 추론할 수 있다.,,ncic_2022_eng_level_781
29554,[10공영2-01-05],achievement_level,B,다양한 유형의 길고 복잡한 말이나 글에 포함된 표현의 함축적 의미를 사실 정보와 맥락 정보를 활용하여 비교적 정확하게 추론할 수 있다.,,ncic_2022_eng_level_781
29555,[10공영2-01-05],achievement_level,C,다양한 유형의 말이나 글에 포함된 표현의 함축적 의미를 사실 정보를 활용하여 대략적으로 추론할 수 있다.,,ncic_2022_eng_level_781
29556,[10공영2-01-05],achievement_level,D,다양한 유형의 말이나 글에 포함된 표현의 함축적 의미를 사실 정보를 활용하여 부분적으로 추론할 수 있다.,,ncic_2022_eng_level_781
29557,[10공영2-01-05],achievement_level,E,다양한 유형의 짧고 간단한 말이나 글에 포함된 표현의 함축적 의미를 단순한 사실 정보를 활용하여 제한적으로 추론할 수 있다.,,ncic_2022_eng_level_781
29576,[10공영2-01-01],achievement_level,A,다양한 유형의 길고 복잡한 말이나 글에서 사실 정보와 맥락 정보를 활용하여 세부 정보를 정확하게 파악할 수 있다.,,ncic_2022_eng_level_781
29577,[10공영2-01-01],achievement_level,B,다양한 유형의 길고 복잡한 말이나 글에서 사실 정보와 맥락 정보를 활용하여 세부 정보를 비교적 정확하게 파악할 수 있다.,,ncic_2022_eng_level_781
29578,[10공영2-01-01],achievement_level,C,다양한 유형의 말이나 글에서 사실 정보를 활용하여 세부 정보를 대략적으로 파악할 수 있다.,,ncic_2022_eng_level_781
29579,[10공영2-01-01],achievement_level,D,다양한 유형의 말이나 글에서 사실 정보를 활용하여 세부 정보를 부분적으로 파악할 수 있다.,,ncic_2022_eng_level_781
29580,[10공영2-01-01],achievement_level,E,다양한 유형의 짧고 간단한 말이나 글에서 단순한 사실 정보를 활용하여 세부 정보를 제한적으로 파악할 수 있다.,,ncic_2022_eng_level_781
29581,[10공영2-02-01],achievement_level,A,"실물, 그림, 사진, 도표 등을 활용하여 다양하고 적절한 어휘와 언어 형식으로 내용을 정확하게 설명할 수 있다.",,ncic_2022_eng_level_781
29582,[10공영2-02-01],achievement_level,B,"실물, 그림, 사진, 도표 등을 활용하여 다양하고 적절한 어휘와 언어 형식으로 내용을 비교적 정확하게 설명할 수 있다.",,ncic_2022_eng_level_781
29583,[10공영2-02-01],achievement_level,C,"실물, 그림, 사진, 도표 등을 활용하여 적절한 어휘와 언어 형식으로 내용을 대략적으로 설명할 수 있다.",,ncic_2022_eng_level_781
29584,[10공영2-02-01],achievement_level,D,"실물, 그림, 사진, 도표 등을 활용하여 적절한 어휘와 언어 형식으로 내용을 부분적으로 설명할 수 있다.",,ncic_2022_eng_level_781
29585,[10공영2-02-01],achievement_level,E,"실물, 그림, 사진, 도표 등을 활용하여 주어진 어휘와 언어 형식으로 내용을 제한적으로 설명할 수 있다.",,ncic_2022_eng_level_781
29586,[10공영2-02-02],achievement_level,A,사실적 정보나 지식을 다양하고 적절한 어휘와 언어 형식을 활용하여 말이나 글로 정확하게 전달할 수 있다.,,ncic_2022_eng_level_781
29587,[10공영2-02-02],achievement_level,B,사실적 정보나 지식을 다양하고 적절한 어휘와 언어 형식을 활용하여 말이나 글로 비교적 정확하게 전달할 수 있다.,,ncic_2022_eng_level_781
29588,[10공영2-02-02],achievement_level,C,사실적 정보나 지식을 적절한 어휘와 언어 형식을 활용하여 말이나 글로 대략적으로 전달할 수 있다.,,ncic_2022_eng_level_781
29589,[10공영2-02-02],achievement_level,D,사실적 정보나 지식을 적절한 어휘와 언어 형식을 활용하여 말이나 글로 부분적으로 전달할 수 있다.,,ncic_2022_eng_level_781
29590,[10공영2-02-02],achievement_level,E,사실적 정보나 지식을 주어진 어휘와 언어 형식을 활용하여 말이나 글로 제한적으로 전달할 수 있다.,,ncic_2022_eng_level_781
29591,[10공영2-02-04],achievement_level,A,"자신의 생각이나 의견, 감정, 감상 등을 다양하고 적절한 어휘와 언어 형식을 활용하여 명확하게 표현할 수 있다.",,ncic_2022_eng_level_781
29592,[10공영2-02-04],achievement_level,B,"자신의 생각이나 의견, 감정, 감상 등을 다양하고 적절한 어휘와 언어 형식을 활용하여 비교적 명확하게 표현할 수 있다.",,ncic_2022_eng_level_781
29593,[10공영2-02-04],achievement_level,C,"자신의 생각이나 의견, 감정, 감상 등을 적절한 어휘와 언어 형식을 활용하여 대략적으로 표현할 수 있다.",,ncic_2022_eng_level_781
29594,[10공영2-02-04],achievement_level,D,"자신의 생각이나 의견, 감정, 감상 등을 적절한 어휘와 언어 형식을 활용하여 부분적으로 표현할 수 있다.",,ncic_2022_eng_level_781
29595,[10공영2-02-04],achievement_level,E,"자신의 생각이나 의견, 감정, 감상 등을 주어진 어휘와 언어 형식을 활용하여 제한적으로 표현할 수 있다.",,ncic_2022_eng_level_781
29596,[10공영2-02-07],achievement_level,A,말이나 글의 어휘나 표현을 점검하여 다양하고 적절한 어휘와 언어 형식을 활용하여 내용을 명확하게 전달할 수 있다.,,ncic_2022_eng_level_781
29597,[10공영2-02-07],achievement_level,B,말이나 글의 어휘나 표현을 점검하여 다양하고 적절한 어휘와 언어 형식을 활용하여 내용을 비교적 명확하게 전달할 수 있다.,,ncic_2022_eng_level_781
29598,[10공영2-02-07],achievement_level,C,말이나 글의 어휘나 표현을 점검하여 적절한 어휘와 언어 형식을 활용하여 내용을 대략적으로 전달할 수 있다.,,ncic_2022_eng_level_781
29599,[10공영2-02-07],achievement_level,D,말이나 글의 어휘나 표현을 점검하여 적절한 어휘와 언어 형식을 활용하여 내용을 부분적으로 전달할 수 있다.,,ncic_2022_eng_level_781
29600,[10공영2-02-07],achievement_level,E,말이나 글의 어휘나 표현을 점검하여 주어진 어휘와 언어 형식을 활용하여 내용을 제한적으로 전달할 수 있다.,,ncic_2022_eng_level_781
29601,[10공영2-02-09],achievement_level,A,말하거나 쓸 때 다른 사람과 의견을 조율하며 문제 해결을 위해 협력하는 태도를 적극적으로 보인다.,,ncic_2022_eng_level_781
29602,[10공영2-02-09],achievement_level,C,말하거나 쓸 때 다른 사람과 의견을 조율하며 문제 해결을 위해 협력하는 태도를 비교적 적극적으로 보인다.,,ncic_2022_eng_level_781
29603,[10공영2-02-09],achievement_level,E,"말하거나 쓸 때 다른 사람과 의견을 조율하며 문제 해결을 위해 협력하려고 노력하는 태도를 보인다. 평가 과제 매체 속 편견 해소를 위한 공통의 문제해결 과정 협력하기 산출물 제작과 발표의 과정에서 팀과 자신의 의견을 명확히 설명하기 발표를 통해 산출물의 주제, 근거, 이미지의 전달내용, 기대효과를 설명하기",,ncic_2022_eng_level_781
29609,[10기영1-01-02],achievement_level,A,다양한 유형의 길고 복잡한 말이나 글에서 사실 정보와 맥락 정보를 활용하여 주제나 요지를 정확하게 파악할 수 있다.,,ncic_2022_eng_level_781
29610,[10기영1-01-02],achievement_level,B,다양한 유형의 길고 복잡한 말이나 글에서 사실 정보와 맥락 정보를 활용하여 주제나 요지를 비교적 정확하게 파악할 수 있다.,,ncic_2022_eng_level_781
29611,[10기영1-01-02],achievement_level,C,다양한 유형의 말이나 글에서 사실 정보를 활용하여 주제나 요지를 대략적으로 파악할 수 있다.,,ncic_2022_eng_level_781
29612,[10기영1-01-02],achievement_level,D,다양한 유형의 말이나 글에서 사실 정보를 활용하여 주제나 요지를 부분적으로 파악할 수 있다.,,ncic_2022_eng_level_781
29613,[10기영1-01-02],achievement_level,E,다양한 유형의 짧고 간단한 말이나 글에서 단순한 사실 정보를 활용하여 주제나 요지를 제한적으로 파악할 수 있다.,,ncic_2022_eng_level_781
29629,[10기영1-01-06],achievement_level,A,다양한 유형의 길고 복잡한 말이나 글에서 사실 정보와 맥락 정보를 활용하여 내용의 전개 방식이나 구조를 정확하게 파악할 수 있다.,,ncic_2022_eng_level_781
29630,[10기영1-01-06],achievement_level,B,다양한 유형의 길고 복잡한 말이나 글에서 사실 정보와 맥락 정보를 활용하여 내용의 전개 방식이나 구조를 비교적 정확하게 파악할 수 있다.,,ncic_2022_eng_level_781
29631,[10기영1-01-06],achievement_level,C,다양한 유형의 말이나 글에서 사실 정보를 활용하여 내용의 전개 방식이나 구조를 대략적으로 파악할 수 있다.,,ncic_2022_eng_level_781
29632,[10기영1-01-06],achievement_level,D,다양한 유형의 말이나 글에서 사실 정보를 활용하여 내용의 전개 방식이나 구조를 부분적으로 파악할 수 있다.,,ncic_2022_eng_level_781
29633,[10기영1-01-06],achievement_level,E,다양한 유형의 짧고 간단한 말이나 글에서 단순한 사실 정보를 활용하여 내용의 전개 방식이나 구조를 제한적으로 파악할 수 있다.,,ncic_2022_eng_level_781
29634,[10기영1-01-07],achievement_level,A,말이나 글을 듣거나 읽을 때 적절한 전략을 다양하게 적용하고 성찰할 수 있다.,,ncic_2022_eng_level_781
29635,[10기영1-01-07],achievement_level,B,말이나 글을 듣거나 읽을 때 적절한 전략을 비교적 다양하게 적용하고 성찰할 수 있다.,,ncic_2022_eng_level_781
29636,[10기영1-01-07],achievement_level,C,말이나 글을 듣거나 읽을 때 적절한 전략을 대략적으로 적용하고 성찰할 수 있다.,,ncic_2022_eng_level_781
29637,[10기영1-01-07],achievement_level,D,말이나 글을 듣거나 읽을 때 적절한 전략을 부분적으로 적용하고 성찰할 수 있다.,,ncic_2022_eng_level_781
29638,[10기영1-01-07],achievement_level,E,말이나 글을 듣거나 읽을 때 적절한 전략을 제한적으로 적용하고 성찰할 수 있다.,,ncic_2022_eng_level_781
29639,[10기영1-01-08],achievement_level,A,다양한 매체로 듣거나 읽으며 학습 동기를 형성하려는 태도를 적극적으로 보인다.,,ncic_2022_eng_level_781
29640,[10기영1-01-08],achievement_level,C,다양한 매체로 듣거나 읽으며 학습 동기를 형성하려는 태도를 비교적 적극적으로 보인다.,,ncic_2022_eng_level_781
29641,[10기영1-01-08],achievement_level,E,다양한 매체로 듣거나 읽으며 학습 동기를 형성하려고 노력하는 태도를 보인다. (2) 표현 영역 성취기준,,ncic_2022_eng_level_781
29657,[10기영1-02-04],achievement_level,A,말하거나 쓰는 목적에 적합한 매체를 활용하여 다양하고 적절한 어휘와 언어 형식으로 정보를 정확하게 전달할 수 있다.,,ncic_2022_eng_level_781
29658,[10기영1-02-04],achievement_level,B,말하거나 쓰는 목적에 적합한 매체를 활용하여 다양하고 적절한 어휘와 언어 형식으로 정보를 비교적 정확하게 전달할 수 있다.,,ncic_2022_eng_level_781
29659,[10기영1-02-04],achievement_level,C,말하거나 쓰는 목적에 적합한 매체를 활용하여 적절한 어휘와 언어 형식으로 정보를 대략적으로 전달할 수 있다.,,ncic_2022_eng_level_781
29660,[10기영1-02-04],achievement_level,D,말하거나 쓰는 목적에 적합한 매체를 활용하여 적절한 어휘와 언어 형식으로 정보를 부분적으로 전달할 수 있다.,,ncic_2022_eng_level_781
29661,[10기영1-02-04],achievement_level,E,말하거나 쓰는 목적에 적합한 매체를 활용하여 주어진 어휘와 언어 형식으로 정보를 제한적으로 전달할 수 있다.,,ncic_2022_eng_level_781
29672,[10기영1-02-07],achievement_level,A,적절한 말하기 또는 쓰기 전략을 다양하게 적용하고 성찰할 수 있다.,,ncic_2022_eng_level_781
29673,[10기영1-02-07],achievement_level,B,적절한 말하기 또는 쓰기 전략을 비교적 다양하게 적용하고 성찰할 수 있다.,,ncic_2022_eng_level_781
29674,[10기영1-02-07],achievement_level,C,적절한 말하기 또는 쓰기 전략을 대략적으로 적용하고 성찰할 수 있다.,,ncic_2022_eng_level_781
29675,[10기영1-02-07],achievement_level,D,적절한 말하기 또는 쓰기 전략을 부분적으로 적용하고 성찰할 수 있다.,,ncic_2022_eng_level_781
29676,[10기영1-02-07],achievement_level,E,적절한 말하기 또는 쓰기 전략을 제한적으로 적용하고 성찰할 수 있다.,,ncic_2022_eng_level_781
29680,[10기영1-01-05],achievement_level,A,다양한 유형의 길고 복잡한 말이나 글에서 사실 정보와 맥락 정보를 활용하여 일이나 사건의 절차나 순서를 정확하게 파악할 수 있다.,,ncic_2022_eng_level_781
29681,[10기영1-01-05],achievement_level,B,다양한 유형의 길고 복잡한 말이나 글에서 사실 정보와 맥락 정보를 활용하여 일이나 사건의 절차나 순서를 비교적 정확하게 파악할 수 있다.,,ncic_2022_eng_level_781
29682,[10기영1-01-05],achievement_level,C,다양한 유형의 말이나 글에서 사실 정보를 활용하여 일이나 사건의 절차나 순서를 대략적으로 파악할 수 있다.,,ncic_2022_eng_level_781
29683,[10기영1-01-05],achievement_level,D,다양한 유형의 말이나 글에서 사실 정보를 활용하여 일이나 사건의 절차나 순서를 부분적으로 파악할 수 있다.,,ncic_2022_eng_level_781
29684,[10기영1-01-05],achievement_level,E,다양한 유형의 짧고 간단한 말이나 글에서 단순한 사실 정보를 활용하여 일이나 사건의 절차나 순서를 제한적으로 파악할 수 있다.,,ncic_2022_eng_level_781
29685,[10기영1-01-04],achievement_level,A,다양한 유형의 길고 복잡한 말이나 글에서 사실 정보와 맥락 정보를 활용하여 화자나 필자 또는 인물의 심정이나 태도를 정확하게 파악할 수 있다.,,ncic_2022_eng_level_781
29686,[10기영1-01-04],achievement_level,B,다양한 유형의 길고 복잡한 말이나 글에서 사실 정보와 맥락 정보를 활용하여 화자나 필자 또는 인물의 심정이나 태도를 비교적 정확하게 파악할 수 있다.,,ncic_2022_eng_level_781
29687,[10기영1-01-04],achievement_level,C,다양한 유형의 말이나 글에서 사실 정보를 활용하여 화자나 필자 또는 인물의 심정이나 태도를 대략적으로 파악할 수 있다.,,ncic_2022_eng_level_781
29688,[10기영1-01-04],achievement_level,D,다양한 유형의 말이나 글에서 사실 정보를 활용하여 화자나 필자 또는 인물의 심정이나 태도를 부분적으로 파악할 수 있다.,,ncic_2022_eng_level_781
29689,[10기영1-01-04],achievement_level,E,다양한 유형의 짧고 간단한 말이나 글에서 단순한 사실 정보를 활용하여 화자나 필자 또는 인물의 심정이나 태도를 제한적으로 파악할 수 있다.,,ncic_2022_eng_level_781
29710,[10기영1-01-03],achievement_level,A,다양한 유형의 길고 복잡한 말이나 글에서 사실 정보와 맥락 정보를 활용하여 화자나 필자 또는 인물의 의도 및 목적을 정확하게 파악할 수 있다.,,ncic_2022_eng_level_781
29711,[10기영1-01-03],achievement_level,B,다양한 유형의 길고 복잡한 말이나 글에서 사실 정보와 맥락 정보를 활용하여 화자나 필자 또는 인물의 의도 및 목적을 비교적 정확하게 파악할 수 있다.,,ncic_2022_eng_level_781
29712,[10기영1-01-03],achievement_level,C,다양한 유형의 말이나 글에서 사실 정보를 활용하여 화자나 필자 또는 인물의 의도 및 목적을 대략적으로 파악할 수 있다.,,ncic_2022_eng_level_781
29713,[10기영1-01-03],achievement_level,D,다양한 유형의 말이나 글에서 사실 정보를 활용하여 화자나 필자 또는 인물의 의도 및 목적을 부분적으로 파악할 수 있다.,,ncic_2022_eng_level_781
29714,[10기영1-01-03],achievement_level,E,다양한 유형의 짧고 간단한 말이나 글에서 단순한 사실 정보를 활용하여 화자나 필자 또는 인물의 의도 및 목적을 제한적으로 파악할 수 있다.,,ncic_2022_eng_level_781
29735,[10기영1-02-01],achievement_level,A,"실물, 그림, 사진, 도표 등에 포함된 사실적 정보를 다양하고 적절한 어휘와 언어 형식을 활용하여 정확하게 설명할 수 있다.",,ncic_2022_eng_level_781
29736,[10기영1-02-01],achievement_level,B,"실물, 그림, 사진, 도표 등에 포함된 사실적 정보를 다양하고 적절한 어휘와 언어 형식을 활용하여 비교적 정확하게 설명할 수 있다.",,ncic_2022_eng_level_781
29737,[10기영1-02-01],achievement_level,C,"실물, 그림, 사진, 도표 등에 포함된 사실적 정보를 적절한 어휘와 언어 형식을 활용하여 대략적으로 설명할 수 있다.",,ncic_2022_eng_level_781
29738,[10기영1-02-01],achievement_level,D,"실물, 그림, 사진, 도표 등에 포함된 사실적 정보를 적절한 어휘와 언어 형식을 활용하여 부분적으로 설명할 수 있다.",,ncic_2022_eng_level_781
29739,[10기영1-02-01],achievement_level,E,"실물, 그림, 사진, 도표 등에 포함된 사실적 정보를 주어진 어휘와 언어 형식을 활용하여 제한적으로 설명할 수 있다. 평가 과제 도표 설명하는 글쓰기",,ncic_2022_eng_level_781
29750,[10기영1-02-06],achievement_level,A,말이나 글의 목적에 맞게 내용이나 표현을 점검하여 다양하고 적절한 어휘와 언어 형식으로 정확하게 고쳐 쓸 수 있다.,,ncic_2022_eng_level_781
29751,[10기영1-02-06],achievement_level,B,말이나 글의 목적에 맞게 내용이나 표현을 점검하여 다양하고 적절한 어휘와 언어 형식으로 비교적 정확하게 고쳐 쓸 수 있다.,,ncic_2022_eng_level_781
29752,[10기영1-02-06],achievement_level,C,말이나 글의 목적에 맞게 내용이나 표현을 점검하여 적절한 어휘와 언어 형식으로 대략적으로 고쳐 쓸 수 있다.,,ncic_2022_eng_level_781
29753,[10기영1-02-06],achievement_level,D,말이나 글의 목적에 맞게 내용이나 표현을 점검하여 적절한 어휘와 언어 형식으로 부분적으로 고쳐 쓸 수 있다.,,ncic_2022_eng_level_781
29754,[10기영1-02-06],achievement_level,E,말이나 글의 목적에 맞게 내용이나 표현을 점검하여 주어진 어휘와 언어 형식으로 제한적으로 고쳐 쓸 수 있다. 평가 과제 친구에게 운동을 권하는 편지 쓰기,,ncic_2022_eng_level_781
29773,[10기영1-01-01],achievement_level,A,다양한 유형의 길고 복잡한 말이나 글에서 사실 정보와 맥락 정보를 활용하여 세부 정보를 정확하게 파악할 수 있다.,,ncic_2022_eng_level_781
29774,[10기영1-01-01],achievement_level,B,다양한 유형의 길고 복잡한 말이나 글에서 사실 정보와 맥락 정보를 활용하여 세부 정보를 비교적 정확하게 파악할 수 있다.,,ncic_2022_eng_level_781
29775,[10기영1-01-01],achievement_level,C,다양한 유형의 말이나 글에서 사실 정보를 활용하여 세부 정보를 대략적으로 파악할 수 있다.,,ncic_2022_eng_level_781
29776,[10기영1-01-01],achievement_level,D,다양한 유형의 말이나 글에서 사실 정보를 활용하여 세부 정보를 부분적으로 파악할 수 있다.,,ncic_2022_eng_level_781
29777,[10기영1-01-01],achievement_level,E,다양한 유형의 짧고 간단한 말이나 글에서 단순한 사실 정보를 활용하여 세부 정보를 제한적으로 파악할 수 있다.,,ncic_2022_eng_level_781
29778,[10기영1-02-02],achievement_level,A,경험이나 사건을 다양하고 적절한 어휘와 언어 형식을 활용하여 정확하게 묘사할 수 있다.,,ncic_2022_eng_level_781
29779,[10기영1-02-02],achievement_level,B,경험이나 사건을 다양하고 적절한 어휘와 언어 형식을 활용하여 비교적 정확하게 묘사할 수 있다.,,ncic_2022_eng_level_781
29780,[10기영1-02-02],achievement_level,C,경험이나 사건을 적절한 어휘와 언어 형식을 활용하여 대략적으로 묘사할 수 있다.,,ncic_2022_eng_level_781
29781,[10기영1-02-02],achievement_level,D,경험이나 사건을 적절한 어휘와 언어 형식을 활용하여 부분적으로 묘사할 수 있다.,,ncic_2022_eng_level_781
29782,[10기영1-02-02],achievement_level,E,경험이나 사건을 주어진 어휘와 언어 형식을 활용하여 제한적으로 묘사할 수 있다.,,ncic_2022_eng_level_781
29783,[10기영1-02-03],achievement_level,A,자신의 의견이나 감정을 다양하고 적절한 어휘와 언어 형식을 활용하여 명확하게 표현할 수 있다.,,ncic_2022_eng_level_781
29784,[10기영1-02-03],achievement_level,B,자신의 의견이나 감정을 다양하고 적절한 어휘와 언어 형식을 활용하여 비교적 명확하게 표현할 수 있다.,,ncic_2022_eng_level_781
29785,[10기영1-02-03],achievement_level,C,자신의 의견이나 감정을 적절한 어휘와 언어 형식을 활용하여 대략적으로 표현할 수 있다.,,ncic_2022_eng_level_781
29786,[10기영1-02-03],achievement_level,D,자신의 의견이나 감정을 적절한 어휘와 언어 형식을 활용하여 부분적으로 표현할 수 있다.,,ncic_2022_eng_level_781
29787,[10기영1-02-03],achievement_level,E,자신의 의견이나 감정을 주어진 어휘와 언어 형식을 활용하여 제한적으로 표현할 수 있다.,,ncic_2022_eng_level_781
29788,[10기영1-02-05],achievement_level,A,주어진 서식에 맞게 다양하고 적절한 어휘와 언어 형식을 활용하여 정확하게 말하거나 쓸 수 있다.,,ncic_2022_eng_level_781
29789,[10기영1-02-05],achievement_level,B,주어진 서식에 맞게 다양하고 적절한 어휘와 언어 형식을 활용하여 비교적 정확하게 말하거나 쓸 수 있다.,,ncic_2022_eng_level_781
29790,[10기영1-02-05],achievement_level,C,주어진 서식에 맞게 적절한 어휘와 언어 형식을 활용하여 대략적으로 말하거나 쓸 수 있다.,,ncic_2022_eng_level_781
29791,[10기영1-02-05],achievement_level,D,주어진 서식에 맞게 적절한 어휘와 언어 형식을 활용하여 부분적으로 말하거나 쓸 수 있다.,,ncic_2022_eng_level_781
29792,[10기영1-02-05],achievement_level,E,주어진 서식에 맞게 주어진 어휘와 언어 형식을 활용하여 제한적으로 말하거나 쓸 수 있다.,,ncic_2022_eng_level_781
29793,[10기영1-02-08],achievement_level,A,의사소통 활동에 흥미와 자신감을 가지고 능동적으로 참여하는 태도를 적극적으로 보인다.,,ncic_2022_eng_level_781
29794,[10기영1-02-08],achievement_level,C,의사소통 활동에 흥미와 자신감을 가지고 능동적으로 참여하는 태도를 비교적 적극적으로 보인다.,,ncic_2022_eng_level_781
29795,[10기영1-02-08],achievement_level,E,의사소통 활동에 흥미와 자신감을 가지고 능동적으로 참여하려고 노력하는 태도를 보인다. 평가 과제 자신이 경험한 여행의 기행문 쓰기,,ncic_2022_eng_level_781
29796,[10기영2-01-01],achievement_level,A,다양한 유형의 길고 복잡한 말이나 글에서 사실 정보와 맥락 정보를 활용하여 세부 정보를 정확하게 파악할 수 있다.,,ncic_2022_eng_level_781
29797,[10기영2-01-01],achievement_level,B,다양한 유형의 길고 복잡한 말이나 글에서 사실 정보와 맥락 정보를 활용하여 세부 정보를 비교적 정확하게 파악할 수 있다.,,ncic_2022_eng_level_781
29798,[10기영2-01-01],achievement_level,C,다양한 유형의 말이나 글에서 사실 정보를 활용하여 세부 정보를 대략적으로 파악할 수 있다.,,ncic_2022_eng_level_781
29799,[10기영2-01-01],achievement_level,D,다양한 유형의 말이나 글에서 사실 정보를 활용하여 세부 정보를 부분적으로 파악할 수 있다.,,ncic_2022_eng_level_781
29800,[10기영2-01-01],achievement_level,E,다양한 유형의 짧고 간단한 말이나 글에서 단순한 사실 정보를 활용하여 세부 정보를 제한적으로 파악할 수 있다.,,ncic_2022_eng_level_781
29806,[10기영2-01-03],achievement_level,A,다양한 유형의 길고 복잡한 말이나 글에서 사실 정보와 맥락 정보를 활용하여 화자나 필자 또는 인물의 의도 및 목적을 근거를 찾아 정확하게 파악할 수 있다.,,ncic_2022_eng_level_781
29807,[10기영2-01-03],achievement_level,B,다양한 유형의 길고 복잡한 말이나 글에서 사실 정보와 맥락 정보를 활용하여 화자나 필자 또는 인물의 의도 및 목적을 근거를 찾아 비교적 정확하게 파악할 수 있다.,,ncic_2022_eng_level_781
29808,[10기영2-01-03],achievement_level,C,다양한 유형의 말이나 글에서 사실 정보를 활용하여 화자나 필자 또는 인물의 의도 및 목적을 근거를 찾아 대략적으로 파악할 수 있다.,,ncic_2022_eng_level_781
29809,[10기영2-01-03],achievement_level,D,다양한 유형의 말이나 글에서 사실 정보를 활용하여 화자나 필자 또는 인물의 의도 및 목적을 근거를 찾아 부분적으로 파악할 수 있다.,,ncic_2022_eng_level_781
29810,[10기영2-01-03],achievement_level,E,다양한 유형의 짧고 간단한 말이나 글에서 단순한 사실 정보를 활용하여 화자나 필자 또는 인물의 의도 및 목적을 근거를 찾아 제한적으로 파악할 수 있다.,,ncic_2022_eng_level_781
29816,[10기영2-01-05],achievement_level,A,다양한 유형의 길고 복잡한 말이나 글에서 사실 정보와 맥락 정보를 활용하여 일이나 사건의 절차나 순서를 정확하게 파악할 수 있다.,,ncic_2022_eng_level_781
29817,[10기영2-01-05],achievement_level,B,다양한 유형의 길고 복잡한 말이나 글에서 사실 정보와 맥락 정보를 활용하여 일이나 사건의 절차나 순서를 비교적 정확하게 파악할 수 있다.,,ncic_2022_eng_level_781
29818,[10기영2-01-05],achievement_level,C,다양한 유형의 말이나 글에서 사실 정보를 활용하여 일이나 사건의 절차나 순서를 대략적으로 파악할 수 있다.,,ncic_2022_eng_level_781
29819,[10기영2-01-05],achievement_level,D,다양한 유형의 말이나 글에서 사실 정보를 활용하여 일이나 사건의 절차나 순서를 부분적으로 파악할 수 있다.,,ncic_2022_eng_level_781
29820,[10기영2-01-05],achievement_level,E,다양한 유형의 짧고 간단한 말이나 글에서 단순한 사실 정보를 활용하여 일이나 사건의 절차나 순서를 제한적으로 파악할 수 있다.,,ncic_2022_eng_level_781
29821,[10기영2-01-06],achievement_level,A,다양한 유형의 길고 복잡한 말이나 글에서 사실 정보와 맥락 정보를 활용하여 내용의 전개 구조 및 논리적 관계를 정확하게 파악할 수 있다.,,ncic_2022_eng_level_781
29822,[10기영2-01-06],achievement_level,B,다양한 유형의 길고 복잡한 말이나 글에서 사실 정보와 맥락 정보를 활용하여 내용의 전개 구조 및 논리적 관계를 비교적 정확하게 파악할 수 있다.,,ncic_2022_eng_level_781
29823,[10기영2-01-06],achievement_level,C,다양한 유형의 말이나 글에서 사실 정보를 활용하여 내용의 전개 구조 및 논리적 관계를 대략적으로 파악할 수 있다.,,ncic_2022_eng_level_781
29824,[10기영2-01-06],achievement_level,D,다양한 유형의 말이나 글에서 사실 정보를 활용하여 내용의 전개 구조 및 논리적 관계를 부분적으로 파악할 수 있다.,,ncic_2022_eng_level_781
29825,[10기영2-01-06],achievement_level,E,다양한 유형의 짧고 간단한 말이나 글에서 단순한 사실 정보를 활용하여 내용의 전개 구조 및 논리적 관계를 제한적으로 파악할 수 있다.,,ncic_2022_eng_level_781
29826,[10기영2-01-07],achievement_level,A,말이나 글을 듣거나 읽을 때 적절한 전략을 다양하게 적용하고 성찰할 수 있다.,,ncic_2022_eng_level_781
29827,[10기영2-01-07],achievement_level,B,말이나 글을 듣거나 읽을 때 적절한 전략을 비교적 다양하게 적용하고 성찰할 수 있다.,,ncic_2022_eng_level_781
29828,[10기영2-01-07],achievement_level,C,말이나 글을 듣거나 읽을 때 적절한 전략을 대략적으로 적용하고 성찰할 수 있다.,,ncic_2022_eng_level_781
29829,[10기영2-01-07],achievement_level,D,말이나 글을 듣거나 읽을 때 적절한 전략을 부분적으로 적용하고 성찰할 수 있다.,,ncic_2022_eng_level_781
29830,[10기영2-01-07],achievement_level,E,말이나 글을 듣거나 읽을 때 적절한 전략을 제한적으로 적용하고 성찰할 수 있다.,,ncic_2022_eng_level_781
29831,[10기영2-01-08],achievement_level,A,다양한 매체로 듣거나 읽으며 학습 동기를 형성하려는 태도를 적극적으로 보인다.,,ncic_2022_eng_level_781
29832,[10기영2-01-08],achievement_level,C,다양한 매체로 듣거나 읽으며 학습 동기를 형성하려는 태도를 비교적 적극적으로 보인다.,,ncic_2022_eng_level_781
29833,[10기영2-01-08],achievement_level,E,다양한 매체로 듣거나 읽으며 학습 동기를 형성하려고 노력하는 태도를 보인다. (2) 표현 영역 성취기준,,ncic_2022_eng_level_781
29864,[10기영2-02-07],achievement_level,A,적절한 말하기 또는 쓰기 전략을 다양하게 적용하고 성찰할 수 있다.,,ncic_2022_eng_level_781
29865,[10기영2-02-07],achievement_level,B,적절한 말하기 또는 쓰기 전략을 비교적 다양하게 적용하고 성찰할 수 있다.,,ncic_2022_eng_level_781
29866,[10기영2-02-07],achievement_level,C,적절한 말하기 또는 쓰기 전략을 대략적으로 적용하고 성찰할 수 있다.,,ncic_2022_eng_level_781
29867,[10기영2-02-07],achievement_level,D,적절한 말하기 또는 쓰기 전략을 부분적으로 적용하고 성찰할 수 있다.,,ncic_2022_eng_level_781
29868,[10기영2-02-07],achievement_level,E,적절한 말하기 또는 쓰기 전략을 제한적으로 적용하고 성찰할 수 있다.,,ncic_2022_eng_level_781
29872,[10기영2-01-04],achievement_level,A,다양한 유형의 길고 복잡한 말이나 글에서 사실 정보와 맥락 정보를 활용하여 화자나 필자 또는 인물의 심정이나 태도를 근거를 찾아 정확하게 파악할 수 있다.,,ncic_2022_eng_level_781
29873,[10기영2-01-04],achievement_level,B,다양한 유형의 길고 복잡한 말이나 글에서 사실 정보와 맥락 정보를 활용하여 화자나 필자 또는 인물의 심정이나 태도를 근거를 찾아 비교적 정확하게 파악할 수 있다.,,ncic_2022_eng_level_781
29874,[10기영2-01-04],achievement_level,C,다양한 유형의 말이나 글에서 사실 정보를 활용하여 화자나 필자 또는 인물의 심정이나 태도를 근거를 찾아 대략적으로 파악할 수 있다.,,ncic_2022_eng_level_781
29875,[10기영2-01-04],achievement_level,D,다양한 유형의 말이나 글에서 사실 정보를 활용하여 화자나 필자 또는 인물의 심정이나 태도를 근거를 찾아 부분적으로 파악할 수 있다.,,ncic_2022_eng_level_781
29876,[10기영2-01-04],achievement_level,E,다양한 유형의 짧고 간단한 말이나 글에서 단순한 사실 정보를 활용하여 화자나 필자 또는 인물의 심정이나 태도를 근거를 찾아 제한적으로 파악할 수 있다.,,ncic_2022_eng_level_781
29877,[10기영2-01-02],achievement_level,A,다양한 유형의 길고 복잡한 말이나 글에서 사실 정보와 맥락 정보를 활용하여 주제나 요지를 정확하게 파악할 수 있다.,,ncic_2022_eng_level_781
29878,[10기영2-01-02],achievement_level,B,다양한 유형의 길고 복잡한 말이나 글에서 사실 정보와 맥락 정보를 활용하여 주제나 요지를 비교적 정확하게 파악할 수 있다.,,ncic_2022_eng_level_781
29879,[10기영2-01-02],achievement_level,C,다양한 유형의 말이나 글에서 사실 정보를 활용하여 주제나 요지를 대략적으로 파악할 수 있다.,,ncic_2022_eng_level_781
29880,[10기영2-01-02],achievement_level,D,다양한 유형의 말이나 글에서 사실 정보를 활용하여 주제나 요지를 부분적으로 파악할 수 있다.,,ncic_2022_eng_level_781
29881,[10기영2-01-02],achievement_level,E,다양한 유형의 짧고 간단한 말이나 글에서 단순한 사실 정보를 활용하여 주제나 요지를 제한적으로 파악할 수 있다.,,ncic_2022_eng_level_781
29922,[10기영2-02-02],achievement_level,A,경험이나 사건을 다양하고 적절한 어휘와 언어 형식을 활용하여 정확하게 묘사할 수 있다.,,ncic_2022_eng_level_781
29923,[10기영2-02-02],achievement_level,B,경험이나 사건을 다양하고 적절한 어휘와 언어 형식을 활용하여 비교적 정확하게 묘사할 수 있다.,,ncic_2022_eng_level_781
29924,[10기영2-02-02],achievement_level,C,경험이나 사건을 적절한 어휘와 언어 형식을 활용하여 대략적으로 묘사할 수 있다.,,ncic_2022_eng_level_781
29925,[10기영2-02-02],achievement_level,D,경험이나 사건을 적절한 어휘와 언어 형식을 활용하여 부분적으로 묘사할 수 있다.,,ncic_2022_eng_level_781
29926,[10기영2-02-02],achievement_level,E,경험이나 사건을 주어진 어휘와 언어 형식을 활용하여 제한적으로 묘사할 수 있다.,,ncic_2022_eng_level_781
29932,[10기영2-02-05],achievement_level,A,주어진 서식을 활용하여 다양하고 적절한 어휘와 언어 형식을 활용하여 정확하게 말하거나 쓸 수 있다.,,ncic_2022_eng_level_781
29933,[10기영2-02-05],achievement_level,B,주어진 서식을 활용하여 다양하고 적절한 어휘와 언어 형식을 활용하여 비교적 정확하게 말하거나 쓸 수 있다.,,ncic_2022_eng_level_781
29934,[10기영2-02-05],achievement_level,C,주어진 서식을 활용하여 적절한 어휘와 언어 형식을 활용하여 대략적으로 말하거나 쓸 수 있다.,,ncic_2022_eng_level_781
29935,[10기영2-02-05],achievement_level,D,주어진 서식을 활용하여 적절한 어휘와 언어 형식을 활용하여 부분적으로 말하거나 쓸 수 있다.,,ncic_2022_eng_level_781
29936,[10기영2-02-05],achievement_level,E,주어진 서식을 활용하여 주어진 어휘와 언어 형식을 활용하여 제한적으로 말하거나 쓸 수 있다.,,ncic_2022_eng_level_781
29937,[10기영2-02-06],achievement_level,A,말이나 글의 목적에 맞게 내용이나 표현을 점검하여 다양하고 적절한 어휘와 언어 형식을 활용하여 정확하게 고쳐 쓸 수 있다.,,ncic_2022_eng_level_781
29938,[10기영2-02-06],achievement_level,B,말이나 글의 목적에 맞게 내용이나 표현을 점검하여 다양하고 적절한 어휘와 언어 형식을 활용하여 비교적 정확하게 고쳐 쓸 수 있다.,,ncic_2022_eng_level_781
29939,[10기영2-02-06],achievement_level,C,말이나 글의 목적에 맞게 내용이나 표현을 점검하여 적절한 어휘와 언어 형식을 활용하여 대략적으로 고쳐 쓸 수 있다.,,ncic_2022_eng_level_781
29940,[10기영2-02-06],achievement_level,D,말이나 글의 목적에 맞게 내용이나 표현을 점검하여 적절한 어휘와 언어 형식을 활용하여 부분적으로 고쳐 쓸 수 있다.,,ncic_2022_eng_level_781
29941,[10기영2-02-06],achievement_level,E,말이나 글의 목적에 맞게 내용이나 표현을 점검하여 주어진 어휘와 언어 형식을 활용하여 제한적으로 고쳐 쓸 수 있다. 평가 과제 미래의 자신의 모습에 대해 가상의 SNS 게시글 쓰기,,ncic_2022_eng_level_781
29942,[10기영2-02-01],achievement_level,A,"실물, 그림, 사진, 도표 등에 포함된 사실적 정보를 다양하고 적절한 어휘와 언어 형식을 활용하여 정확하게 설명할 수 있다.",,ncic_2022_eng_level_781
29943,[10기영2-02-01],achievement_level,B,"실물, 그림, 사진, 도표 등에 포함된 사실적 정보를 다양하고 적절한 어휘와 언어 형식을 활용하여 비교적 정확하게 설명할 수 있다.",,ncic_2022_eng_level_781
29944,[10기영2-02-01],achievement_level,C,"실물, 그림, 사진, 도표 등에 포함된 사실적 정보를 적절한 어휘와 언어 형식을 활용하여 대략적으로 설명할 수 있다.",,ncic_2022_eng_level_781
29945,[10기영2-02-01],achievement_level,D,"실물, 그림, 사진, 도표 등에 포함된 사실적 정보를 적절한 어휘와 언어 형식을 활용하여 부분적으로 설명할 수 있다.",,ncic_2022_eng_level_781
29946,[10기영2-02-01],achievement_level,E,"실물, 그림, 사진, 도표 등에 포함된 사실적 정보를 주어진 어휘와 언어 형식을 활용하여 제한적으로 설명할 수 있다.",,ncic_2022_eng_level_781
29955,[10기영2-02-03],achievement_level,A,자신의 의견이나 감정을 다양하고 적절한 어휘와 언어 형식을 활용하여 근거를 들어 명확하게 표현할 수 있다.,,ncic_2022_eng_level_781
29956,[10기영2-02-03],achievement_level,B,자신의 의견이나 감정을 다양하고 적절한 어휘와 언어 형식을 활용하여 근거를 들어 비교적 명확하게 표현할 수 있다.,,ncic_2022_eng_level_781
29957,[10기영2-02-03],achievement_level,C,자신의 의견이나 감정을 적절한 어휘와 언어 형식을 활용하여 근거를 들어 대략적으로 표현할 수 있다.,,ncic_2022_eng_level_781
29958,[10기영2-02-03],achievement_level,D,자신의 의견이나 감정을 적절한 어휘와 언어 형식을 활용하여 근거를 들어 부분적으로 표현할 수 있다.,,ncic_2022_eng_level_781
29959,[10기영2-02-03],achievement_level,E,자신의 의견이나 감정을 주어진 어휘와 언어 형식을 활용하여 근거를 들어 제한적으로 표현할 수 있다.,,ncic_2022_eng_level_781
29960,[10기영2-02-04],achievement_level,A,말하거나 쓰는 목적에 적합한 매체를 활용하여 다양하고 적절한 어휘와 언어 형식으로 정보를 정확하게 전달할 수 있다.,,ncic_2022_eng_level_781
29961,[10기영2-02-04],achievement_level,B,말하거나 쓰는 목적에 적합한 매체를 활용하여 다양하고 적절한 어휘와 언어 형식으로 정보를 비교적 정확하게 전달할 수 있다.,,ncic_2022_eng_level_781
29962,[10기영2-02-04],achievement_level,C,말하거나 쓰는 목적에 적합한 매체를 활용하여 적절한 어휘와 언어 형식으로 정보를 대략적으로 전달할 수 있다.,,ncic_2022_eng_level_781
29963,[10기영2-02-04],achievement_level,D,말하거나 쓰는 목적에 적합한 매체를 활용하여 적절한 어휘와 언어 형식으로 정보를 부분적으로 전달할 수 있다.,,ncic_2022_eng_level_781
29964,[10기영2-02-04],achievement_level,E,말하거나 쓰는 목적에 적합한 매체를 활용하여 주어진 어휘와 언어 형식으로 정보를 제한적으로 전달할 수 있다.,,ncic_2022_eng_level_781
29965,[10기영2-02-08],achievement_level,A,의사소통 활동에 흥미와 자신감을 가지고 능동적으로 참여하는 태도를 적극적으로 보인다.,,ncic_2022_eng_level_781
29966,[10기영2-02-08],achievement_level,C,의사소통 활동에 흥미와 자신감을 가지고 능동적으로 참여하는 태도를 비교적 적극적으로 보인다.,,ncic_2022_eng_level_781
29967,[10기영2-02-08],achievement_level,E,의사소통 활동에 흥미와 자신감을 가지고 능동적으로 참여하려고 노력하는 태도를 보인다. 평가 과제 학급의 class song 만들기,,ncic_2022_eng_level_781
29968,[22-9영01-01],achievement_level,B,"단어, 어구, 문장을 듣고 연음이나 축약된 소리를 정확하게 식별할 수 있다.",,ncic_2022_eng_level_771
29969,[22-9영01-01],achievement_level,D,"단어, 어구, 문장을 듣고 연음이나 축약된 소리를 대략적으로 식별할 수 있다.",,ncic_2022_eng_level_771
29970,[22-9영01-01],achievement_level,E,"단어, 어구, 문장을 듣고 연음이나 축약된 소리를 제한적으로 식별할 수 있다.",,ncic_2022_eng_level_771
29971,[22-9영01-02],achievement_level,A,친숙한 주제에 관한 다양한 유형의 길고 복잡한 담화나 글에서 사실 정보와 맥락 정보를 활용하여 세부 정보를 정확하게 파악할 수 있다.,,ncic_2022_eng_level_771
29972,[22-9영01-02],achievement_level,B,친숙한 주제에 관한 다양한 유형의 길고 복잡한 담화나 글에서 사실 정보와 맥락 정보를 활용하여 세부 정보를 비교적 정확하게 파악할 수 있다.,,ncic_2022_eng_level_771
29973,[22-9영01-02],achievement_level,C,친숙한 주제에 관한 다양한 유형의 담화나 글에서 사실 정보를 활용하여 세부 정보를 대략적으로 파악할 수 있다.,,ncic_2022_eng_level_771
29974,[22-9영01-02],achievement_level,D,친숙한 주제에 관한 다양한 유형의 담화나 글에서 사실 정보를 활용하여 세부 정보를 부분적으로 파악할 수 있다.,,ncic_2022_eng_level_771
29975,[22-9영01-02],achievement_level,E,친숙한 주제에 관한 다양한 유형의 짧고 간단한 담화나 글에서 단순한 사실 정보를 활용하여 세부 정보를 제한적으로 파악할 수 있다.,,ncic_2022_eng_level_771
29976,[22-9영01-03],achievement_level,A,"친숙한 주제에 관한 다양한 유형의 길고 복잡한 담화나 글에서 사실 정보와 맥락 정보를 활용하여 줄거리, 주제, 요지 등의 중심 내용을 정확하게 파악할 수 있다.",,ncic_2022_eng_level_771
29977,[22-9영01-03],achievement_level,B,"친숙한 주제에 관한 다양한 유형의 길고 복잡한 담화나 글에서 사실 정보와 맥락 정보를 활용하여 줄거리, 주제, 요지 등의 중심 내용을 비교적 정확하게 파악할 수 있다.",,ncic_2022_eng_level_771
29978,[22-9영01-03],achievement_level,C,"친숙한 주제에 관한 다양한 유형의 담화나 글에서 사실 정보를 활용하여 줄거리, 주제, 요지 등의 중심 내용을 대략적으로 파악할 수 있다.",,ncic_2022_eng_level_771
29979,[22-9영01-03],achievement_level,D,"친숙한 주제에 관한 다양한 유형의 담화나 글에서 사실 정보를 활용하여 줄거리, 주제, 요지 등의 중심 내용을 부분적으로 파악할 수 있다.",,ncic_2022_eng_level_771
29980,[22-9영01-03],achievement_level,E,"친숙한 주제에 관한 다양한 유형의 짧고 간단한 담화나 글에서 단순한 사실 정보를 활용하여 줄거리, 주제, 요지 등의 중심 내용을 제한적으로 파악할 수 있다.",,ncic_2022_eng_level_771
29981,[22-9영01-04],achievement_level,A,"친숙한 주제에 관한 다양한 유형의 길고 복잡한 담화나 글에서 사실 정보와 맥락 정보를 활용하여 일이나 사건의 순서, 전후 관계, 원인과 결과 등의 논리적 관계를 정확하게 파악할 수 있다.",,ncic_2022_eng_level_771
29982,[22-9영01-04],achievement_level,B,"친숙한 주제에 관한 다양한 유형의 길고 복잡한 담화나 글에서 사실 정보와 맥락 정보를 활용하여 일이나 사건의 순서, 전후 관계, 원인과 결과 등의 논리적 관계를 비교적 정확하게 파악할 수 있다.",,ncic_2022_eng_level_771
29983,[22-9영01-04],achievement_level,C,"친숙한 주제에 관한 다양한 유형의 담화나 글에서 사실 정보를 활용하여 일이나 사건의 순서, 전후 관계, 원인과 결과 등의 논리적 관계를 대략적으로 파악할 수 있다.",,ncic_2022_eng_level_771
29984,[22-9영01-04],achievement_level,D,"친숙한 주제에 관한 다양한 유형의 담화나 글에서 사실 정보를 활용하여 일이나 사건의 순서, 전후 관계, 원인과 결과 등의 논리적 관계를 부분적으로 파악할 수 있다.",,ncic_2022_eng_level_771
29985,[22-9영01-04],achievement_level,E,"친숙한 주제에 관한 다양한 유형의 짧고 간단한 담화나 글에서 단순한 사실 정보를 활용하여 일이나 사건의 순서, 전후 관계, 원인과 결과 등의 논리적 관계를 제한적으로 파악할 수 있다.",,ncic_2022_eng_level_771
29986,[22-9영01-05],achievement_level,A,친숙한 주제에 관한 다양한 유형의 길고 복잡한 담화나 글에서 사실 정보와 맥락 정보를 활용하여 인물의 기분이나 감정을 정확하게 추론할 수 있다.,,ncic_2022_eng_level_771
29987,[22-9영01-05],achievement_level,B,친숙한 주제에 관한 다양한 유형의 길고 복잡한 담화나 글에서 사실 정보와 맥락 정보를 활용하여 인물의 기분이나 감정을 비교적 정확하게 추론할 수 있다.,,ncic_2022_eng_level_771
29988,[22-9영01-05],achievement_level,C,친숙한 주제에 관한 다양한 유형의 담화나 글에서 사실 정보를 활용하여 인물의 기분이나 감정을 대략적으로 추론할 수 있다.,,ncic_2022_eng_level_771
29989,[22-9영01-05],achievement_level,D,친숙한 주제에 관한 다양한 유형의 담화나 글에서 사실 정보를 활용하여 인물의 기분이나 감정을 부분적으로 추론할 수 있다.,,ncic_2022_eng_level_771
29990,[22-9영01-05],achievement_level,E,친숙한 주제에 관한 다양한 유형의 짧고 간단한 담화나 글에서 단순한 사실 정보를 활용하여 인물의 기분이나 감정을 제한적으로 추론할 수 있다.,,ncic_2022_eng_level_771
29996,[22-9영01-07],achievement_level,A,"사실 정보와 맥락 정보를 활용하여 단어, 어구, 문장의 함축적 의미를 정확하게 추론할 수 있다.",,ncic_2022_eng_level_771
29997,[22-9영01-07],achievement_level,B,"사실 정보와 맥락 정보를 활용하여 단어, 어구, 문장의 함축적 의미를 비교적 정확하게 추론할 수 있다.",,ncic_2022_eng_level_771
29998,[22-9영01-07],achievement_level,C,"사실 정보를 활용하여 단어, 어구, 문장의 함축적 의미를 대략적으로 추론할 수 있다.",,ncic_2022_eng_level_771
29999,[22-9영01-07],achievement_level,D,"사실 정보를 활용하여 단어, 어구, 문장의 함축적 의미를 부분적으로 추론할 수 있다.",,ncic_2022_eng_level_771
30000,[22-9영01-07],achievement_level,E,"단순한 사실 정보를 활용하여 단어, 어구, 문장의 함축적 의미를 제한적으로 추론할 수 있다.",,ncic_2022_eng_level_771
30001,[22-9영01-08],achievement_level,B,다양한 매체로 표현된 친숙한 주제에 관한 담화나 글을 듣거나 읽을 때 적절한 전략을 다양하게 활용할 수 있다.,,ncic_2022_eng_level_771
30002,[22-9영01-08],achievement_level,D,다양한 매체로 표현된 친숙한 주제에 관한 담화나 글을 듣거나 읽을 때 적절한 전략을 일부 활용할 수 있다.,,ncic_2022_eng_level_771
30003,[22-9영01-08],achievement_level,E,다양한 매체로 표현된 친숙한 주제에 관한 담화나 글을 듣거나 읽을 때 예시를 참고하여 적절한 전략을 일부 활용할 수 있다.,,ncic_2022_eng_level_771
30004,[22-9영01-09],achievement_level,B,친숙한 주제에 관한 담화나 글을 듣거나 읽을 때 다양한 의견과 관점을 존중하는 태도를 적극적으로 보인다.,,ncic_2022_eng_level_771
30005,[22-9영01-09],achievement_level,D,친숙한 주제에 관한 담화나 글을 듣거나 읽을 때 다양한 의견과 관점을 존중하는 태도를 비교적 적극적으로 보인다.,,ncic_2022_eng_level_771
30006,[22-9영01-09],achievement_level,E,친숙한 주제에 관한 담화나 글을 듣거나 읽을 때 다양한 의견과 관점을 존중하는 태도를 보이려고 노력한다.,,ncic_2022_eng_level_771
30007,[22-9영01-10],achievement_level,B,자신의 관심 분야와 관련된 다양한 담화나 글을 주도적으로 선택하여 적극적으로 듣거나 읽을 수 있다.,,ncic_2022_eng_level_771
30008,[22-9영01-10],achievement_level,D,자신의 관심 분야와 관련된 다양한 담화나 글을 선택하여 비교적 적극적으로 듣거나 읽을 수 있다.,,ncic_2022_eng_level_771
30009,[22-9영01-10],achievement_level,E,자신의 관심 분야와 관련하여 주어진 담화나 글에서 선택하여 다소 적극적으로 듣거나 읽을 수 있다. (2) 표현 성취기준,,ncic_2022_eng_level_771
30010,[22-9영02-01],achievement_level,B,"연음이나 축약된 소리를 정확하게 활용하여 단어, 어구, 문장을 말할 수 있다.",,ncic_2022_eng_level_771
30011,[22-9영02-01],achievement_level,D,"연음이나 축약된 소리를 대략적으로 활용하여 단어, 어구, 문장을 말할 수 있다.",,ncic_2022_eng_level_771
30012,[22-9영02-01],achievement_level,E,"연음이나 축약된 소리를 제한적으로 활용하여 단어, 어구, 문장을 말할 수 있다.",,ncic_2022_eng_level_771
30013,[22-9영02-02],achievement_level,A,대상이나 인물의 감정을 다양하고 적절한 어휘와 언어 형식을 활용하여 정확하게 묘사할 수 있다.,,ncic_2022_eng_level_771
30014,[22-9영02-02],achievement_level,B,대상이나 인물의 감정을 다양하고 적절한 어휘와 언어 형식을 활용하여 비교적 정확하게 묘사할 수 있다.,,ncic_2022_eng_level_771
30015,[22-9영02-02],achievement_level,C,대상이나 인물의 감정을 적절한 어휘와 언어 형식을 활용하여 대략적으로 묘사할 수 있다.,,ncic_2022_eng_level_771
30016,[22-9영02-02],achievement_level,D,대상이나 인물의 감정을 적절한 어휘와 언어 형식을 활용하여 부분적으로 묘사할 수 있다.,,ncic_2022_eng_level_771
30017,[22-9영02-02],achievement_level,E,대상이나 인물의 감정을 주어진 어휘와 언어 형식을 활용하여 제한적으로 묘사할 수 있다.,,ncic_2022_eng_level_771
30028,[22-9영02-05],achievement_level,A,"친숙한 주제에 관해 일이나 사건의 순서, 전후 관계, 원인과 결과 등의 논리적 관계를 다양하고 적절한 어휘와 언어 형식을 활용하여 정확하게 설명할 수 있다.",,ncic_2022_eng_level_771
30029,[22-9영02-05],achievement_level,B,"친숙한 주제에 관해 일이나 사건의 순서, 전후 관계, 원인과 결과 등의 논리적 관계를 다양하고 적절한 어휘와 언어 형식을 활용하여 비교적 정확하게 설명할 수 있다.",,ncic_2022_eng_level_771
30030,[22-9영02-05],achievement_level,C,"친숙한 주제에 관해 일이나 사건의 순서, 전후 관계, 원인과 결과 등의 논리적 관계를 적절한 어휘와 언어 형식을 활용하여 대략적으로 설명할 수 있다.",,ncic_2022_eng_level_771
30031,[22-9영02-05],achievement_level,D,"친숙한 주제에 관해 일이나 사건의 순서, 전후 관계, 원인과 결과 등의 논리적 관계를 적절한 어휘와 언어 형식을 활용하여 부분적으로 설명할 수 있다.",,ncic_2022_eng_level_771
30032,[22-9영02-05],achievement_level,E,"친숙한 주제에 관해 일이나 사건의 순서, 전후 관계, 원인과 결과 등의 논리적 관계를 주어진 어휘와 언어 형식을 활용하여 제한적으로 설명할 수 있다.",,ncic_2022_eng_level_771
30033,[22-9영02-06],achievement_level,A,친숙한 주제에 관해 다양하고 적절한 어휘와 언어 형식을 활용하여 자신의 의견을 명확하게 주장할 수 있다.,,ncic_2022_eng_level_771
30034,[22-9영02-06],achievement_level,B,친숙한 주제에 관해 다양하고 적절한 어휘와 언어 형식을 활용하여 자신의 의견을 비교적 명확하게 주장할 수 있다.,,ncic_2022_eng_level_771
30035,[22-9영02-06],achievement_level,C,친숙한 주제에 관해 적절한 어휘와 언어 형식을 활용하여 자신의 의견을 대략적으로 주장할 수 있다.,,ncic_2022_eng_level_771
30036,[22-9영02-06],achievement_level,D,친숙한 주제에 관해 적절한 어휘와 언어 형식을 활용하여 자신의 의견을 부분적으로 주장할 수 있다.,,ncic_2022_eng_level_771
30037,[22-9영02-06],achievement_level,E,친숙한 주제에 관해 주어진 어휘와 언어 형식을 활용하여 자신의 의견을 제한적으로 주장할 수 있다.,,ncic_2022_eng_level_771
30043,[22-9영02-08],achievement_level,A,"간단한 일기, 편지, 이메일 등의 글을 다양하고 적절한 어휘와 언어 형식을 활용하여 정확하게 쓸 수 있다.",,ncic_2022_eng_level_771
30044,[22-9영02-08],achievement_level,B,"간단한 일기, 편지, 이메일 등의 글을 다양하고 적절한 어휘와 언어 형식을 활용하여 비교적 정확하게 쓸 수 있다.",,ncic_2022_eng_level_771
30045,[22-9영02-08],achievement_level,C,"간단한 일기, 편지, 이메일 등의 글을 적절한 어휘와 언어 형식을 활용하여 대략적으로 쓸 수 있다.",,ncic_2022_eng_level_771
30046,[22-9영02-08],achievement_level,D,"간단한 일기, 편지, 이메일 등의 글을 적절한 어휘와 언어 형식을 활용하여 부분적으로 쓸 수 있다.",,ncic_2022_eng_level_771
30047,[22-9영02-08],achievement_level,E,"간단한 일기, 편지, 이메일 등의 글을 주어진 어휘와 언어 형식을 활용하여 제한적으로 쓸 수 있다.",,ncic_2022_eng_level_771
30051,[22-9영02-10],achievement_level,B,적절한 전략을 다양하게 활용하여 의사소통 상황이나 목적에 맞게 말하거나 쓸 수 있다.,,ncic_2022_eng_level_771
30052,[22-9영02-10],achievement_level,D,적절한 전략을 일부 활용하여 의사소통 상황이나 목적에 맞게 말하거나 쓸 수 있다.,,ncic_2022_eng_level_771
30053,[22-9영02-10],achievement_level,E,예시를 참고하여 적절한 전략을 일부 활용하여 의사소통 상황이나 목적에 맞게 말하거나 쓸 수 있다.,,ncic_2022_eng_level_771
30062,[22-9영01-06],achievement_level,A,친숙한 주제에 관한 다양한 유형의 길고 복잡한 담화나 글에서 사실 정보와 맥락 정보를 활용하여 화자나 필자의 의도나 목적을 정확하게 추론할 수 있다.,,ncic_2022_eng_level_771
30063,[22-9영01-06],achievement_level,B,친숙한 주제에 관한 다양한 유형의 길고 복잡한 담화나 글에서 사실 정보와 맥락 정보를 활용하여 화자나 필자의 의도나 목적을 비교적 정확하게 추론할 수 있다.,,ncic_2022_eng_level_771
30064,[22-9영01-06],achievement_level,C,친숙한 주제에 관한 다양한 유형의 담화나 글에서 사실 정보를 활용하여 화자나 필자의 의도나 목적을 대략적으로 추론할 수 있다.,,ncic_2022_eng_level_771
30065,[22-9영01-06],achievement_level,D,친숙한 주제에 관한 다양한 유형의 담화나 글에서 사실 정보를 활용하여 화자나 필자의 의도나 목적을 부분적으로 추론할 수 있다.,,ncic_2022_eng_level_771
30066,[22-9영01-06],achievement_level,E,친숙한 주제에 관한 다양한 유형의 짧고 간단한 담화나 글에서 단순한 사실 정보를 활용하여 화자나 필자의 의도나 목적을 제한적으로 추론할 수 있다.,,ncic_2022_eng_level_771
30067,[22-9영02-07],achievement_level,A,친숙한 주제에 관해 듣거나 읽고 다양하고 적절한 어휘와 언어 형식을 활용하여 정확하게 내용을 요약할 수 있다.,,ncic_2022_eng_level_771
30068,[22-9영02-07],achievement_level,B,친숙한 주제에 관해 듣거나 읽고 다양하고 적절한 어휘와 언어 형식을 활용하여 비교적 정확하게 내용을 요약할 수 있다.,,ncic_2022_eng_level_771
30069,[22-9영02-07],achievement_level,C,친숙한 주제에 관해 듣거나 읽고 적절한 어휘와 언어 형식을 활용하여 대략적으로 내용을 요약할 수 있다.,,ncic_2022_eng_level_771
30070,[22-9영02-07],achievement_level,D,친숙한 주제에 관해 듣거나 읽고 적절한 어휘와 언어 형식을 활용하여 부분적으로 내용을 요약할 수 있다.,,ncic_2022_eng_level_771
30071,[22-9영02-07],achievement_level,E,친숙한 주제에 관해 듣거나 읽고 주어진 어휘와 언어 형식을 활용하여 제한적으로 내용을 요약할 수 있다.,,ncic_2022_eng_level_771
30072,[22-9영02-04],achievement_level,A,친숙한 주제에 관해 경험이나 계획을 다양하고 적절한 어휘와 언어 형식을 활용하여 정확하게 설명할 수 있다.,,ncic_2022_eng_level_771
30073,[22-9영02-04],achievement_level,B,친숙한 주제에 관해 경험이나 계획을 다양하고 적절한 어휘와 언어 형식을 활용하여 비교적 정확하게 설명할 수 있다.,,ncic_2022_eng_level_771
30074,[22-9영02-04],achievement_level,C,친숙한 주제에 관해 경험이나 계획을 적절한 어휘와 언어 형식을 활용하여 대략적으로 설명할 수 있다.,,ncic_2022_eng_level_771
30075,[22-9영02-04],achievement_level,D,친숙한 주제에 관해 경험이나 계획을 적절한 어휘와 언어 형식을 활용하여 부분적으로 설명할 수 있다.,,ncic_2022_eng_level_771
30076,[22-9영02-04],achievement_level,E,친숙한 주제에 관해 경험이나 계획을 주어진 어휘와 언어 형식을 활용하여 제한적으로 설명할 수 있다. 평가 과제 자신의 여가 활동에 대해 설명하기,,ncic_2022_eng_level_771
30077,[22-9영02-03],achievement_level,A,친숙한 주제에 관해 사실적 정보를 다양하고 적절한 어휘와 언어 형식을 활용하여 정확하게 설명할 수 있다.,,ncic_2022_eng_level_771
30078,[22-9영02-03],achievement_level,B,친숙한 주제에 관해 사실적 정보를 다양하고 적절한 어휘와 언어 형식을 활용하여 비교적 정확하게 설명할 수 있다.,,ncic_2022_eng_level_771
30079,[22-9영02-03],achievement_level,C,친숙한 주제에 관해 사실적 정보를 적절한 어휘와 언어 형식을 활용하여 대략적으로 설명할 수 있다.,,ncic_2022_eng_level_771
30080,[22-9영02-03],achievement_level,D,친숙한 주제에 관해 사실적 정보를 적절한 어휘와 언어 형식을 활용하여 부분적으로 설명할 수 있다.,,ncic_2022_eng_level_771
30081,[22-9영02-03],achievement_level,E,친숙한 주제에 관해 사실적 정보를 주어진 어휘와 언어 형식을 활용하여 제한적으로 설명할 수 있다.,,ncic_2022_eng_level_771
30082,[22-9영02-09],achievement_level,B,적절한 매체를 다양하게 활용하고 정보 윤리를 성실하게 준수하며 말하거나 쓸 수 있다.,,ncic_2022_eng_level_771
30083,[22-9영02-09],achievement_level,D,적절한 매체를 일부 활용하고 정보 윤리를 비교적 성실하게 준수하며 말하거나 쓸 수 있다.,,ncic_2022_eng_level_771
30084,[22-9영02-09],achievement_level,E,예시를 참고하여 적절한 매체를 일부 활용하고 정보 윤리를 준수하려고 노력하며 말하거나 쓸 수 있다.,,ncic_2022_eng_level_771
30085,[22-9영02-11],achievement_level,B,친숙한 주제에 관해 말하거나 쓸 때 상대방을 배려하는 태도를 적극적으로 보인다.,,ncic_2022_eng_level_771
30086,[22-9영02-11],achievement_level,D,친숙한 주제에 관해 말하거나 쓸 때 상대방을 배려하는 태도를 비교적 적극적으로 보인다.,,ncic_2022_eng_level_771
30087,[22-9영02-11],achievement_level,E,친숙한 주제에 관해 말하거나 쓸 때 상대방을 배려하는 태도를 보이려고 노력한다. 평가 과제 자신이 경험한 것에 대한 후기(review) 작성하기,,ncic_2022_eng_level_771
30763,[22-4영01-01],achievement_level,A,알파벳과 쉽고 간단한 단어의 소리를 듣고 정확하게 식별할 수 있다.,,ncic_2022_eng_level_761_1
30764,[22-4영01-01],achievement_level,B,알파벳과 쉽고 간단한 단어의 소리를 듣고 대체로 식별할 수 있다.,,ncic_2022_eng_level_761_1
30765,[22-4영01-01],achievement_level,C,알파벳과 매우 쉽고 간단한 단어의 소리를 반복하여 듣고 부분적으로 식별할 수 있다.,,ncic_2022_eng_level_761_1
30766,[22-4영01-02],achievement_level,A,알파벳 대소문자를 식별하여 정확하게 읽을 수 있다.,,ncic_2022_eng_level_761_1
30767,[22-4영01-02],achievement_level,B,알파벳 대소문자를 식별하여 대체로 읽을 수 있다.,,ncic_2022_eng_level_761_1
30768,[22-4영01-02],achievement_level,C,알파벳 대소문자를 식별하여 부분적으로 읽을 수 있다.,,ncic_2022_eng_level_761_1
30769,[22-4영01-03],achievement_level,A,"쉽고 간단한 단어, 어구, 문장을 듣고 강세, 리듬, 억양을 정확하게 식별할 수 있다.",,ncic_2022_eng_level_761_1
30770,[22-4영01-03],achievement_level,B,"쉽고 간단한 단어, 어구, 문장을 듣고 강세, 리듬, 억양을 대체로 식별할 수 있다.",,ncic_2022_eng_level_761_1
30771,[22-4영01-03],achievement_level,C,"매우 쉽고 간단한 단어, 어구, 문장을 반복하여 듣고 강세, 리듬, 억양을 부분적으로 식별할 수 있다.",,ncic_2022_eng_level_761_1
30772,[22-4영01-04],achievement_level,A,"소리와 철자의 관계를 이해하며 쉽고 간단한 단어, 어구, 문장을 정확하게 소리 내어 읽을 수 있다.",,ncic_2022_eng_level_761_1
30773,[22-4영01-04],achievement_level,B,"소리와 철자의 관계를 이해하며 쉽고 간단한 단어, 어구, 문장을 대체로 소리 내어 읽을 수 있다.",,ncic_2022_eng_level_761_1
30774,[22-4영01-04],achievement_level,C,"소리와 철자의 관계를 이해하며 매우 쉽고 간단한 단어, 어구, 문장을 부분적으로 소리 내어 읽을 수 있다.",,ncic_2022_eng_level_761_1
30775,[22-4영01-05],achievement_level,A,"쉽고 간단한 단어, 어구, 문장을 듣거나 읽고 의미를 정확하게 이해할 수 있다.",,ncic_2022_eng_level_761_1
30776,[22-4영01-05],achievement_level,B,"쉽고 간단한 단어, 어구, 문장을 듣거나 읽고 의미를 대체로 이해할 수 있다.",,ncic_2022_eng_level_761_1
30777,[22-4영01-05],achievement_level,C,"매우 쉽고 간단한 단어, 어구, 문장을 반복하여 듣거나 읽고 시각 자료 등의 도움을 받아 의미를 부분적으로 이해할 수 있다.",,ncic_2022_eng_level_761_1
30778,[22-4영01-06],achievement_level,A,"자기 주변 주제에 관한 담화를 듣거나 읽고 모습, 크기, 색깔, 인물, 장소, 시간 등의 주요 정보를 정확하게 파악할 수 있다.",,ncic_2022_eng_level_761_1
30779,[22-4영01-06],achievement_level,B,"자기 주변 주제에 관한 담화를 듣거나 읽고 모습, 크기, 색깔, 인물, 장소, 시간 등의 주요 정보를 대체로 파악할 수 있다.",,ncic_2022_eng_level_761_1
30780,[22-4영01-06],achievement_level,C,"자기 주변 주제에 관한 쉽고 간단한 담화를 반복하여 듣거나 읽고 모습, 크기, 색깔, 인물, 장소, 시간 등의 주요 정보를 시각 자료 등의 도움을 받아 부분적으로 파악할 수 있다.",,ncic_2022_eng_level_761_1
30781,[22-4영01-07],achievement_level,A,적절한 전략을 다양하게 활용하여 담화나 문장을 듣거나 읽을 수 있다.,,ncic_2022_eng_level_761_1
30782,[22-4영01-07],achievement_level,B,적절한 전략을 일부 활용하여 담화나 문장을 듣거나 읽을 수 있다.,,ncic_2022_eng_level_761_1
30783,[22-4영01-07],achievement_level,C,예시를 참고하여 적절한 전략을 일부 활용하여 담화나 문장을 듣거나 읽을 수 있다.,,ncic_2022_eng_level_761_1
30784,[22-4영01-08],achievement_level,A,다양한 매체로 표현된 담화나 문장을 높은 흥미를 가지고 스스로 찾아 듣거나 읽는다.,,ncic_2022_eng_level_761_1
30785,[22-4영01-08],achievement_level,B,다양한 매체로 표현된 담화나 문장을 대체로 흥미를 가지고 듣거나 읽는다.,,ncic_2022_eng_level_761_1
30786,[22-4영01-08],achievement_level,C,다양한 매체로 표현된 담화나 문장을 흥미를 가지려고 노력하며 듣거나 읽는다.,,ncic_2022_eng_level_761_1
30787,[22-4영01-09],achievement_level,A,"시, 노래, 이야기를 스스로 찾아 들으면서 화자의 기쁨, 슬픔 등의 감정을 느끼고 적극적으로 공감하는 태도를 보인다.",,ncic_2022_eng_level_761_1
30788,[22-4영01-09],achievement_level,B,"시, 노래, 이야기를 들으면서 화자의 기쁨, 슬픔 등의 감정을 느끼고 공감하는 태도를 보인다.",,ncic_2022_eng_level_761_1
30789,[22-4영01-09],achievement_level,C,"시, 노래, 이야기를 들으면서 화자의 기쁨, 슬픔 등의 감정을 느끼고 공감하는 태도를 가지려고 노력한다.",,ncic_2022_eng_level_761_1
30790,[22-4영01-10],achievement_level,A,자기 주변 주제나 문화에 관한 담화나 문장을 듣거나 읽을 때 다양한 생각을 존중하는 적극적인 태도를 보인다.,,ncic_2022_eng_level_761_1
30791,[22-4영01-10],achievement_level,B,자기 주변 주제나 문화에 관한 담화나 문장을 듣거나 읽을 때 다양한 생각을 존중하는 태도를 보인다.,,ncic_2022_eng_level_761_1
30792,[22-4영01-10],achievement_level,C,자기 주변 주제나 문화에 관한 담화나 문장을 듣거나 읽을 때 다양한 생각을 존중하는 태도를 가지려고 노력한다. (2) 표현 성취기준,,ncic_2022_eng_level_761_1
30793,[22-4영02-01],achievement_level,A,"쉽고 간단한 단어, 어구, 문장을 듣고 강세, 리듬, 억양에 맞게 정확하게 따라 말할 수 있다.",,ncic_2022_eng_level_761_1
30794,[22-4영02-01],achievement_level,B,"쉽고 간단한 단어, 어구, 문장을 듣고 강세, 리듬, 억양에 맞게 대체로 따라 말할 수 있다.",,ncic_2022_eng_level_761_1
30795,[22-4영02-01],achievement_level,C,"매우 쉽고 간단한 단어, 어구, 문장을 반복하여 듣고 강세, 리듬, 억양에 맞게 부분적으로 따라 말할 수 있다.",,ncic_2022_eng_level_761_1
30796,[22-4영02-02],achievement_level,A,알파벳 대소 문자를 구별하여 정확하게 쓸 수 있다.,,ncic_2022_eng_level_761_1
30797,[22-4영02-02],achievement_level,B,알파벳 대소 문자를 구별하여 대체로 쓸 수 있다.,,ncic_2022_eng_level_761_1
30798,[22-4영02-02],achievement_level,C,알파벳 대소 문자를 구별하여 부분적으로 쓸 수 있다.,,ncic_2022_eng_level_761_1
30799,[22-4영02-03],achievement_level,A,소리와 철자의 관계를 바탕으로 쉽고 간단한 단어를 정확하게 쓸 수 있다.,,ncic_2022_eng_level_761_1
30800,[22-4영02-03],achievement_level,B,소리와 철자의 관계를 바탕으로 쉽고 간단한 단어를 대체로 쓸 수 있다.,,ncic_2022_eng_level_761_1
30801,[22-4영02-03],achievement_level,C,소리와 철자의 관계를 바탕으로 매우 쉽고 간단한 단어를 부분적으로 쓸 수 있다.,,ncic_2022_eng_level_761_1
30805,[22-4영02-05],achievement_level,A,"자신, 주변 사람이나 사물을 소개 또는 묘사하는 말을 적절한 단어와 언어 형식을 사용하여 쉽고 간단한 문장으로 말하거나 제시된 문장을 정확하게 보고 쓸 수 있다.",,ncic_2022_eng_level_761_1
30806,[22-4영02-05],achievement_level,B,"자신, 주변 사람이나 사물을 소개 또는 묘사하는 말을 적절한 단어를 사용하여 쉽고 간단한 문장으로 대체로 말하거나 제시된 문장을 대체로 보고 쓸 수 있다.",,ncic_2022_eng_level_761_1
30807,[22-4영02-05],achievement_level,C,"자신, 주변 사람이나 사물을 소개 또는 묘사하는 말을 주어진 도움 자료를 참고하여 매우 쉽고 간단한 문장으로 부분적으로 말하거나 제시된 문장을 부분적으로 보고 쓸 수 있다.",,ncic_2022_eng_level_761_1
30808,[22-4영02-06],achievement_level,A,행동을 지시하는 말을 적절한 단어와 언어 형식을 사용하여 쉽고 간단한 문장으로 말하거나 제시된 문장을 정확하게 보고 쓸 수 있다.,,ncic_2022_eng_level_761_1
30809,[22-4영02-06],achievement_level,B,행동을 지시하는 말을 적절한 단어를 사용하여 쉽고 간단한 문장으로 대체로 말하거나 제시된 문장을 대체로 보고 쓸 수 있다.,,ncic_2022_eng_level_761_1
30810,[22-4영02-06],achievement_level,C,주어진 도움 자료를 사용하여 행동을 지시하는 말을 매우 쉽고 간단한 문장으로 부분적으로 말하거나 제시된 문장을 부분적으로 보고 쓸 수 있다.,,ncic_2022_eng_level_761_1
30811,[22-4영02-07],achievement_level,A,자신의 감정을 적절한 단어와 언어 형식을 사용하여 쉽고 간단한 문장으로 말하거나 제시된 문장을 정확하게 보고 쓸 수 있다.,,ncic_2022_eng_level_761_1
30812,[22-4영02-07],achievement_level,B,자신의 감정을 적절한 단어를 사용하여 쉽고 간단한 문장으로 대체로 말하거나 제시된 문장을 대체로 보고 쓸 수 있다.,,ncic_2022_eng_level_761_1
30813,[22-4영02-07],achievement_level,C,주어진 도움 자료를 사용하여 자신의 감정을 매우 쉽고 간단한 문장으로 부분적으로 말하거나 제시된 문장을 부분적으로 보고 쓸 수 있다.,,ncic_2022_eng_level_761_1
30814,[22-4영02-08],achievement_level,A,자기 주변 주제에 관한 담화의 주요 정보를 적절한 단어와 언어 형식에 맞게 묻거나 답할 수 있다.,,ncic_2022_eng_level_761_1
30815,[22-4영02-08],achievement_level,B,자기 주변 주제에 관한 담화의 주요 정보를 적절한 단어를 사용하여 대체로 묻거나 답할 수 있다.,,ncic_2022_eng_level_761_1
30816,[22-4영02-08],achievement_level,C,자기 주변 주제에 관한 담화의 주요 정보를 주어진 단어를 참고하여 부분적으로 묻거나 답할 수 있다.,,ncic_2022_eng_level_761_1
30817,[22-4영02-09],achievement_level,A,적절한 매체나 전략을 다양하게 활용하여 창의적으로 의미를 표현할 수 있다.,,ncic_2022_eng_level_761_1
30818,[22-4영02-09],achievement_level,B,적절한 매체나 전략을 일부 활용하여 창의적으로 의미를 표현할 수 있다.,,ncic_2022_eng_level_761_1
30819,[22-4영02-09],achievement_level,C,예시를 참고하여 적절한 매체나 전략을 일부 활용하여 창의적으로 의미를 표현할 수 있다.,,ncic_2022_eng_level_761_1
30823,[22-4영02-04],achievement_level,A,"실물, 그림, 동작 등을 보고 적절한 단어와 언어 형식을 사용하여 쉽고 간단한 문장으로 말하거나 단어나 어구를 정확하게 쓸 수 있다.",,ncic_2022_eng_level_761_1
30824,[22-4영02-04],achievement_level,B,"실물, 그림, 동작 등을 보고 적절한 단어를 사용하여 쉽고 간단한 문장으로 대체로 말하거나 단어나 어구를 대체로 쓸 수 있다.",,ncic_2022_eng_level_761_1
30825,[22-4영02-04],achievement_level,C,"실물, 그림, 동작 등을 보고 주어진 단어를 사용하여 매우 쉽고 간단한 문장으로 부분적으로 말하거나 주어진 철자를 사용하여 단어나 어구를 쓸 수 있다.",,ncic_2022_eng_level_761_1
30826,[22-4영02-10],achievement_level,A,의사소통 활동에 깊은 흥미와 자신감을 가지고 상대방을 배려하고 차례를 지키며 대화에 적극적으로 참여한다.,,ncic_2022_eng_level_761_1
30827,[22-4영02-10],achievement_level,B,의사소통 활동에 대체로 흥미와 자신감을 가지고 상대방을 배려하고 차례를 지키며 대화에 참여하는 태도를 보인다.,,ncic_2022_eng_level_761_1
30828,[22-4영02-10],achievement_level,C,의사소통 활동에 일부 흥미와 자신감을 가지고 상대방을 배려하고 차례를 지키며 참여하려고 노력한다. 평가 과제 물건을 가지고 있는지 묻고 이에 답하는 말하기 물건을 건네며 하는 말하기 학용품을 나타내는 단어 쓰기,,ncic_2022_eng_level_761_1
31666,[22-6영01-01],achievement_level,A,"간단한 단어, 어구, 문장을 듣고 강세, 리듬, 억양을 듣고 정확하게 식별할 수 있다.",,ncic_2022_eng_level_761_2
31667,[22-6영01-01],achievement_level,B,"간단한 단어, 어구, 문장을 듣고 강세, 리듬, 억양을 듣고 대체로 식별할 수 있다.",,ncic_2022_eng_level_761_2
31668,[22-6영01-01],achievement_level,C,"간단하고 짧은 단어, 어구, 문장을 반복하여 듣고 강세, 리듬, 억양을 부분적으로 식별할 수 있다.",,ncic_2022_eng_level_761_2
31669,[22-6영01-02],achievement_level,A,"간단한 단어, 어구, 문장을 강세, 리듬, 억양에 맞게 정확하게 소리 내어 읽을 수 있다.",,ncic_2022_eng_level_761_2
31670,[22-6영01-02],achievement_level,B,"간단한 단어, 어구, 문장을 강세, 리듬, 억양에 맞게 대체로 소리 내어 읽을 수 있다.",,ncic_2022_eng_level_761_2
31671,[22-6영01-02],achievement_level,C,"간단하고 짧은 단어, 어구, 문장을 강세, 리듬, 억양에 맞게 부분적으로 소리 내어 읽을 수 있다.",,ncic_2022_eng_level_761_2
31672,[22-6영01-03],achievement_level,A,"간단한 단어, 어구, 문장을 듣거나 읽고 의미를 정확하게 이해할 수 있다.",,ncic_2022_eng_level_761_2
31673,[22-6영01-03],achievement_level,B,"간단한 단어, 어구, 문장을 듣거나 읽고 의미를 대체로 이해할 수 있다.",,ncic_2022_eng_level_761_2
31674,[22-6영01-03],achievement_level,C,"간단하고 짧은 단어, 어구, 문장을 반복하여 듣거나 읽고, 주어진 도움 자료를 참고하여 듣거나 읽으며 의미를 부분적으로 이해할 수 있다.",,ncic_2022_eng_level_761_2
31675,[22-6영01-04],achievement_level,A,일상생활 주제에 관한 간단한 담화나 글을 듣거나 읽고 세부 정보를 정확하게 파악할 수 있다.,,ncic_2022_eng_level_761_2
31676,[22-6영01-04],achievement_level,B,일상생활 주제에 관한 간단한 담화나 글을 듣거나 읽고 세부 정보를 대체로 파악할 수 있다.,,ncic_2022_eng_level_761_2
31677,[22-6영01-04],achievement_level,C,"일상생활 주제에 관한 간단한 담화나 글을 반복하여 듣거나 읽고, 주어진 도움 자료를 참고하여 듣거나 읽으며 세부 정보를 부분적으로 파악할 수 있다.",,ncic_2022_eng_level_761_2
31678,[22-6영01-05],achievement_level,A,일상생활 주제에 관한 간단한 담화나 글을 듣거나 읽고 중심 내용을 정확하게 파악할 수 있다.,,ncic_2022_eng_level_761_2
31679,[22-6영01-05],achievement_level,B,일상생활 주제에 관한 간단한 담화나 글을 듣거나 읽고 중심 내용을 대체로 파악할 수 있다.,,ncic_2022_eng_level_761_2
31680,[22-6영01-05],achievement_level,C,"일상생활 주제에 관한 간단한 담화나 글을 반복하여 듣거나 읽고, 주어진 도움 자료를 참고하여 중심 내용을 부분적으로 파악할 수 있다.",,ncic_2022_eng_level_761_2
31681,[22-6영01-06],achievement_level,A,일상생활 주제에 관한 간단한 담화나 글을 듣거나 읽고 일이나 사건의 순서를 정확하게 파악할 수 있다.,,ncic_2022_eng_level_761_2
31682,[22-6영01-06],achievement_level,B,일상생활 주제에 관한 간단한 담화나 글을 듣거나 읽고 일이나 사건의 순서를 대체로 파악할 수 있다.,,ncic_2022_eng_level_761_2
31683,[22-6영01-06],achievement_level,C,"일상생활 주제에 관한 간단한 담화나 글을 반복하여 듣거나 읽고, 주어진 도움 자료를 참고하여 일이나 사건의 순서를 부분적으로 파악할 수 있다.",,ncic_2022_eng_level_761_2
31684,[22-6영01-07],achievement_level,A,적절한 전략을 다양하게 활용하여 일상생활 주제에 관한 간단한 담화나 글을 듣거나 읽을 수 있다.,,ncic_2022_eng_level_761_2
31685,[22-6영01-07],achievement_level,B,적절한 전략을 일부 활용하여 일상생활 주제에 관한 간단한 담화나 글을 듣거나 읽을 수 있다.,,ncic_2022_eng_level_761_2
31686,[22-6영01-07],achievement_level,C,예시를 참고하고 적절한 전략을 일부 활용하여 일상생활 주제에 관한 간단한 담화나 글을 듣거나 읽을 수 있다.,,ncic_2022_eng_level_761_2
31687,[22-6영01-08],achievement_level,A,다양한 매체로 표현된 일상생활 주제에 관한 간단한 담화나 글을 흥미를 가지고 스스로 찾아 듣거나 읽는다.,,ncic_2022_eng_level_761_2
31688,[22-6영01-08],achievement_level,B,다양한 매체로 표현된 일상생활 주제에 관한 간단한 담화나 글을 흥미를 가지고 듣거나 읽는다.,,ncic_2022_eng_level_761_2
31689,[22-6영01-08],achievement_level,C,다양한 매체로 표현된 일상생활 주제에 관한 간단한 담화나 글에 흥미를 가지려고 노력하며 듣거나 읽는다.,,ncic_2022_eng_level_761_2
31690,[22-6영01-09],achievement_level,A,"시, 노래, 이야기를 스스로 찾아 듣거나 읽으면서 화자나 필자의 기쁨, 슬픔 등의 감정을 느끼고 적극적으로 공감하는 태도를 보인다.",,ncic_2022_eng_level_761_2
31691,[22-6영01-09],achievement_level,B,"시, 노래, 이야기를 듣거나 읽으면서 화자나 필자의 기쁨, 슬픔 등의 감정을 느끼고 공감하는 태도를 보인다.",,ncic_2022_eng_level_761_2
31692,[22-6영01-09],achievement_level,C,"시, 노래, 이야기를 듣거나 읽으면서 화자나 필자의 기쁨, 슬픔 등의 감정을 느끼고 공감하는 태도를 가지려고 노력한다.",,ncic_2022_eng_level_761_2
31693,[22-6영01-10],achievement_level,A,일상생활 주제나 문화에 관한 간단한 담화나 글을 듣거나 읽을 때 다양한 생각이나 의견을 포용하는 적극적인 태도를 보인다.,,ncic_2022_eng_level_761_2
31694,[22-6영01-10],achievement_level,B,일상생활 주제나 문화에 관한 간단한 담화나 글을 듣거나 읽을 때 다양한 생각이나 의견을 포용하는 태도를 보인다.,,ncic_2022_eng_level_761_2
31695,[22-6영01-10],achievement_level,C,일상생활 주제나 문화에 관한 간단한 담화나 글을 듣거나 읽으면서 다양한 사람의 생각이나 의견을 포용하는 태도를 가지려고 노력한다. (2) 표현 영역 성취기준,,ncic_2022_eng_level_761_2
31696,[22-6영02-01],achievement_level,A,"간단한 단어, 어구, 문장을 강세, 리듬, 억양에 맞게 정확하게 말할 수 있다.",,ncic_2022_eng_level_761_2
31697,[22-6영02-01],achievement_level,B,"간단한 단어, 어구, 문장을 강세, 리듬, 억양에 맞게 대체로 말할 수 있다.",,ncic_2022_eng_level_761_2
31698,[22-6영02-01],achievement_level,C,"간단하고 짧은 단어, 어구, 문장을 시범을 참고하거나 반복 연습을 통해 강세, 리듬, 억양에 맞게 부분적으로 말할 수 있다.",,ncic_2022_eng_level_761_2
31699,[22-6영02-02],achievement_level,A,"실물, 그림, 동작 등을 보고 간단한 단어를 정확하게 말하거나 쓸 수 있으며, 적절한 단어와 언어 형식을 사용하여 간단한 어구나 문장으로 정확하게 말하거나 쓸 수 있다.",,ncic_2022_eng_level_761_2
31700,[22-6영02-02],achievement_level,B,"실물, 그림, 동작 등을 보고 간단한 단어를 대체로 말하거나 쓸 수 있으며, 적절한 단어를 사용하여 간단한 어구나 문장으로 대체로 말하거나 쓸 수 있다.",,ncic_2022_eng_level_761_2
31701,[22-6영02-02],achievement_level,C,"실물, 그림, 동작 등을 보고 간단한 단어를 일부 말하거나 쓸 수 있으며, 주어진 단어를 참고하여 간단하고 짧은 어구나 문장으로 부분적으로 말하거나 쓸 수 있다.",,ncic_2022_eng_level_761_2
31702,[22-6영02-03],achievement_level,A,알파벳 대소 문자와 문장 부호를 단어와 문장의 유형에 맞게 문장에서 정확하고 바르게 사용할 수 있다.,,ncic_2022_eng_level_761_2
31703,[22-6영02-03],achievement_level,B,알파벳 대소 문자와 문장 부호를 문장의 유형에 맞게 문장에서 대체로 바르게 사용할 수 있다.,,ncic_2022_eng_level_761_2
31704,[22-6영02-03],achievement_level,C,알파벳 대소 문자와 문장 부호를 예시 문장을 참고하여 문장에서 부분적으로 바르게 사용할 수 있다.,,ncic_2022_eng_level_761_2
31705,[22-6영02-04],achievement_level,A,주변 사람이나 사물의 이름과 주요 특징을 적절한 단어와 언어 형식을 사용하여 간단한 문장으로 정확하게 소개하거나 묘사할 수 있다.,,ncic_2022_eng_level_761_2
31706,[22-6영02-04],achievement_level,B,주변 사람이나 사물의 이름과 주요 특징을 적절한 단어를 사용하여 간단한 문장으로 대체로 소개하거나 묘사할 수 있다.,,ncic_2022_eng_level_761_2
31707,[22-6영02-04],achievement_level,C,주변 사람이나 사물의 이름과 주요 특징을 주어진 도움 자료를 참고하여 간단하고 짧은 문장으로 부분적으로 소개하거나 묘사할 수 있다.,,ncic_2022_eng_level_761_2
31708,[22-6영02-05],achievement_level,A,"주변 장소의 위치나 찾아가는 방법, 일상생활 행동의 순서나 방법을 적절한 단어와 언어 형식을 사용하여 간단한 문장으로 정확하게 말하거나 쓸 수 있다.",,ncic_2022_eng_level_761_2
31709,[22-6영02-05],achievement_level,B,"주변 장소의 위치나 찾아가는 방법, 일상생활 행동의 순서나 방법을 적절한 단어를 사용하여 간단한 문장으로 대체로 말하거나 쓸 수 있다.",,ncic_2022_eng_level_761_2
31710,[22-6영02-05],achievement_level,C,"주변 장소의 위치나 찾아가는 방법, 일상생활의 반복적인 행동의 순서나 방법을 주어진 도움 자료를 참고하여 간단하고 짧은 문장으로 부분적으로 말하거나 쓸 수 있다.",,ncic_2022_eng_level_761_2
31714,[22-6영02-07],achievement_level,A,일상생활 주제에 관한 다양한 유형의 간단한 담화나 글의 세부 정보를 적절한 단어와 언어 형식을 사용하여 정확하게 묻거나 답할 수 있다.,,ncic_2022_eng_level_761_2
31715,[22-6영02-07],achievement_level,B,일상생활 주제에 관한 간단한 담화나 글의 세부 정보를 적절한 단어를 사용하여 대체로 묻거나 답할 수 있다.,,ncic_2022_eng_level_761_2
31716,[22-6영02-07],achievement_level,C,일상생활 주제에 관한 간단하고 짧은 담화나 글의 세부 정보를 주어진 도움 자료를 참고하여 부분적으로 묻거나 답할 수 있다.,,ncic_2022_eng_level_761_2
31720,[22-6영02-09],achievement_level,A,적절한 매체와 전략을 다양하게 활용하여 창의적으로 의미를 생성하고 표현할 수 있다.,,ncic_2022_eng_level_761_2
31721,[22-6영02-09],achievement_level,B,적절한 매체와 전략을 활용하여 창의적으로 의미를 생성하고 표현할 수 있다.,,ncic_2022_eng_level_761_2
31722,[22-6영02-09],achievement_level,C,예시를 참고하여 적절한 매체와 전략을 일부 활용하여 창의적으로 의미를 표현할 수 있다.,,ncic_2022_eng_level_761_2
31723,[22-6영02-10],achievement_level,A,"의사소통 활동에 높은 흥미와 자신감을 가지고 참여하며, 동료들과 적극적으로 협력하여 활동을 수행한다.",,ncic_2022_eng_level_761_2
31724,[22-6영02-10],achievement_level,B,"의사소통 활동에 흥미와 자신감을 가지고 참여하려는 태도를 보이며, 동료들과 대체로 협력하여 활동을 수행한다.",,ncic_2022_eng_level_761_2
31725,[22-6영02-10],achievement_level,C,"의사소통 활동에 일부 흥미와 자신감을 가지고 참여하고자 노력하며, 동료들과 부분적으로 협력하여 활동을 수행한다.",,ncic_2022_eng_level_761_2
31726,[22-6영02-06],achievement_level,A,"자신의 감정, 일상생활 주제에 대한 의견, 일상생활의 경험이나 계획을 적절한 단어와 언어 형식을 사용하여 간단한 문장으로 정확하게 말하거나 쓸 수 있다.",,ncic_2022_eng_level_761_2
31727,[22-6영02-06],achievement_level,B,"자신의 감정, 일상생활 주제에 대한 의견, 일상생활의 경험이나 계획을 적절한 단어를 사용하여 간단한 문장으로 대체로 말하거나 쓸 수 있다.",,ncic_2022_eng_level_761_2
31728,[22-6영02-06],achievement_level,C,"자신의 감정, 일상생활 주제에 대한 의견, 일상생활의 경험이나 계획을 주어진 도움 자료를 참고하여 간단하고 짧은 문장으로 부분적으로 말하거나 쓸 수 있다.",,ncic_2022_eng_level_761_2
31729,[22-6영02-08],achievement_level,A,예시문을 참고하여 일상생활 목적에 맞는 간단한 글을 적절한 단어와 언어 형식으로 정확하게 쓸 수 있다.,,ncic_2022_eng_level_761_2
31730,[22-6영02-08],achievement_level,B,예시문을 참고하여 일상생활 목적에 맞는 간단한 글을 적절한 단어로 대체로 쓸 수 있다.,,ncic_2022_eng_level_761_2
31731,[22-6영02-08],achievement_level,C,예시문과 주어진 단어 목록을 참고하여 일상생활 목적에 맞는 간단하고 짧은 글을 부분적으로 쓸 수 있다. 평가 과제 예시문을 참고하여 자신의 여름에 할 일을 나타내는 글을 쓰고 모둠원에게 말하기,,ncic_2022_eng_level_761_2
31732,[9영01-01],eval_criteria,상,"어구나 문장을 듣고, 연음, 축약된 소리를 정확하게 식별할 수 있다.",,ncic_2015_eng_level_729
31733,[9영01-01],eval_criteria,중,"어구나 문장을 듣고, 연음, 축약된 소리를 대략적으로 식별할 수 있다.",,ncic_2015_eng_level_729
31734,[9영01-01],eval_criteria,하,"어구나 문장을 반복하여 듣고, 짧고 간단한 연음, 축약된 소리를 부분적으로 식별할 수 있다.",,ncic_2015_eng_level_729
31735,[9영01-02],eval_criteria,상,"일상생활 관련 대상이나 친숙한 일반적 주제에 관한 길고 복잡한 말이나 대화를 듣고, 숫자 정보, 장소, 인물, 사건 등에 대한 세부 정보를 정확하게 파악할 수 있다.",,ncic_2015_eng_level_729
31736,[9영01-02],eval_criteria,중,"일상생활 관련 대상이나 친숙한 일반적 주제에 관한 말이나 대화를 듣고, 숫자 정보, 장소, 인물, 사건 등에 대한 세부 정보를 대략적으로 파악할 수 있다.",,ncic_2015_eng_level_729
31737,[9영01-02],eval_criteria,하,"일상생활 관련 대상이나 친숙한 일반적 주제에 관한 짧고 단순한 말이나 대화를 반복하여 듣고, 숫자 정보, 장소, 인물, 사건 등에 대한 세부 정보를 부분적으로 파악할 수 있다.",,ncic_2015_eng_level_729
31738,[9영01-03],eval_criteria,상,"일상생활이나 친숙한 일반적 주제에 관한 그림, 사진, 또는 도표에 관한 길고 복잡한 말이나 대화를 듣고, 묘사하거나 설명하는 대상의 특징을 활용하여 세부 정보를 정확하게 파악할 수 있다.",,ncic_2015_eng_level_729
31739,[9영01-03],eval_criteria,중,"일상생활이나 친숙한 일반적 주제에 관한 그림, 사진, 또는 도표에 관한 말이나 대화를 듣고, 묘사하거나 설명하는 대상의 특징을 이해하여 세부 정보를 대략적으로 파악할 수 있다.",,ncic_2015_eng_level_729
31740,[9영01-03],eval_criteria,하,"일상생활이나 친숙한 일반적 주제에 관한 그림, 사진, 또는 도표에 관한 짧고 단순한 말이나 대화를 반복하여 듣고, 묘사하거나 설명하는 대상의 간단한 특징을 이해하여 세부 정보를 부분적으로 파악할 수 있다. 교육과정 성취기준 평가기준",,ncic_2015_eng_level_729
31741,[9영01-04],eval_criteria,상,"일상생활이나 친숙한 일반적 주제에 관한 길고 복잡한 말이나 대화를 듣고, 사실 정보와 맥락 정보를 바탕으로 줄거리, 주제, 요지를 정확하게 파악할 수 있다.",,ncic_2015_eng_level_729
31742,[9영01-04],eval_criteria,중,"일상생활이나 친숙한 일반적 주제에 관한 말이나 대화를 듣고, 사실 정보를 바탕으로 줄거리, 주제, 요지를 대략적으로 파악할 수 있다.",,ncic_2015_eng_level_729
31743,[9영01-04],eval_criteria,하,"일상생활이나 친숙한 일반적 주제에 관한 짧고 단순한 말이나 대화를 반복하여 듣고, 단순한 사실 정보를 바탕으로 줄거리, 주제, 요지를 부분적으로 파악할 수 있다.",,ncic_2015_eng_level_729
31744,[9영01-05],eval_criteria,상,"일상생활이나 친숙한 일반적 주제에 관한 길고 복잡한 말이나 대화를 듣고, 사실 정보와 맥락 정보를 바탕으로 화자의 상황을 이해하여 심정이나 태도를 정확하게 추론할 수 있다.",,ncic_2015_eng_level_729
31745,[9영01-05],eval_criteria,중,"일상생활이나 친숙한 일반적 주제에 관한 말이나 대화를 듣고, 사실 정보를 바탕으로 화자의 상황을 이해하여 심정이나 태도를 대략적으로 추론할 수 있다.",,ncic_2015_eng_level_729
31746,[9영01-05],eval_criteria,하,"일상생활이나 친숙한 일반적 주제에 관한 짧고 단순한 말이나 대화를 반복하여 듣고, 단순한 사실 정보를 바탕으로 화자의 상황을 이해하여 심정이나 태도를 부분적으로 추론할 수 있다.",,ncic_2015_eng_level_729
31747,[9영01-06],eval_criteria,상,"일상생활이나 친숙한 일반적 주제에 관한 길고 복잡한 말이나 대화를 듣고, 사실 정보와 맥락 정보를 바탕으로 화자의 생각을 이해하여 의도나 목적을 정확하게 추론할 수 있다.",,ncic_2015_eng_level_729
31748,[9영01-06],eval_criteria,중,"일상생활이나 친숙한 일반적 주제에 관한 말이나 대화를 듣고, 사실 정보를 바탕으로 화자의 생각을 이해하여 의도나 목적을 대략적으로 추론할 수 있다.",,ncic_2015_eng_level_729
31749,[9영01-06],eval_criteria,하,"일상생활이나 친숙한 일반적 주제에 관한 짧고 단순한 말이나 대화를 반복하여 듣고, 단순한 사실 정보를 바탕으로 화자의 생각을 이해하여 의도나 목적을 부분적으로 추론할 수 있다.",,ncic_2015_eng_level_729
31750,[9영01-07],eval_criteria,상,"일상생활이나 친숙한 일반적 주제에 관한 길고 복잡한 말이나 대화를 듣고, 사실 정보와 맥락 정보를 바탕으로 일이나 사건의 순서, 전후 관계를 정확하게 추론할 수 있다.",,ncic_2015_eng_level_729
31751,[9영01-07],eval_criteria,중,"일상생활이나 친숙한 일반적 주제에 관한 말이나 대화를 듣고, 사실 정보를 바탕으로 일이나 사건의 순서, 전후 관계를 대략적으로 추론할 수 있다. 교육과정 성취기준 평가기준",,ncic_2015_eng_level_729
31752,[9영01-07],eval_criteria,하,"일상생활이나 친숙한 일반적 주제에 관한 짧고 단순한 말이나 대화를 반복하여 듣고, 단순한 사실 정보를 바탕으로 일이나 사건의 순서, 전후 관계를 부분적으로 추론할 수 있다.",,ncic_2015_eng_level_729
31753,[9영01-08],eval_criteria,상,"일상생활이나 친숙한 일반적 주제에 관한 길고 복잡한 말이나 대화를 듣고, 사실 정보와 맥락 정보를 바탕으로 일이나 사건의 원인과 결과를 정확하게 파악할 수 있다.",,ncic_2015_eng_level_729
31754,[9영01-08],eval_criteria,중,"일상생활이나 친숙한 일반적 주제에 관한 말이나 대화를 듣고, 사실 정보를 바탕으로 일이나 사건의 원인과 결과를 대략적으로 파악할 수 있다.",,ncic_2015_eng_level_729
31755,[9영01-08],eval_criteria,하,"일상생활이나 친숙한 일반적 주제에 관한 짧고 단순한 말이나 대화를 반복하여 듣고, 단순한 사실 정보를 바탕으로 일이나 사건의 원인과 결과를 부분적으로 파악할 수 있다.",,ncic_2015_eng_level_729
31756,[9영01-09],eval_criteria,상,"일상생활이나 친숙한 일반적 주제에 관한 길고 복잡한 말이나 대화를 듣고, 사실 정보와 맥락 정보를 바탕으로 상황 및 화자 간의 관계를 정확하게 추론할 수 있다.",,ncic_2015_eng_level_729
31757,[9영01-09],eval_criteria,중,"일상생활이나 친숙한 일반적 주제에 관한 말이나 대화를 듣고, 사실 정보를 바탕으로 상황 및 화자 간의 관계를 대략적으로 추론할 수 있다.",,ncic_2015_eng_level_729
31758,[9영01-09],eval_criteria,하,"일상생활이나 친숙한 일반적 주제에 관한 짧고 단순한 말이나 대화를 반복하여 듣고, 단순한 사실 정보를 바탕으로 상황 및 화자 간의 관계를 부분적으로 추론할 수 있다. 나. 말하기 영역 교육과정 성취기준 평가기준",,ncic_2015_eng_level_729
31759,[9영02-01],eval_criteria,상,"주변의 사람, 사물, 또는 장소를 다양하고 적절한 어휘와 정확한 언어 형식을 활용하여 자세하게 묘사할 수 있다.",,ncic_2015_eng_level_729
31760,[9영02-01],eval_criteria,중,"주변의 사람, 사물, 또는 장소를 적절한 어휘와 언어 형식을 활용하여 대략적으로 묘사할 수 있다.",,ncic_2015_eng_level_729
31761,[9영02-01],eval_criteria,하,"주변의 사람, 사물, 또는 장소를 주어진 어휘와 예시문을 참고하여 부분적으로 묘사할 수 있다.",,ncic_2015_eng_level_729
31762,[9영02-02],eval_criteria,상,일상생활에 관한 자신의 의견이나 감정을 다양하고 적절한 어휘와 정확한 언어 형식을 활용하여 자세하게 표현할 수 있다.,,ncic_2015_eng_level_729
31763,[9영02-02],eval_criteria,중,일상생활에 관한 자신의 의견이나 감정을 적절한 어휘와 언어 형식을 활용하여 대략적으로 표현할 수 있다.,,ncic_2015_eng_level_729
31764,[9영02-02],eval_criteria,하,일상생활에 관한 자신의 의견이나 감정을 주어진 어휘와 예시문을 참고하여 부분적으로 표현할 수 있다.,,ncic_2015_eng_level_729
31765,[9영02-03],eval_criteria,상,"일상생활에 관한 그림, 사진, 또는 도표에 대한 특징이나 내용을 다양하고 적절한 어휘와 정확한 언어 형식을 활용하여 자세하게 설명할 수 있다.",,ncic_2015_eng_level_729
31766,[9영02-03],eval_criteria,중,"일상생활에 관한 그림, 사진, 또는 도표에 대한 특징이나 내용을 적절한 어휘와 언어 형식을 활용하여 대략적으로 설명할 수 있다.",,ncic_2015_eng_level_729
31767,[9영02-03],eval_criteria,하,"일상생활에 관한 그림, 사진, 또는 도표에 대한 단순한 특징이나 내용을 주어진 어휘와 예시문을 참고하여 부분적으로 설명할 수 있다.",,ncic_2015_eng_level_729
31768,[9영02-04],eval_criteria,상,일상생활에 관한 문제의 해결 방법과 절차에 대해 다양하고 적절한 어휘와 정확한 언어 형식을 활용하여 자세하게 설명할 수 있다.,,ncic_2015_eng_level_729
31769,[9영02-04],eval_criteria,중,일상생활에 관한 문제의 해결 방법과 절차에 대해 적절한 어휘와 언어 형식을 활용하여 대략적으로 설명할 수 있다.,,ncic_2015_eng_level_729
31770,[9영02-04],eval_criteria,하,일상생활에 관한 문제의 해결 방법과 절차에 대해 도움이 되는 자료나 예시문을 참고하여 부분적으로 설명할 수 있다.,,ncic_2015_eng_level_729
31771,[9영02-05],eval_criteria,상,다양하고 적절한 어휘와 정확한 언어 형식을 활용하여 주어진 상황과 목적에 맞도록 자신을 자세하게 소개할 수 있다.,,ncic_2015_eng_level_729
31772,[9영02-05],eval_criteria,중,적절한 어휘와 언어 형식을 활용하여 주어진 상황과 목적에 맞도록 자신을 대략적으로 소개할 수 있다.,,ncic_2015_eng_level_729
31773,[9영02-05],eval_criteria,하,주어진 어휘와 예시문을 참고하여 주어진 상황과 목적에 맞도록 자신을 부분적으로 소개할 수 있다.,,ncic_2015_eng_level_729
31774,[9영02-06],eval_criteria,상,"주변의 사람, 사물에 대한 성격이나 특성을 다양하고 적절한 어휘와 정확한 언어 형식을 활용하여 자세하게 묻거나 답할 수 있다.",,ncic_2015_eng_level_729
31775,[9영02-06],eval_criteria,중,"주변의 사람, 사물에 대한 성격이나 특성을 적절한 어휘와 언어 형식을 활용하여 대략적으로 묻거나 답할 수 있다.",,ncic_2015_eng_level_729
31776,[9영02-06],eval_criteria,하,"주변의 사람, 사물에 대한 성격이나 특성을 주어진 어휘와 예시문을 참고하여 부분적으로 묻거나 답할 수 있다.",,ncic_2015_eng_level_729
31777,[9영02-07],eval_criteria,상,주변의 위치나 장소에 대해 다양하고 적절한 어휘와 정확한 언어 형식을 활용하여 자세하게 묻거나 답할 수 있다.,,ncic_2015_eng_level_729
31778,[9영02-07],eval_criteria,중,주변의 위치나 장소에 대해 적절한 어휘와 언어 형식을 활용하여 대략적으로 묻거나 답할 수 있다.,,ncic_2015_eng_level_729
31779,[9영02-07],eval_criteria,하,주변의 위치나 장소에 대해 주어진 어휘와 예시문을 참고하여 부분적으로 묻거나 답할 수 있다.,,ncic_2015_eng_level_729
31780,[9영02-08],eval_criteria,상,개인 생활에 관한 경험이나 계획에 대해 다양하고 적절한 어휘와 정확한 언어 형식을 활용하여 주어진 상황에 맞도록 자세하게 묻거나 답할 수 있다.,,ncic_2015_eng_level_729
31781,[9영02-08],eval_criteria,중,개인 생활에 관한 경험이나 계획에 대해 적절한 어휘와 언어 형식을 활용하여 주어진 상황에 맞도록 대략적으로 묻거나 답할 수 있다.,,ncic_2015_eng_level_729
31782,[9영02-08],eval_criteria,하,개인 생활에 관한 경험이나 계획에 대해 주어진 어휘와 예시문을 참고하여 주어진 상황에 맞도록 부분적으로 묻거나 답할 수 있다.,,ncic_2015_eng_level_729
31783,[9영02-09],eval_criteria,상,"일상생활에 관한 일이나 사건의 순서, 전후 관계에 대해 다양하고 적절한 어휘와 정확한 언어 형식을 활용하여 자세하게 묻거나 답할 수 있다.",,ncic_2015_eng_level_729
31784,[9영02-09],eval_criteria,중,"일상생활에 관한 일이나 사건의 순서, 전후 관계에 대해 적절한 어휘와 언어 형식을 활용하여 대략적으로 묻거나 답할 수 있다.",,ncic_2015_eng_level_729
31785,[9영02-09],eval_criteria,하,"일상생활에 관한 일이나 사건의 순서, 전후 관계에 대해 주어진 어휘와 예시문을 참고하여 부분적으로 묻거나 답할 수 있다.",,ncic_2015_eng_level_729
31786,[9영02-10],eval_criteria,상,일상생활에 관한 일이나 사건의 원인과 결과에 대해 다양하고 적절한 어휘와 정확한 언어 형식을 활용하여 자세하게 묻거나 답할 수 있다.,,ncic_2015_eng_level_729
31787,[9영02-10],eval_criteria,중,일상생활에 관한 일이나 사건의 원인과 결과에 대해 적절한 어휘와 언어 형식을 활용하여 대략적으로 묻거나 답할 수 있다.,,ncic_2015_eng_level_729
31788,[9영02-10],eval_criteria,하,일상생활에 관한 일이나 사건의 원인과 결과에 대해 주어진 어휘와 예시문을 참고하여 부분적으로 묻거나 답할 수 있다. 다. 읽기 영역 교육과정 성취기준 평가기준,,ncic_2015_eng_level_729
31789,[9영03-01],eval_criteria,상,"길고 복잡한 문장을 의미 단위로 끊어 읽으면서, 문장의 의미를 정확하게 파악할 수 있다.",,ncic_2015_eng_level_729
31790,[9영03-01],eval_criteria,중,"문장을 의미 단위로 끊어 읽으면서, 문장의 의미를 대략적으로 파악할 수 있다.",,ncic_2015_eng_level_729
31791,[9영03-01],eval_criteria,하,"짧고 단순한 문장을 의미 단위로 끊어 읽으면서, 문장의 의미를 부분적으로 파악할 수 있다.",,ncic_2015_eng_level_729
31792,[9영03-02],eval_criteria,상,"일상생활이나 친숙한 일반적 대상이나 주제에 관한 길고 복잡한 글을 읽고, 숫자 정보, 장소, 인물, 사건 등에 대한 전반적인 내용을 활용하여 세부 정보를 정확하게 파악할 수 있다.",,ncic_2015_eng_level_729
31793,[9영03-02],eval_criteria,중,"일상생활이나 친숙한 일반적 대상이나 주제에 관한 글을 읽고, 숫자 정보, 장소, 인물, 사건 등에 대한 세부 정보를 대략적으로 파악할 수 있다.",,ncic_2015_eng_level_729
31794,[9영03-02],eval_criteria,하,"일상생활이나 친숙한 일반적 대상이나 주제에 관한 짧고 단순한 글을 반복하여 읽고, 숫자 정보, 장소, 인물, 사건 등에 대한 세부 정보를 부분적으로 파악할 수 있다.",,ncic_2015_eng_level_729
31795,[9영03-03],eval_criteria,상,"일상생활이나 친숙한 일반적 주제의 그림, 사진, 도표에 관한 길고 복잡한 글을 읽고, 묘사하는 대상의 특징을 활용하여 세부 정보를 정확하게 파악할 수 있다.",,ncic_2015_eng_level_729
31796,[9영03-03],eval_criteria,중,"일상생활이나 친숙한 일반적 주제의 그림, 사진, 도표에 관한 글을 읽고, 묘사하는 대상의 특징을 이해하여 세부 정보를 대략적으로 파악할 수 있다.",,ncic_2015_eng_level_729
31797,[9영03-03],eval_criteria,하,"일상생활이나 친숙한 일반적 주제의 그림, 사진, 도표에 관한 짧고 단순한 글을 반복하여 읽고, 묘사하는 대상의 특징을 이해하여 세부 정보를 부분적으로 파악할 수 있다.",,ncic_2015_eng_level_729
31798,[9영03-04],eval_criteria,상,"일상생활이나 친숙한 일반적 주제의 길고 복잡한 글을 읽고, 등장인물들 간의 관계, 인물이 처한 상황, 일이나 사건의 흐름 등에 대한 사실 정보와 맥락 정보를 바탕으로 줄거리, 주제, 요지를 정확하게 파악할 수 있다.",,ncic_2015_eng_level_729
31799,[9영03-04],eval_criteria,중,"일상생활이나 친숙한 일반적 주제의 글을 읽고, 등장인물들 간의 관계, 인물이 처한 상황, 일이나 사건의 흐름 등에 대한 사실 정보를 바탕으로 줄거리, 주제, 요지를 대략적으로 파악할 수 있다.",,ncic_2015_eng_level_729
31800,[9영03-04],eval_criteria,하,"일상생활이나 친숙한 일반적 주제의 짧고 단순한 글을 반복하여 읽고, 등장인물들 간의 관계, 인물이 처한 상황, 일이나 사건의 흐름 등에 대한 단순한 사실 정보를 바탕으로 줄거리, 주제, 요지를 부분적으로 파악할 수 있다.",,ncic_2015_eng_level_729
31801,[9영03-05],eval_criteria,상,"일상생활이나 친숙한 일반적 주제의 길고 복잡한 글을 읽고, 사실 정보와 맥락 정보를 바탕으로 필자의 상황을 이해하여 심정이나 태도를 정확하게 추론할 수 있다.",,ncic_2015_eng_level_729
31802,[9영03-05],eval_criteria,중,"일상생활이나 친숙한 일반적 주제의 글을 읽고, 사실 정보를 바탕으로 필자의 상황을 이해하여 심정이나 태도를 대략적으로 추론할 수 있다.",,ncic_2015_eng_level_729
31803,[9영03-05],eval_criteria,하,"일상생활이나 친숙한 일반적 주제의 짧고 단순한 글을 반복하여 읽고, 단순한 사실 정보를 바탕으로 필자의 상황을 이해하여 심정이나 태도를 부분적으로 추론할 수 있다.",,ncic_2015_eng_level_729
31804,[9영03-06],eval_criteria,상,"일상생활이나 친숙한 일반적 주제의 길고 복잡한 글을 읽고, 사실 정보와 맥락 정보를 바탕으로 필자의 생각과 감정을 이해하여 의도나 목적을 정확하게 추론할 수 있다.",,ncic_2015_eng_level_729
31805,[9영03-06],eval_criteria,중,"일상생활이나 친숙한 일반적 주제의 글을 읽고, 사실 정보를 바탕으로 필자의 생각과 감정을 이해하여 의도나 목적을 대략적으로 추론할 수 있다.",,ncic_2015_eng_level_729
31806,[9영03-06],eval_criteria,하,"일상생활이나 친숙한 일반적 주제의 짧고 단순한 글을 반복하여 읽고, 단순한 사실 정보를 바탕으로 필자의 생각과 감정을 이해하여 의도나 목적을 부분적으로 추론할 수 있다.",,ncic_2015_eng_level_729
31807,[9영03-07],eval_criteria,상,"일상생활이나 친숙한 일반적 주제의 길고 복잡한 글을 읽고, 사실 정보와 맥락 정보를 바탕으로 일이나 사건의 순서, 전후 관계를 정확하게 추론할 수 있다.",,ncic_2015_eng_level_729
31808,[9영03-07],eval_criteria,중,"일상생활이나 친숙한 일반적 주제의 글을 읽고, 사실 정보를 바탕으로 일이나 사건의 순서, 전후 관계를 대략적으로 추론할 수 있다.",,ncic_2015_eng_level_729
31809,[9영03-07],eval_criteria,하,"일상생활이나 친숙한 일반적 주제의 짧고 단순한 글을 반복하여 읽고, 단순한 사실 정보를 바탕으로 일이나 사건의 순서, 전후 관계를 부분적으로 추론할 수 있다.",,ncic_2015_eng_level_729
31810,[9영03-08],eval_criteria,상,"일상생활이나 친숙한 일반적 주제의 길고 복잡한 글을 읽고, 사실 정보와 맥락 정보를 바탕으로 일이나 사건의 원인과 결과를 정확하게 추론할 수 있다.",,ncic_2015_eng_level_729
31811,[9영03-08],eval_criteria,중,"일상생활이나 친숙한 일반적 주제의 글을 읽고, 사실 정보를 바탕으로 일이나 사건의 원인과 결과를 대략적으로 추론할 수 있다",,ncic_2015_eng_level_729
31812,[9영03-08],eval_criteria,하,"일상생활이나 친숙한 일반적 주제의 짧고 단순한 글을 반복하여 읽고, 단순한 사실 정보를 바탕으로 일이나 사건의 원인과 결과를 부분적으로 추론할 수 있다.",,ncic_2015_eng_level_729
31813,[9영03-09],eval_criteria,상,"일상생활이나 친숙한 일반적 주제의 길고 복잡한 글을 읽고, 사실 정보와 맥락 정보를 바탕으로 적절한 읽기 전략을 활용하여 낱말, 어구 또는 문장의 함축적 의미를 정확하게 추론할 수 있다.",,ncic_2015_eng_level_729
31814,[9영03-09],eval_criteria,중,"일상생활이나 친숙한 일반적 주제의 글을 읽고, 사실 정보를 바탕으로 읽기 전략을 활용하여 낱말, 어구 또는 문장의 함축적 의미를 대략적으로 추론할 수 있다.",,ncic_2015_eng_level_729
31815,[9영03-09],eval_criteria,하,"일상생활이나 친숙한 일반적 주제의 짧고 단순한 글을 반복하여 읽고, 단순한 사실 정보를 바탕으로 낱말, 어구 또는 문장의 함축적 의미를 부분적으로 추론할 수 있다. 라. 쓰기 영역 교육과정 성취기준 평가기준",,ncic_2015_eng_level_729
31816,[9영04-01],eval_criteria,상,일상생활에 관한 주변의 대상이나 상황을 묘사하는 문장을 다양하고 적절한 어휘와 정확한 언어 형식을 활용하여 자세하게 쓸 수 있다.,,ncic_2015_eng_level_729
31817,[9영04-01],eval_criteria,중,일상생활에 관한 주변의 대상이나 상황을 묘사하는 문장을 적절한 어휘와 언어 형식을 활용하여 대략적으로 쓸 수 있다.,,ncic_2015_eng_level_729
31818,[9영04-01],eval_criteria,하,일상생활에 관한 주변의 대상이나 상황을 묘사하는 문장을 주어진 어휘와 예시문을 참고하여 부분적으로 쓸 수 있다.,,ncic_2015_eng_level_729
31819,[9영04-02],eval_criteria,상,일상생활에 관한 자신의 의견이나 감정을 표현하는 문장을 다양하고 적절한 어휘와 정확한 언어 형식을 활용하여 자세하게 쓸 수 있다.,,ncic_2015_eng_level_729
31820,[9영04-02],eval_criteria,중,일상생활에 관한 자신의 의견이나 감정을 표현하는 문장을 적절한 어휘와 언어 형식을 활용하여 대략적으로 쓸 수 있다.,,ncic_2015_eng_level_729
31821,[9영04-02],eval_criteria,하,일상생활에 관한 자신의 의견이나 감정을 표현하는 문장을 주어진 어휘와 예시문을 참고하여 부분적으로 쓸 수 있다.,,ncic_2015_eng_level_729
31822,[9영04-03],eval_criteria,상,"일상생활에 관한 그림, 사진, 또는 도표 등을 설명하는 문장을 다양하고 적절한 어휘와 정확한 언어 형식을 활용하여 세부 내용이 자세하게 드러나도록 쓸 수 있다.",,ncic_2015_eng_level_729
31823,[9영04-03],eval_criteria,중,"일상생활에 관한 그림, 사진, 또는 도표 등을 설명하는 문장을 적절한 어휘와 언어 형식을 활용하여 세부 내용이 대략적으로 드러나도록 쓸 수 있다.",,ncic_2015_eng_level_729
31824,[9영04-03],eval_criteria,하,"일상생활에 관한 그림, 사진, 또는 도표 등을 설명하는 문장을 주어진 어휘와 예시문을 참고하여 세부 내용이 부분적으로 드러나도록 쓸 수 있다.",,ncic_2015_eng_level_729
31825,[9영04-04],eval_criteria,상,개인 생활의 다양한 경험이나 계획에 대한 문장을 다양하고 적절한 어휘와 정확한 언어 형식을 활용하여 주어진 상황에 맞도록 구체적으로 쓸 수 있다.,,ncic_2015_eng_level_729
31826,[9영04-04],eval_criteria,중,개인 생활의 경험이나 계획에 대한 문장을 적절한 어휘와 언어 형식을 활용하여 주어진 상황에 맞도록 대략적으로 쓸 수 있다.,,ncic_2015_eng_level_729
31827,[9영04-04],eval_criteria,하,개인 생활의 경험이나 계획에 대한 문장을 주어진 어휘와 예시문을 참고하여 주어진 상황에 맞도록 부분적으로 쓸 수 있다.,,ncic_2015_eng_level_729
31828,[9영04-05],eval_criteria,상,"자신이나 주변 사람, 일상생활에 관한 짧고 간단한 글을 다양하고 적절한 어휘와 정확한 언어 형식을 활용하여 성격이나 특성이 자세하게 드러나도록 쓸 수 있다.",,ncic_2015_eng_level_729
31829,[9영04-05],eval_criteria,중,"자신이나 주변 사람, 일상생활에 관한 짧고 간단한 글을 적절한 어휘와 언어 형식을 활용하여 성격이나 특성이 대략적으로 드러나도록 쓸 수 있다.",,ncic_2015_eng_level_729
31830,[9영04-05],eval_criteria,하,"자신이나 주변 사람, 일상생활에 관한 짧고 간단한 글을 주어진 어휘와 예시문을 참고하여 성격이나 특성이 부분적으로 드러나도록 쓸 수 있다.",,ncic_2015_eng_level_729
31831,[9영04-06],eval_criteria,상,"간단한 초대, 감사, 축하, 위로, 일기, 편지 등의 글을 다양하고 적절한 어휘와 정확한 언어 형식을 활용하여 주어진 상황과 목적에 맞도록 구체적으로 쓸 수 있다.",,ncic_2015_eng_level_729
31832,[9영04-06],eval_criteria,중,"간단한 초대, 감사, 축하, 위로, 일기, 편지 등의 글을 적절한 어휘와 언어 형식을 활용하여 주어진 상황과 목적에 맞도록 대략적으로 쓸 수 있다.",,ncic_2015_eng_level_729
31833,[9영04-06],eval_criteria,하,"간단한 초대, 감사, 축하, 위로, 일기, 편지 등의 글을 주어진 어휘와 예시문을 참고하여 주어진 상황과 목적에 맞도록 부분적으로 쓸 수 있다.",,ncic_2015_eng_level_729
32612,[4영01-01],eval_criteria,상,알파벳과 낱말의 소리를 듣고 정확하게 식별할 수 있다.,,ncic_2015_eng_level_741_1
32613,[4영01-01],eval_criteria,중,알파벳과 낱말의 소리를 듣고 대체로 식별할 수 있다.,,ncic_2015_eng_level_741_1
32614,[4영01-01],eval_criteria,하,알파벳과 쉽고 간단한 낱말의 소리를 반복하여 듣고 일부 식별할 수 있다.,,ncic_2015_eng_level_741_1
32615,[4영01-02],eval_criteria,상,"낱말, 어구, 문장을 듣고 강세, 리듬, 억양을 정확하게 식별할 수 있다.",,ncic_2015_eng_level_741_1
32616,[4영01-02],eval_criteria,중,"낱말, 어구, 문장을 듣고 강세, 리듬, 억양을 대체로 식별할 수 있다.",,ncic_2015_eng_level_741_1
32617,[4영01-02],eval_criteria,하,"쉽고 간단한 낱말, 어구, 문장을 반복하여 듣고 강세, 리듬, 억양을 부분적으로 식별할 수 있다.",,ncic_2015_eng_level_741_1
32618,[4영01-03],eval_criteria,상,"기초적인 낱말, 어구, 문장을 듣고 의미를 정확하게 이해할 수 있다.",,ncic_2015_eng_level_741_1
32619,[4영01-03],eval_criteria,중,"기초적인 낱말, 어구, 문장을 듣고 의미를 대체로 이해할 수 있다.",,ncic_2015_eng_level_741_1
32620,[4영01-03],eval_criteria,하,"기초적인 낱말, 어구, 문장을 반복하여 듣고 시각 자료 등의 도움을 받아 의미를 일부 이해할 수 있다.",,ncic_2015_eng_level_741_1
32621,[4영01-04],eval_criteria,상,"인사, 안부 등에 관한 쉽고 친숙한 표현을 듣고 의미를 정확하게 이해할 수 있다.",,ncic_2015_eng_level_741_1
32622,[4영01-04],eval_criteria,중,"인사, 안부 등에 관한 쉽고 친숙한 표현을 듣고 의미를 대체로 이해할 수 있다.",,ncic_2015_eng_level_741_1
32623,[4영01-04],eval_criteria,하,"인사, 안부 등에 관한 쉽고 친숙한 표현을 반복하여 듣고 시각 자료 등의 도움을 받아 의미를 일부 이해할 수 있다.",,ncic_2015_eng_level_741_1
32624,[4영01-05],eval_criteria,상,한두 문장의 쉽고 간단한 지시나 설명을 듣고 정확하게 이해할 수 있다.,,ncic_2015_eng_level_741_1
32625,[4영01-05],eval_criteria,중,한두 문장의 쉽고 간단한 지시나 설명을 듣고 대체로 이해할 수 있다.,,ncic_2015_eng_level_741_1
32626,[4영01-05],eval_criteria,하,한두 문장의 쉽고 간단한 지시나 설명을 반복하여 듣고 시각 자료 등의 도움을 받아 일부 이해할 수 있다. 교육과정 성취기준 평가기준,,ncic_2015_eng_level_741_1
32627,[4영01-06],eval_criteria,상,"주변의 사물과 사람에 관한 쉽고 간단한 말이나 대화를 듣고 모습, 크기, 색깔 등의 세부정보를 정확하게 파악할 수 있다.",,ncic_2015_eng_level_741_1
32628,[4영01-06],eval_criteria,중,"주변의 사물과 사람에 관한 쉽고 간단한 말이나 대화를 듣고 모습, 크기, 색깔 등의 세부정보를 대체로 파악할 수 있다.",,ncic_2015_eng_level_741_1
32629,[4영01-06],eval_criteria,하,"주변의 사물과 사람에 관한 쉽고 간단한 말이나 대화를 반복하여 듣고 모습, 크기, 색깔 등의 세부정보를 시각 자료 등의 도움을 받아 일부 파악할 수 있다.",,ncic_2015_eng_level_741_1
32630,[4영01-07],eval_criteria,상,"일상생활 속의 친숙한 주제에 관한 쉽고 간단한 말이나 대화를 듣고 인물, 장소, 시간 등의 내용을 전반적으로 이해하여 세부정보를 정확하게 파악할 수 있다.",,ncic_2015_eng_level_741_1
32631,[4영01-07],eval_criteria,중,"일상생활 속의 친숙한 주제에 관한 쉽고 간단한 말이나 대화를 듣고 인물, 장소, 시간 등의 내용을 낱말이나 어구를 통해 이해하여 세부정보를 대체로 파악할 수 있다.",,ncic_2015_eng_level_741_1
32632,[4영01-07],eval_criteria,하,"일상생활 속의 친숙한 주제에 관한 쉽고 간단한 말이나 대화를 반복하여 듣고  시각 자료 등의 도움을 받아 인물, 장소, 시간 등의 세부정보를 일부 파악할 수 있다. 나. 말하기 교육과정 성취기준 평가기준",,ncic_2015_eng_level_741_1
32633,[4영02-01],eval_criteria,상,알파벳과 낱말의 소리를 듣고 정확하게 따라 말할 수 있다.,,ncic_2015_eng_level_741_1
32634,[4영02-01],eval_criteria,중,알파벳과 낱말의 소리를 듣고 대체로 따라 말할 수 있다.,,ncic_2015_eng_level_741_1
32635,[4영02-01],eval_criteria,하,알파벳과 낱말의 소리를 반복하여 듣고 일부 따라 말할 수 있다.,,ncic_2015_eng_level_741_1
32636,[4영02-02],eval_criteria,상,"낱말이나 문장을 듣고 영어의 강세, 리듬, 억양에 맞게 정확하게 따라 말할 수 있다.",,ncic_2015_eng_level_741_1
32637,[4영02-02],eval_criteria,중,"간단한 낱말이나 문장을 듣고 영어의 강세, 리듬, 억양에 맞게 대체로 따라 말할 수 있다.",,ncic_2015_eng_level_741_1
32638,[4영02-02],eval_criteria,하,"쉽고 간단한 낱말이나 문장을 반복하여 듣고 강세, 리듬, 억양에 맞게 일부 따라 말할 수 있다.",,ncic_2015_eng_level_741_1
32639,[4영02-03],eval_criteria,상,"그림, 실물, 동작에 관해 쉽고 간단한 낱말이나 어구, 문장으로 언어 형식에 맞게 말할 수 있다.",,ncic_2015_eng_level_741_1
32640,[4영02-03],eval_criteria,중,"그림, 실물, 동작에 관해 쉽고 간단한 낱말이나 어구, 문장으로 대체로 말할 수 있다.",,ncic_2015_eng_level_741_1
32641,[4영02-03],eval_criteria,하,"주어진 도움 자료를 사용하여 그림, 실물, 동작에 관해 쉽고 간단한 낱말이나 어구, 문장으로 일부 말할 수 있다. 교육과정 성취기준 평가기준",,ncic_2015_eng_level_741_1
32642,[4영02-04],eval_criteria,상,"한두 문장으로 이름, 나이, 좋아하는 것 등에 대해 자기를 소개하는 말을 적절한 낱말을 사용하여 언어 형식에 맞게 할 수 있다.",,ncic_2015_eng_level_741_1
32643,[4영02-04],eval_criteria,중,"한두 문장으로 이름과 나이, 좋아하는 것 등에 대해 자기를 소개하는 말을 적절한 낱말을 사용하여 할 수 있다.",,ncic_2015_eng_level_741_1
32644,[4영02-04],eval_criteria,하,"주어진 도움 자료를 사용하여 이름, 나이, 좋아하는 것 등에 대해 자기를 소개하는 말을 일부 할 수 있다.",,ncic_2015_eng_level_741_1
32645,[4영02-05],eval_criteria,상,한두 문장으로 지시하거나 설명하는 말을 적절한 낱말을 사용하여 언어 형식에 맞게 할 수 있다.,,ncic_2015_eng_level_741_1
32646,[4영02-05],eval_criteria,중,한두 문장으로 지시하거나 설명하는 말을 적절한 낱말을 사용하여 할 수 있다.,,ncic_2015_eng_level_741_1
32647,[4영02-05],eval_criteria,하,주어진 도움 자료를 사용하여 지시하거나 설명하는 말을 일부 할 수 있다.,,ncic_2015_eng_level_741_1
32648,[4영02-06],eval_criteria,상,쉽고 간단한 인사말을 적절한 낱말을 사용하여 언어 형식에 맞게 주고받을 수 있다.,,ncic_2015_eng_level_741_1
32649,[4영02-06],eval_criteria,중,쉽고 간단한 인사말을 적절한 낱말을 사용하여 주고받을 수 있다.,,ncic_2015_eng_level_741_1
32650,[4영02-06],eval_criteria,하,주어진 도움 자료를 사용하여 쉽고 간단한 인사말을 일부 주고받을 수 있다.,,ncic_2015_eng_level_741_1
32651,[4영02-07],eval_criteria,상,일상생활 속의 친숙한 주제에 관해 적절한 낱말과 정확한 언어 형식을 사용하여 쉽고 간단한 표현으로 묻거나 답할 수 있다.,,ncic_2015_eng_level_741_1
32652,[4영02-07],eval_criteria,중,일상생활 속의 친숙한 주제에 관해 적절한 낱말을 사용하여 쉽고 간단한 표현으로 묻거나 답할 수 있다.,,ncic_2015_eng_level_741_1
32653,[4영02-07],eval_criteria,하,일상생활 속의 친숙한 주제에 관해 시각 자료 등의 도움을 받아 쉽고 간단한 표현으로 일부 묻거나 답할 수 있다. 다. 읽기 교육과정 성취기준 평가기준,,ncic_2015_eng_level_741_1
32654,[4영03-01],eval_criteria,상,알파벳 대소문자를 식별하여 정확하게 읽을 수 있다.,,ncic_2015_eng_level_741_1
32655,[4영03-01],eval_criteria,중,알파벳 대소문자를 식별하여 대체로 읽을 수 있다.,,ncic_2015_eng_level_741_1
32656,[4영03-01],eval_criteria,하,알파벳 대소문자를 식별하여 일부 읽을 수 있다.,,ncic_2015_eng_level_741_1
32657,[4영03-02],eval_criteria,상,복잡한 소리와 철자의 관계를 이해하여 낱말을 정확하게 읽을 수 있다.,,ncic_2015_eng_level_741_1
32658,[4영03-02],eval_criteria,중,단순한 소리와 철자의 관계를 이해하여 낱말을 읽을 수 있다.,,ncic_2015_eng_level_741_1
32659,[4영03-02],eval_criteria,하,단순한 소리와 철자의 관계를 이해하여 쉽고 간단한 낱말을 부분적으로 읽을 수 있다.,,ncic_2015_eng_level_741_1
32660,[4영03-03],eval_criteria,상,"쉽고 간단한 낱말이나 어구, 문장을 정확하고 능숙하게 따라 읽을 수 있다.",,ncic_2015_eng_level_741_1
32661,[4영03-03],eval_criteria,중,"쉽고 간단한 낱말이나 어구, 문장을 대체로 따라 읽을 수 있다.",,ncic_2015_eng_level_741_1
32662,[4영03-03],eval_criteria,하,"쉽고 간단한 낱말이나 어구, 문장을 반복하여 듣고 부분적으로 따라 읽을 수 있다.",,ncic_2015_eng_level_741_1
32663,[4영03-04],eval_criteria,상,쉽고 간단한 낱말이나 어구를 읽고 의미를 정확하게 이해할 수 있다.,,ncic_2015_eng_level_741_1
32664,[4영03-04],eval_criteria,중,쉽고 간단한 낱말이나 어구를 읽고 의미를 대체로 이해할 수 있다.,,ncic_2015_eng_level_741_1
32665,[4영03-04],eval_criteria,하,쉽고 간단한 낱말이나 어구를 읽고 시각 자료 등의 도움을 받아 의미를 일부 이해할 수 있다.,,ncic_2015_eng_level_741_1
32666,[4영03-05],eval_criteria,상,쉽고 간단한 문장을 읽고 의미를 정확하게 이해할 수 있다.,,ncic_2015_eng_level_741_1
32667,[4영03-05],eval_criteria,중,쉽고 간단한 문장을 읽고 의미를 대체로 이해할 수 있다.,,ncic_2015_eng_level_741_1
32668,[4영03-05],eval_criteria,하,쉽고 간단한 문장을 읽고 시각 자료 등의 도움을 받아 의미를 일부 이해할 수 있다. 라. 쓰기 교육과정 성취기준 평가기준,,ncic_2015_eng_level_741_1
32669,[4영04-01],eval_criteria,상,알파벳 대소문자를 구별하여 정확하게 쓸 수 있다.,,ncic_2015_eng_level_741_1
32670,[4영04-01],eval_criteria,중,알파벳 대소문자를 구별하여 대체로 쓸 수 있다.,,ncic_2015_eng_level_741_1
32671,[4영04-01],eval_criteria,하,알파벳 대소문자를 구별하여 일부 쓸 수 있다.,,ncic_2015_eng_level_741_1
32672,[4영04-02],eval_criteria,상,구두로 익힌 낱말이나 어구를 정확하게 따라 쓰거나 보고 쓸 수 있다.,,ncic_2015_eng_level_741_1
32673,[4영04-02],eval_criteria,중,구두로 익힌 낱말이나 어구를 대체로 따라 쓰거나 보고 쓸 수 있다.,,ncic_2015_eng_level_741_1
32674,[4영04-02],eval_criteria,하,구두로 익힌 낱말이나 어구를 일부 따라 쓰거나 보고 쓸 수 있다.,,ncic_2015_eng_level_741_1
32675,[4영04-03],eval_criteria,상,다양한 실물이나 그림을 보고 쉽고 간단한 낱말이나 어구를 정확하게 쓸 수 있다.,,ncic_2015_eng_level_741_1
32676,[4영04-03],eval_criteria,중,실물이나 그림을 보고 쉽고 간단한 낱말이나 어구를 대체로 쓸 수 있다.,,ncic_2015_eng_level_741_1
32677,[4영04-03],eval_criteria,하,실물이나 그림을 보고 쉽고 간단한 낱말이나 어구를 주어진 철자를 사용하여 쓸 수 있다.,,ncic_2015_eng_level_741_1
33688,[6영01-01],eval_criteria,상,두세 개의 연속된 지시나 설명을 듣고 정확하게 이해할 수 있다.,,ncic_2015_eng_level_741_2
33689,[6영01-01],eval_criteria,중,두세 개의 연속된 지시나 설명을 듣고 대체로 이해할 수 있다.,,ncic_2015_eng_level_741_2
33690,[6영01-01],eval_criteria,하,두세 개의 연속된 간단한 지시나 설명을 반복하여 듣고 일부 이해할 수 있다.,,ncic_2015_eng_level_741_2
33691,[6영01-02],eval_criteria,상,"일상생활 속의 친숙한 주제에 관한 간단한 말이나 대화를 듣고 인물, 장소, 시간, 사건 등에 대한 전반적인 내용을 이해하여 세부 정보를 정확하게 파악할 수 있다.",,ncic_2015_eng_level_741_2
33692,[6영01-02],eval_criteria,중,"일상생활 속의 친숙한 주제에 관한 간단한 말이나 대화를 듣고 인물, 장소, 시간, 사건 등에 대한 내용을 어구나 문장을 통해 이해하여 세부 정보를 대체로 파악할 수 있다.",,ncic_2015_eng_level_741_2
33693,[6영01-02],eval_criteria,하,"일상생활 속의 친숙한 주제에 관한 간단한 말이나 대화를 반복하여 듣고 인물, 장소, 시간, 사건 등에 대한 내용을 낱말을 이용하여 세부 정보를 일부 파악할 수 있다.",,ncic_2015_eng_level_741_2
33694,[6영01-03],eval_criteria,상,그림이나 도표에 대한 쉽고 간단한 말이나 대화를 듣고 세부 정보를 정확하게 파악할 수 있다.,,ncic_2015_eng_level_741_2
33695,[6영01-03],eval_criteria,중,그림이나 도표에 대한 쉽고 간단한 말이나 대화를 듣고 세부 정보를 대체로 파악할 수 있다.,,ncic_2015_eng_level_741_2
33696,[6영01-03],eval_criteria,하,그림이나 도표에 대한 쉽고 간단한 말이나 대화를 반복하여 듣고 세부 정보를 일부 파악할 수 있다.,,ncic_2015_eng_level_741_2
33697,[6영01-04],eval_criteria,상,"사람, 사물 등의 대상을 비교하는 쉽고 간단한 말이나 대화를 듣고 모습, 색깔, 크기, 특징 등에 대한 세부 정보를 정확하게 파악할 수 있다.",,ncic_2015_eng_level_741_2
33698,[6영01-04],eval_criteria,중,"사람, 사물 등의 대상을 비교하는 쉽고 간단한 말이나 대화를 듣고  모습, 색깔, 크기, 특징 등에 대한 세부 정보를 대체로 파악할 수 있다.",,ncic_2015_eng_level_741_2
33699,[6영01-04],eval_criteria,하,"사람, 사물 등의 대상을 비교하는 쉽고 간단한 말이나 대화를 반복하여 듣고 모습, 색깔, 크기, 특징 등에 대한 세부 정보를 시각자료 등의 도움을 받아 일부 파악할 수 있다.",,ncic_2015_eng_level_741_2
33700,[6영01-05],eval_criteria,상,"쉽고 간단한 말이나 대화를 듣고 인물, 주요 사건, 장소 등을 전반적으로 이해하여 줄거리를 정확하게 파악할 수 있다.",,ncic_2015_eng_level_741_2
33701,[6영01-05],eval_criteria,중,"쉽고 간단한 말이나 대화를 듣고 인물, 주요 사건, 장소 등을 대략적으로 이해하여 줄거리를 파악할 수 있다.",,ncic_2015_eng_level_741_2
33702,[6영01-05],eval_criteria,하,"쉽고 간단한 말이나 대화를 반복하여 듣고 인물, 주요 사건, 장소 등을 일부 이해하여 줄거리를 부분적으로 파악할 수 있다.",,ncic_2015_eng_level_741_2
33703,[6영01-06],eval_criteria,상,쉽고 간단한 말이나 대화를 듣고 화자의 목적을 정확하게 파악할 수 있다.,,ncic_2015_eng_level_741_2
33704,[6영01-06],eval_criteria,중,쉽고 간단한 말이나 대화를 듣고 화자의 목적을 대략적으로 파악할 수 있다.,,ncic_2015_eng_level_741_2
33705,[6영01-06],eval_criteria,하,쉽고 간단한 말이나 대화를 반복하여 듣고 시각 자료 등의 도움을 받아 화자의 목적을 부분적으로 파악할 수 있다.,,ncic_2015_eng_level_741_2
33706,[6영01-07],eval_criteria,상,쉽고 간단한 말이나 대화를 듣고 전반적으로 이해하여 일의 순서를 정확하게 파악할 수 있다.,,ncic_2015_eng_level_741_2
33707,[6영01-07],eval_criteria,중,쉽고 간단한 말이나 대화를 듣고 대략적으로 이해하여 일의 순서를 파악할 수 있다.,,ncic_2015_eng_level_741_2
33708,[6영01-07],eval_criteria,하,쉽고 간단한 말이나 대화를 반복하여 듣고 시각 자료 등의 도움을 받아 일의 순서를 일부 파악할 수 있다. 나. 말하기 교육과정 성취기준 평가기준,,ncic_2015_eng_level_741_2
33709,[6영02-01],eval_criteria,상,"그림, 실물, 동작에 관해 적절한 낱말과 정확한 언어 형식을 사용하여 한두 문장으로 말할 수 있다.",,ncic_2015_eng_level_741_2
33710,[6영02-01],eval_criteria,중,"그림, 실물, 동작에 관해 적절한 낱말을 사용하여 한두 문장으로 말할 수 있다.",,ncic_2015_eng_level_741_2
33711,[6영02-01],eval_criteria,하,"그림, 실물, 동작에 관해 주어진 낱말을 참고하여 한두 문장으로 일부 말할 수 있다.",,ncic_2015_eng_level_741_2
33712,[6영02-02],eval_criteria,상,"주변 사람에 관해 관계, 직업 등을 적절한 낱말과 정확한 언어 형식을 사용하여 쉽고 간단한 문장으로 소개할 수 있다.",,ncic_2015_eng_level_741_2
33713,[6영02-02],eval_criteria,중,"주변 사람에 관해 관계, 직업 등을 적절한 낱말을 사용하여 쉽고 간단한 문장으로 소개할 수 있다.",,ncic_2015_eng_level_741_2
33714,[6영02-02],eval_criteria,하,"주변 사람에 관해 관계, 직업 등을 주어진 낱말을 참고하여 쉽고 간단한 문장으로 일부 소개할 수 있다.",,ncic_2015_eng_level_741_2
33715,[6영02-03],eval_criteria,상,주변 사람과 사물의 특징적인 모습을 적절한 낱말과 정확한 언어 형식을 사용하여 쉽고 간단한 문장으로 묘사할 수 있다.,,ncic_2015_eng_level_741_2
33716,[6영02-03],eval_criteria,중,주변 사람과 사물의 특징적인 모습을 적절한 낱말을 사용하여 쉽고 간단한 문장으로 묘사할 수 있다.,,ncic_2015_eng_level_741_2
33717,[6영02-03],eval_criteria,하,주변 사람과 사물의 특징적인 모습을  주어진 낱말을 참고하여 쉽고 간단한 문장으로 일부 묘사할 수 있다.,,ncic_2015_eng_level_741_2
33718,[6영02-04],eval_criteria,상,주변 위치나 장소에 관해 적절한 낱말과 정확한 언어 형식을 사용하여 쉽고 간단한 문장으로 설명할 수 있다.,,ncic_2015_eng_level_741_2
33719,[6영02-04],eval_criteria,중,주변 위치나 장소에 관해 적절한 낱말을 사용하여 쉽고 간단한 문장으로 설명할 수 있다.,,ncic_2015_eng_level_741_2
33720,[6영02-04],eval_criteria,하,주변 위치나 장소에 관해 주어진 낱말을 참고하여 쉽고 간단한 문장으로 일부 설명할 수 있다.,,ncic_2015_eng_level_741_2
33721,[6영02-05],eval_criteria,상,간단한 그림이나 도표의 세부 정보에 대해 적절한 낱말과 정확한 언어 형식을 사용하여 묻거나 답할 수 있다.,,ncic_2015_eng_level_741_2
33722,[6영02-05],eval_criteria,중,간단한 그림이나 도표의 세부 정보에 대해 적절한 낱말을 사용하여 묻거나 답할 수 있다.,,ncic_2015_eng_level_741_2
33723,[6영02-05],eval_criteria,하,간단한 그림이나 도표의 세부 정보에 대해 주어진 낱말을 참고하여 부분적으로 묻거나 답할 수 있다.,,ncic_2015_eng_level_741_2
33724,[6영02-06],eval_criteria,상,자신의 경험이나 계획에 대해 적절한 낱말과 정확한 언어 형식을 사용하여 간단히 묻거나 답할 수 있다.,,ncic_2015_eng_level_741_2
33725,[6영02-06],eval_criteria,중,자신의 경험이나 계획에 대해 적절한 낱말을 사용하여  간단히 묻거나 답할 수 있다.,,ncic_2015_eng_level_741_2
33726,[6영02-06],eval_criteria,하,자신의 경험이나 계획에 대해 주어진 낱말을 참고하여 일부 묻거나 답할 수 있다.,,ncic_2015_eng_level_741_2
33727,[6영02-07],eval_criteria,상,일상생활 속의 친숙한 주제에 관해 적절한 낱말과 정확한 언어 형식을 사용하여 간단히 묻거나 답할 수 있다.,,ncic_2015_eng_level_741_2
33728,[6영02-07],eval_criteria,중,일상생활 속의 친숙한 주제에 관해 적절한 낱말을 사용하여 간단히 묻거나 답할 수 있다.,,ncic_2015_eng_level_741_2
33729,[6영02-07],eval_criteria,하,일상생활 속의 친숙한 주제에 관해 주어진 낱말을 참고하여 일부 묻거나 답할 수 있다. 다. 읽기 교육과정 성취기준 평가기준,,ncic_2015_eng_level_741_2
33730,[6영03-01],eval_criteria,상,"쉽고 간단한 문장을 강세, 리듬, 억양에 맞게 정확하고 능숙하게 소리 내어 읽을 수 있다.",,ncic_2015_eng_level_741_2
33731,[6영03-01],eval_criteria,중,"쉽고 간단한 문장을 강세, 리듬, 억양에 맞게 대체로 소리 내어 읽을 수 있다.",,ncic_2015_eng_level_741_2
33732,[6영03-01],eval_criteria,하,"쉽고 간단한 문장을 강세, 리듬, 억양에 맞게 부분적으로 소리 내어 읽을 수 있다.",,ncic_2015_eng_level_741_2
33733,[6영03-02],eval_criteria,상,다양한 그림이나 도표에 대한 쉽고 짧은 글을 읽고 세부 정보를 정확하게 파악할 수 있다.,,ncic_2015_eng_level_741_2
33734,[6영03-02],eval_criteria,중,그림이나 도표에 대한 쉽고 짧은 글을 읽고 세부 정보를 대체로 파악할 수 있다.,,ncic_2015_eng_level_741_2
33735,[6영03-02],eval_criteria,하,그림이나 도표에 대한 쉽고 짧은 글을 읽고 주어진 도움 자료를 사용하여 세부정보를 일부 파악할 수 있다.,,ncic_2015_eng_level_741_2
33736,[6영03-03],eval_criteria,상,"일상생활 속의 친숙한 주제에 관한 쉽고 짧은 글을 읽고 인물, 장소, 시간, 사건 등에 대한 내용을 전반적으로 이해하여 세부 정보를 정확하게 파악할 수 있다.",,ncic_2015_eng_level_741_2
33737,[6영03-03],eval_criteria,중,"일상생활 속의 친숙한 주제에 관한 쉽고 짧은 글을 읽고 인물, 장소, 시간, 사건 등에 대한 내용을 어구나 문장을 통해 이해하여 세부 정보를 대체로 파악할 수 있다.",,ncic_2015_eng_level_741_2
33738,[6영03-03],eval_criteria,하,"일상생활 속의 친숙한 주제에 관한 쉽고 짧은 글을 읽고 시각 자료 등의 도움을 받아 인물, 장소, 시간, 사건 등에 대한 내용을 낱말을 통해 이해하여 세부 정보를 일부 파악할 수 있다.",,ncic_2015_eng_level_741_2
33739,[6영03-04],eval_criteria,상,쉽고 짧은 글을 읽고 줄거리나 목적 등을 전반적으로 이해하여 중심 내용을 정확하게 파악할 수 있다.,,ncic_2015_eng_level_741_2
33740,[6영03-04],eval_criteria,중,쉽고 짧은 글을 읽고 줄거리나 목적 등을 대략적으로 이해하여 중심 내용을 파악할 수 있다.,,ncic_2015_eng_level_741_2
33741,[6영03-04],eval_criteria,하,쉽고 짧은 글을 읽고 시각 자료 등의 도움을 받아 줄거리나 목적 등을 일부 이해하여 중심 내용을 부분적으로 파악할 수 있다. 라. 쓰기 교육과정 성취기준 평가기준,,ncic_2015_eng_level_741_2
33742,[6영04-01],eval_criteria,상,소리와 철자의 관계를 바탕으로 쉽고 간단한 낱말이나 어구를 듣고 철자법에 맞게 정확하게 쓸 수 있다.,,ncic_2015_eng_level_741_2
33743,[6영04-01],eval_criteria,중,"소리와 철자의 관계를 바탕으로 쉽고 간단한 낱말이나 어구를 듣고, 철자법에 맞게 대체로 쓸 수 있다.",,ncic_2015_eng_level_741_2
33744,[6영04-01],eval_criteria,하,소리와 철자의 관계를 바탕으로 쉽고 간단한 낱말이나 어구를 반복하여 듣고 일부 쓸 수 있다.,,ncic_2015_eng_level_741_2
33745,[6영04-02],eval_criteria,상,알파벳 대소문자와 문장 부호를 다양한 문장에서 바르게 사용할 수 있다.,,ncic_2015_eng_level_741_2
33746,[6영04-02],eval_criteria,중,알파벳 대소문자와 문장부호를 문장에서 대체로 바르게 사용할 수 있다.,,ncic_2015_eng_level_741_2
33747,[6영04-02],eval_criteria,하,예시문을 참고하여 알파벳 대소문자와 문장부호를 쉽고 간단한 문장에서 일부 바르게 사용할 수 있다.,,ncic_2015_eng_level_741_2
33748,[6영04-03],eval_criteria,상,구두로 익힌 문장을 철자법과 문장부호를 바르게 사용하여 쓸 수 있다.,,ncic_2015_eng_level_741_2
33749,[6영04-03],eval_criteria,중,구두로 익힌 문장을 철자법과 문장부호를 대체로 바르게 사용하여 쓸 수 있다.,,ncic_2015_eng_level_741_2
33750,[6영04-03],eval_criteria,하,구두로 익힌 문장을 주어진 낱말을 이용하여 일부 쓸 수 있다.,,ncic_2015_eng_level_741_2
33751,[6영04-04],eval_criteria,상,실물이나 그림을 보고 적절한 낱말과 정확한 언어 형식을 사용하여 한두 문장으로 쓸 수 있다.,,ncic_2015_eng_level_741_2
33752,[6영04-04],eval_criteria,중,실물이나 그림을 보고 적절한 낱말을 사용하여 한두 문장으로 쓸 수 있다.,,ncic_2015_eng_level_741_2
33753,[6영04-04],eval_criteria,하,실물이나 그림을 보고 주어진 낱말을 이용하여 일부 쓸 수 있다.,,ncic_2015_eng_level_741_2
33754,[6영04-05],eval_criteria,상,"예시문을 참고하여 간단한 초대, 감사, 축하 등의 글을 자신의 상황과 목적에 맞게 적절한 낱말과 정확한 언어 형식을 사용하여 쓸 수 있다.",,ncic_2015_eng_level_741_2
33755,[6영04-05],eval_criteria,중,"예시문을 참고하여 간단한 초대, 감사, 축하 등의 글을 자신의 상황과 목적에 맞게 적절한 낱말을 사용하여 대체로 쓸 수 있다.",,ncic_2015_eng_level_741_2
33756,[6영04-05],eval_criteria,하,"예시문과 주어진 낱말을 참고하여 간단한 초대, 감사, 축하 등의 글을 일부 쓸 수 있다.",,ncic_2015_eng_level_741_2
33757,[12실영01-01],eval_criteria,상,"실생활 중심의 다양한 주제에 관한 길고 복잡한 방송, 광고, 안내 등을 듣고 세부 정보를 정확하게 파악할 수 있다.",,ncic_2015_eng_level_746
33758,[12실영01-01],eval_criteria,중,"실생활 중심의 다양한 주제에 관한 방송, 광고, 안내 등을 듣고 세부 정보를 대략적으로 파악할 수 있다.",,ncic_2015_eng_level_746
33759,[12실영01-01],eval_criteria,하,"실생활 중심의 다양한 주제에 관한 짧은 방송, 광고, 안내 등을 반복하여 듣고 세부 정보를 부분적으로 파악할 수 있다.",,ncic_2015_eng_level_746
33760,[12실영01-02],eval_criteria,상,실생활 중심의 다양한 주제에 관한 길고 복잡한 말이나 대화를 듣고 사실 정보와 맥락 정보를 바탕으로 주제 및 요지를 정확하게 파악할 수 있다.,,ncic_2015_eng_level_746
33761,[12실영01-02],eval_criteria,중,실생활 중심의 다양한 주제에 관한 말이나 대화를 듣고 사실 정보를 바탕으로 주제 및 요지를 대략적으로 파악할 수 있다.,,ncic_2015_eng_level_746
33762,[12실영01-02],eval_criteria,하,실생활 중심의 다양한 주제에 관한 짧은 말이나 대화를 반복해서 듣고 단순 사실 정보를 바탕으로 주제 및 요지를 부분적으로 파악할 수 있다.,,ncic_2015_eng_level_746
33763,[12실영01-03],eval_criteria,상,실생활 중심의 다양한 주제에 관한 길고 복잡한 말이나 대화를 듣고 사실 정보와 맥락 정보를 바탕으로 내용의 논리적 관계를 정확하게 파악할 수 있다.,,ncic_2015_eng_level_746
33764,[12실영01-03],eval_criteria,중,실생활 중심의 다양한 주제에 관한 말이나 대화를 듣고 사실 정보를 바탕으로 내용의 논리적 관계를 대략적으로 파악할 수 있다.,,ncic_2015_eng_level_746
33765,[12실영01-03],eval_criteria,하,실생활 중심의 다양한 주제에 관한 말이나 대화를 듣고 단순 사실 정보를 바탕으로 내용의 논리적 관계를 부분적으로 파악할 수 있다. 교육과정 성취기준 평가준거 성취기준 평가기준,,ncic_2015_eng_level_746
33766,[12실영01-04],eval_criteria,상,실생활 중심의 다양한 주제에 관한 길고 복잡한 말이나 대화를 듣고 사실 정보와 맥락 정보를 바탕으로 화자의 의도나 말의 목적을 정확하게 파악할 수 있다.,,ncic_2015_eng_level_746
33767,[12실영01-04],eval_criteria,중,실생활 중심의 다양한 주제에 관한 말이나 대화를 듣고 사실 정보를 바탕으로 화자의 의도나 말의 목적을 대략적으로 파악할 수 있다.,,ncic_2015_eng_level_746
33768,[12실영01-04],eval_criteria,하,실생활 중심의 다양한 주제에 관한 짧은 말이나 대화를 반복해서 듣고 단순한 사실 정보를 바탕으로 화자의 의도나 말의 목적을 부분적으로 파악할 수 있다. (2) 말하기 영역 교육과정 성취기준 평가준거 성취기준 평가기준,,ncic_2015_eng_level_746
33769,[12실영02-01],eval_criteria,상,실생활 중심의 다양한 주제에 관한 길고 복잡한 글이나 대화를 듣거나 읽고 다양하고 적절한 어휘와 표현을 활용하여 세부 정보를 정확하게 말할 수 있다.,,ncic_2015_eng_level_746
33770,[12실영02-01],eval_criteria,중,실생활 중심의 다양한 주제에 관한 글이나 대화를 듣거나 읽고 적절한 어휘와 표현을 활용하여 세부 정보를 대략적으로 말할 수 있다.,,ncic_2015_eng_level_746
33771,[12실영02-01],eval_criteria,하,실생활 중심의 다양한 주제에 관한 짧은 글이나 대화를 듣거나 읽고 주어진 어휘와 예시문을 참고하여 세부 정보를 부분적으로 말할 수 있다.,,ncic_2015_eng_level_746
33772,[12실영02-02],eval_criteria,상,실생활 중심의 다양한 주제에 관한 길고 복잡한 글이나 대화를 듣거나 읽고 다양하고 적절한 어휘와 표현을 활용하여 중심 내용을 정확하게 말할 수 있다.,,ncic_2015_eng_level_746
33773,[12실영02-02],eval_criteria,중,실생활 중심의 다양한 주제에 관한 글이나 대화를 듣거나 읽고 적절한 어휘와 표현을 활용하여 중심 내용을 대략적으로 말할 수 있다.,,ncic_2015_eng_level_746
33774,[12실영02-02],eval_criteria,하,실생활 중심의 다양한 주제에 관한 짧은 글이나 대화를 듣거나 읽고 주어진 어휘와 예시문을 참고하여 중심 내용을 부분적으로 말할 수 있다.,,ncic_2015_eng_level_746
33775,[12실영02-03],eval_criteria,상,실생활 중심의 다양한 주제에 관해 다양하고 적절한 어휘와 표현을 활용하여 자신의 의견이나 감정을 정확하게 말할 수 있다.,,ncic_2015_eng_level_746
33776,[12실영02-03],eval_criteria,중,실생활 중심의 다양한 주제에 관해 적절한 어휘와 표현을 활용하여 자신의 의견이나 감정을 대략적으로 말할 수 있다.,,ncic_2015_eng_level_746
33777,[12실영02-03],eval_criteria,하,실생활 중심의 다양한 주제에 관해 주어진 어휘와 예시문을 참고하여 자신의 의견이나 감정을 부분적으로 말할 수 있다.,,ncic_2015_eng_level_746
33778,[12실영02-04],eval_criteria,상,실생활 중심의 다양한 주제에 관한 정보를 다양하고 적절한 어휘와 표현을 활용하여 정확하게 묻고 답할 수 있다.,,ncic_2015_eng_level_746
33779,[12실영02-04],eval_criteria,중,실생활 중심의 다양한 주제에 관한 정보를 적절한 어휘와 표현을 활용하여 대략적으로 묻고 답할 수 있다.,,ncic_2015_eng_level_746
33780,[12실영02-04],eval_criteria,하,실생활 중심의 다양한 주제에 관한 정보를 주어진 어휘와 예시문을 참고하여 부분적으로 묻고 답할 수 있다.,,ncic_2015_eng_level_746
33784,[12실영03-01],eval_criteria,상,"실생활 중심의 다양한 주제에 관한 길고 복잡한 광고, 안내문 등을 읽고 세부 정보를 정확하게 파악할 수 있다.",,ncic_2015_eng_level_746
33785,[12실영03-01],eval_criteria,중,"실생활 중심의 다양한 주제에 관한 광고, 안내문 등을 읽고 세부 정보를 대략적으로 파악할 수 있다.",,ncic_2015_eng_level_746
33786,[12실영03-01],eval_criteria,하,"실생활 중심의 다양한 주제에 관한 짧은 광고, 안내문 등을 반복적으로 읽고 세부 정보를 부분적으로 파악할 수 있다.",,ncic_2015_eng_level_746
33787,[12실영03-02],eval_criteria,상,실생활 중심의 다양한 주제에 관한 길고 복잡한 글을 읽고 사실 정보와 맥락 정보를 바탕으로 주제 및 요지를 정확하게 파악할 수 있다.,,ncic_2015_eng_level_746
33788,[12실영03-02],eval_criteria,중,실생활 중심의 다양한 주제에 관한 글을 읽고 사실 정보를 바탕으로 주제 및 요지를 대략적으로 파악할 수 있다.,,ncic_2015_eng_level_746
33789,[12실영03-02],eval_criteria,하,실생활 중심의 다양한 주제에 관한 짧은 글을 읽고 단순 사실 정보를 바탕으로 주제 및 요지를 부분적으로 파악할 수 있다.,,ncic_2015_eng_level_746
33790,[12실영03-03],eval_criteria,상,"실생활 중심의 다양한 주제에 관한 길고 복잡한 글을 읽고 사실 정보와 맥락 정보를 바탕으로 일이나 사건의 순서, 전후 관계를 이해하여 내용의 논리적 관계를 정확하게 파악할 수 있다.",,ncic_2015_eng_level_746
33791,[12실영03-03],eval_criteria,중,"실생활 중심의 다양한 주제에 관한 글을 읽고 사실 정보를 바탕으로 일이나 사건의 순서, 전후 관계를 이해하여 내용의 논리적 관계를 대략적으로 파악할 수 있다.",,ncic_2015_eng_level_746
33792,[12실영03-03],eval_criteria,하,"실생활 중심의 다양한 주제에 관한 짧은 글을 읽고 단순 사실 정보를 바탕으로 일이나 사건의 순서, 전후 관계를 이해하여 내용의 논리적 관계를 부분적으로 파악할 수 있다.",,ncic_2015_eng_level_746
33793,[12실영03-04],eval_criteria,상,실생활 중심의 다양한 주제에 관한 길고 복잡한 글을 읽고 사실 정보와 맥락 정보를 바탕으로 필자의 의도나 글의 목적을 정확하게 파악할 수 있다.,,ncic_2015_eng_level_746
33794,[12실영03-04],eval_criteria,중,실생활 중심의 다양한 주제에 관한 글을 읽고 사실 정보를 바탕으로 필자의 의도나 글의 목적을 대략적으로 파악할 수 있다.,,ncic_2015_eng_level_746
33795,[12실영03-04],eval_criteria,하,실생활 중심의 다양한 주제에 관한 짧은 글을 읽고 단순 사실 정보를 바탕으로 필자의 의도나 글의 목적을 부분적으로 파악할 수 있다. (4) 쓰기 영역 교육과정 성취기준 평가준거 성취기준 평가기준,,ncic_2015_eng_level_746
33796,[12실영04-01],eval_criteria,상,실생활 중심의 다양한 주제에 관한 길고 복잡한 대화나 글을 듣거나 읽고 다양하고 적절한 어휘와 정확한 언어 형식을 활용하여 필요한 정보를 정확하게 기록할 수 있다.,,ncic_2015_eng_level_746
33797,[12실영04-01],eval_criteria,중,실생활 중심의 다양한 주제에 관한 대화나 글을 듣거나 읽고 적절한 어휘와 언어 형식을 활용하여 필요한 정보를 대략적으로 기록할 수 있다.,,ncic_2015_eng_level_746
33798,[12실영04-01],eval_criteria,하,실생활 중심의 다양한 주제에 관한 짧은 대화나 글을 듣거나 읽고 주어진 어휘와 예시문을 참고하여 필요한 정보를 부분적으로 기록할 수 있다.,,ncic_2015_eng_level_746
33802,[12실영04-03],eval_criteria,상,"서식, 이메일, 메모 등을 다양하고 적절한 어휘와 정확한 언어 형식을 활용하여 상황과 목적에 맞도록 정확하게 작성할 수 있다.",,ncic_2015_eng_level_746
33803,[12실영04-03],eval_criteria,중,"서식, 이메일, 메모 등을 비교적 적절한 어휘와 언어 형식을 활용하여 상황과 목적에 맞도록 대략적으로 작성할 수 있다.",,ncic_2015_eng_level_746
33804,[12실영04-03],eval_criteria,하,"서식, 이메일, 메모 등을 주어진 어휘와 예시문을 참고하여 상황과 목적에 맞도록 부분적으로 작성할 수 있다.",,ncic_2015_eng_level_746
33808,[12실영04-02],eval_criteria,상,■ 실생활 중심의 다양한 주제에 관한 길고 복잡한 대화나 글을 듣거나 읽고 다양하고 적절한 어휘와 정확한 언어 형식을 활용하여 필요한 정보를 정확하게 기록할 수 있다. 실생활 중심의 다양한 주제에 관해 다양하고 적절한 어휘와 정확한 언어 형식을 활용하여 자신의 의견이나 감정을 정확하게 쓸 수 있다.,,ncic_2015_eng_level_746
33809,[12실영04-02],eval_criteria,중,■ 실생활 중심의 다양한 주제에 관한 대화나 글을 듣거나 읽고 적절한 어휘와 언어 형식을 활용하여 필요한 정보를 대략적으로 기록할 수 있다. 실생활 중심의 다양한 주제에 관해 적절한 어휘와 정확한 언어 형식을 활용하여 자신의 의견이나 감정을 대략적으로 쓸 수 있다.,,ncic_2015_eng_level_746
33810,[12실영04-02],eval_criteria,하,"■ 실생활 중심의 다양한 주제에 관한 짧고 단순한 대화나 글을 듣거나 읽고 적절한 어휘와 언어 형식을 활용하여 필요한 정보를 부분적으로 기록할 수 있다. 실생활 중심의 다양한 주제에 관해 주어진 어휘와 예시문을 참고하여 자신의 의견이나 감정을 부분적으로 쓸 수 있다. 문항 유형 지필 평가 □ 선다형      □ 진위형     □ 연결형    □ 조합형 □ 단답형      ■ 서술형     □ 기타(                ) 수행 평가 □ 과제 해결   □ 논술・구술  □ 토론・토의         □ 프로젝트 □ 실험・실습  □ 포트폴리오  □ 자기평가・동료평가 핵심 역량 [영어 의사소통 역량] 전달하고자 하는 내용을 다양한 표현과 형식에 맞춰 영어로 전달함. [지식정보처리 역량] 다양한 정보를 기반으로 설득하는 말하기를 수행하며 효과적으로 정보를 전달함. 출제 의도 다양한 정보를 토대로, 주어진 조건을 충족시킬 수 있는 설득하는 쓰기 활동을 진행하여 자신의 의견을 효과적으로 전달할 수 있는 능력을 향상시킨다. 평가를 시행하기 전, 학습자들은 환경 보호에 대한 배경지식을 쌓고, 환경오염을 줄일 수 있는 다양한 방법을 찾아보고, 이를 바탕으로 친구들에게 환경 보호를 실천할 수 있는 구체적인 방안을 제안하는 글을 쓰는 활동을 진행한다. 교수·학습 활동 및 평가 계획 평가 교수·학습 활동 쓰기 평가 배운 표현 확인하기 ◀◀ 환경오염 실태에 대한 동영상 시청하기 환경오염을 나타내는 표현을 학습하기 읽기 평가 세부 정보 파악하기 ◀◀ 환경오염에 관한 다양한 기사 읽기 정보를 파악하여 도표에 기록하기 쓰기 평가 제안하는 글쓰기 ◀◀ 환경 보호를 위한 실천 방안 쓰기 ※ 위 과정은 여러 차시에 걸친 한 단원의 수업 전개 모습이다. ※ 학습 단계의 일부에 해당하는 평가 문항을 제시하고자 한다. 평가 문항 예시 제안하는 글쓰기 [교수학습 활동] - 환경오염을 보여주는 다양한 동영상을 시청하도록 하여 주제에 관련한 관심을 높인다. 스스로 환경 보호를 위해 얼마나 노력하고 있는지를 확인하는 기회를 갖는다. (동영상: https://www.youtube.com/watch?v=JaSe85Mcwp0) - 환경 보호와 관련한 다양한 단어와 표현을 익히는 활동을 한다. - 환경오염에 관한 다양한 기사를 읽고 환경오염의 원인, 결과, 예방 방법에 관한 정보를 기록하게 한다. 일상생활에서 환경을 보호할 수 있는 방법에 대하여 논의하게 한다. [평가문항]  Imagine you are an environmentalist  Complete the writing by suggesting more than 3 ways of protecting the environment with detailed examples. Hello! As you know I'm an environmentalist and I've tried to let people know that they can do something to protect the environment. So, I'm here today to suggest some of the simple things you can do in your daily life. Now, you may think my suggestions are very small, but in fact they are not. I hope you make them part of your daily routine to save this planet. [예시답안]  Hello! As you know I'm an environmentalist and I've tried to let people know that they can do something to protect the environment. So, I'm here today to suggest some of the simple things you can do in your daily life. First of all, save resources. You can conserve water by taking shorter showers. And you can conserve energy by unplugging your cell phones right after they are charged. Second, recycle the right way. When you put paper out for recycling, never crumple it up. Also, never put trash in cans or bottles. These make things hard to be recycled. And, you can't forget about using eco-friendly items. Do you use your own reusable bottles instead of paper cups for drinks? Then, great! You can also buy rechargeable batteries instead of disposable batteries. Lastly, prevent environmental pollution. Dispose of old medicines in the trash, not in toilets because they will contaminate the water supply. However, you should not dump electronic waste in the trash. It contains harmful components such as lead, so it will pollute the soil. Now, you may think my suggestions are very small, but in fact they are not. I hope you make them part of your daily routine to save this planet. * 출처: YBM 심화영어회화Ⅰ p.54",,ncic_2015_eng_level_746
33811,[12실영04-04],eval_criteria,상,"■ 실생활 중심의 다양한 주제에 관한 길고 복잡한 광고, 안내문 등을 읽고 세부 정보를 정확하게 파악할 수 있다. 실생활 중심의 다양한 주제에 관한 그림, 도표 등을 다양하고 적절한 어휘와 정확한 언어 형식을 활용하여 간단히 설명하는 글을 정확하게 쓸 수 있다.",,ncic_2015_eng_level_746
33812,[12실영04-04],eval_criteria,중,"■ 실생활 중심의 다양한 주제에 관한 광고, 안내문 등을 읽고 세부 정보를 대략적으로 파악할 수 있다. 실생활 중심의 다양한 주제에 관한 그림, 도표 등을 적절한 어휘와 언어 형식을 활용하여 간단히 설명하는 글을 대략적으로 쓸 수 있다.",,ncic_2015_eng_level_746
33813,[12실영04-04],eval_criteria,하,"■ 실생활 중심의 다양한 주제에 관한 짧은 광고, 안내문 등을 반복적으로 읽고 세부 정보를 부분적으로 파악할 수 있다. 실생활 중심의 다양한 주제에 관한 그림, 도표 등을 주어진 어휘와 예시문을 참고하여 간단히 설명하는 글을 부분적으로 쓸 수 있다. 문항 유형 지필 평가 □ 선다형      □ 진위형     □ 연결형    □ 조합형 □ 단답형      ■ 서술형     □ 기타(                ) 수행 평가 □ 과제 해결   □ 논술・구술  □ 토론・토의         □ 프로젝트 □ 실험・실습  □ 포트폴리오  □ 자기평가・동료평가 핵심 역량 [영어 의사소통 역량] 자신의 경험과 관련된 내용을 주어진 조건에 맞게끔 영어로 표현함. [지식정보처리 역량] 6하원칙(5W1H)에 근거하여 자신의 경험을 정리하며, 이를 바탕으로 정확한 정보를 전달함. 출제 의도 자신의 실제 경험과 관련한 글쓰기 결과를 과제 완성(task completion), 내용(content), 정확성(accuracy) 측면에서 평가하고자 한다. 자신의 경험을 토대로, 주어진 조건을 충족시킬 수 있는 정보를 전달하는 쓰기 활동을 진행하여 학생의 영어 의사소통능력을 향상시킨다. 평가를 시행하기 전, 학습자들은 자신의 경험을 말하는 다양한 표현을 학습하고, 이를 바탕으로 자신의 여행에 대한 세부적인 내용을 표현하는 쓰기 활동을 진행한다. 교수·학습 활동 및 평가 계획 평가 교수·학습 활동 읽기 평가 세부 질문에 답하기 ◀◀ 여행지를 소개하는 글 읽기 자신이 읽은 여행지에 관해 친구에게 소개하기 쓰기 평가 여행지에 대한 소감문 쓰기 ◀◀ 기억에 가장 남는 여행지에 대한 소감문 쓰기 말하기 평가 여행지 소개하기 ◀◀ 가 보고 싶은 여행지를 골라 소개하기 ※ 위 과정은 여러 차시에 걸친 한 단원의 수업 전개 모습이다. ※ 학습 단계의 일부에 해당하는 평가 문항을 제시하고자 한다. 평가 문항 예시 여행지에 대한 소감문쓰기 [교수학습 활동] - 세계의 여행지를 소개하는 다양한 동영상을 시청하며 주제에 대한 흥미를 높인다. - 그룹별로 자신의 기억에 남는 여행지를 말해 보는 활동을 통해, 배경지식을 공유한다. - 평가 기준 및 평가 시 유의할 점을 설명한다. [평가문항]  Introduce the best place you have visited to your class.  Write more than 80 words.  You should include the following information: ① the place you like best     ② the time you visited there ③ the person you went with  ④ transportation you used ⑤ what you did there         ⑥ what you liked there so much. [예시답안]  Introduce the best place you have visited to your class.  Write an introduction of more than 80 words. You should include the following information: ① the place you like best      ② the time you visited there ③ the person you went with    ④ transportation you used ⑤ what you did there          ⑥ why you liked there so much. I like Gyeongbokgung Palace best. I visited there with my Chinese friends three months ago. We got there by subway, Line No.1 and bus. I visited many historical places such as Gwanghwamun Gate or Deoksugung Palace, and I saw a Korean traditional ritual performed by people wearing traditional clothes. Also, I did several Korean traditional games such as yunnori, and jegichagi. I like it there so much because I learned so much about Korean history, and the traditional buildings were so beautiful.",,ncic_2015_eng_level_746
33817,[12실영02-05],eval_criteria,상,"■ 실생활 중심의 다양한 주제에 관한 길고 복잡한 글이나 대화를 듣거나 읽고 다양하고 적절한 어휘와 표현을 활용하여 세부 정보를 정확하게 설명할 수 있다. 실생활 중심의 다양한 주제에 관해 다양하고 적절한 어휘와 표현으로 그림, 도표, 서식 등을 활용하여 정확하게 설명할 수 있다.",,ncic_2015_eng_level_746
33818,[12실영02-05],eval_criteria,중,"■ 실생활 중심의 다양한 주제에 관한 글이나 대화를 듣거나 읽고 적절한 어휘와 표현을 활용하여 세부 정보를 대략적으로 설명할 수 있다. 실생활 중심의 다양한 주제에 관해 적절한 어휘와 표현으로 그림, 도표, 서식 등을 활용하여 대략적으로 설명할 수 있다.",,ncic_2015_eng_level_746
33819,[12실영02-05],eval_criteria,하,"■ 실생활 중심의 다양한 주제에 관한 짧은 글이나 대화를 듣거나 읽고 주어진 어휘와 예시문을 참고하여 세부 정보를 부분적으로 설명할 수 있다. 실생활 중심의 다양한 주제에 관해 주어진 어휘와 예시문의 표현으로 그림, 도표, 서식 등을 활용하여 부분적으로 설명할 수 있다. 문항 유형 지필 평가 □ 선다형      □ 진위형     □ 연결형    □ 조합형 □ 단답형      □ 서술형     □ 기타(                ) 수행 평가 ■ 과제 해결   ■ 논술・구술  □  토론・토의       ■ 프로젝트 □ 실험・실습  □ 포트폴리오  ■ 자기평가・동료평가 핵심 역량 [영어 의사소통 역량] 나만의 스마트폰에 대한 사용 설명서를 작성하고 발표하는 활동을 통해 자신의 생각을 영어로 전달하는 의사소통 능력을 함양함 [지식정보처리 역량] 스마트폰 기능을 설명하는 자료를 검색하고 종합적으로 이해하는 과정을 통해 지식정보처리 역량을 기름 출제 의도 이 문항은 세상에 없는 나만의 스마트폰을 구안하고 해당 제품 사용 설명서를 구두로 발표하는 과제를 완성함으로써 과제 완성, 내용, 언어사용, 유창성 측면에서 평가하고자 한다. 스마트폰 사용 시  불편하게 생각했던 기능이나 형태 등을  보완할 수 있는 아이디어를 도출하여 나만의 스마트폰을 만들고 차별화된 스마트폰 기능을 설명하는 활동을 통해 창의력, 문제해결 능력, 말하기 능력을 높인다. 평가를 시행하기 전, 스마트폰 기능을 설명하는 비디오를 시청하고 이를 통해 스마트폰 기능 명칭, 표현 등을 학습한 후, 스마트폰 사용서를 읽고 paraphrasing skill 학습을 통해 자신만의 영어 표현으로 세상에 하나 뿐인 나만의 스마트폰 사용 설명서를 작성하고 발표한다. 교수·학습 활동 및 평가 계획 평가 교수·학습 활동 듣기 평가 세부내용 파악하기 ◀◀ 스마트폰 사용 설명에 관한 내용을 듣고(동영상 시청) 기능별 명칭 및 표현 파악하기 들은 내용을 바탕으로 활동지의 빈칸 채우기 읽기 평가 제시문 읽고 세부내용 파악하기 ◀◀ 스마트폰 사용 설명서를 읽으며 세부정보 확인하기 핵심 문장, 구, 단어 표시하기 기존의 스마트폰에 추가 혹은 변경할 기능에 대한 아이디어 도출, 정리, 평가, 구체화하기 말하기 제품 설명하기 ◀◀ paraphrasing skill 기법을 활용하여 기존의 설명 내용을 자신의 표현으로 수정하여 작성하기 추가/변경할 기능에 대한 구체화된 아이디어를 설명하는 글 작성하고 발표하기 나만의 스마트폰 제품 설명 동영상 만들기 ※ 위 과정은 여러 차시에 걸친 한 단원의 수업 전개 모습이다. ※ 학습 단계의 일부에 해당하는 평가 문항을 제시하고자 한다. 평가 문항 예시 제품 설명하기(1): paraphrasing [교수학습 활동] - Paraphrasing 기법을 활용하여 핵심 문장, 구, 단어 등을 자신만의 표현으로 수정하는 것을 연습한다. ▶ Paraphrase the underlined words or phrases. The majority of the women who went to one-day meeting were in business with their spouses. → Possible answer: More than half of the women who attended the one-day meeting were in business with their husband. [Tips for paraphrasing] When paraphrasing: • Don’t copy the original sentence • Don’t use too many of the original words • Don’t change the meaning of the original sentence • Don’t leave out important information The process of paraphrasing: • Identify grammar structures and key words • Change grammar structures • Change words • Change word orders [평가문항] - Introduction to using Smartphones에 해당되는 설명서 내용을  paraphrasing하시오. - Paraphrasing 기법을 활용하여 읽기활동에서 표시한 설명내용의 핵심 문장, 구, 단어를 자신만의 표현으로 수정하여 작성한다. Getting Started- How to Use a Smartphone Introduction to Using Smartphones Smartphones are used to make phone calls and send text messages but they can also be used for accessing the Internet and checking your e-mails, searching the Internet and much more. You can use your fingers to control the touch screen of your phone or you can also use a pencil, like device called a stylus, which makes it easier to use. You will find a stylus for sale in moat electronic shops. A word you will see a lot of : Apps It is short for the word application. It is a shortcut that allows you to go directly to the programme or website you wish to access. It is represented by a picture or symbol. You will see lots of apps on your phones. ※ Please note that the different brands of smartphones will have slightly different symbols and keys. Everything in this manual may not appear exactly as it does on your phone. https://www.ageaction.ie/sites/default/files/attachments/android_smartphone_handout.pdf (일부 활용) [예시답안] Getting Started- How to Use a Smartphone Introduction to Using Smartphones Smartphone can be used in many ways such as making a call, sending text messages, checking e-mails, and searching the internet. You can either use your fingers or a tool to control touchscreen of your phone. The tool is called stylus and it looks like a pencil. This pencil shaped stylus is very handy! The Most frequent word you will see is “Apps”. It stands for application. It allows you to access the program or website that you want to visit directly. Icons or images are used to represent apps. ※ Note: This manual may not match exactly with your phone. Different brands of smartphones use slightly different symbols and keys.",,ncic_2015_eng_level_746
33820,[12영화01-01],eval_criteria,상,"영어권 문화에 관한 말이나 대화를 듣고 타문화에 대한 명확한 이해를 바탕으로 생활양식, 풍습, 사고방식 등을 정확하게 파악할 수 있다.",,ncic_2015_eng_level_746
33821,[12영화01-01],eval_criteria,중,"영어권 문화에 관한 말이나 대화를 듣고 타문화에 대한 기본적인 이해를 바탕으로 생활양식, 풍습, 사고방식 등을 대략적으로 파악할 수 있다.",,ncic_2015_eng_level_746
33822,[12영화01-01],eval_criteria,하,"영어권 문화에 관한 말이나 대화를 듣고 타문화의 일부를 이해하여 생활양식, 풍습, 사고방식 등을 부분적으로 파악할 수 있다.",,ncic_2015_eng_level_746
33823,[12영화01-02],eval_criteria,상,영어권 문화에 관한 말이나 대화를 듣고 명시적 정보와 비명시적 정보를 바탕으로 중심 내용을 명확하게 이해하여 주제 및 요지를 정확하게 파악할 수 있다.,,ncic_2015_eng_level_746
33824,[12영화01-02],eval_criteria,중,영어권 문화에 관한 말이나 대화를 듣고 명시적 정보를 바탕으로 기본적인 중심 내용을 이해하여 주제 및 요지를 대략적으로 파악할 수 있다.,,ncic_2015_eng_level_746
33825,[12영화01-02],eval_criteria,하,영어권 문화에 관한 말이나 대화를 듣고 단순 사실 정보를 바탕으로 일부 중심 내용을 이해하여 주제 및 요지를 부분적으로 파악할 수 있다.,,ncic_2015_eng_level_746
33826,[12영화01-03],eval_criteria,상,영어권 문화에 대한 말이나 대화를 듣고 명시적 정보와 비명시적 정보를 바탕으로 흐름을 명확하게 이해하여 화자의 의도나 말의 목적을 정확하게 파악할 수 있다.,,ncic_2015_eng_level_746
33827,[12영화01-03],eval_criteria,중,영어권 문화에 대한 말이나 대화를 듣고 명시적 정보를 바탕으로 기본적인 흐름을 이해하여 화자의 의도나 말의 목적을 대략적으로 파악할 수 있다.,,ncic_2015_eng_level_746
33828,[12영화01-03],eval_criteria,하,영어권 문화에 대한 말이나 대화를 듣고 단순 사실 정보를 바탕으로 일부 흐름을 이해하여 화자의 의도나 말의 목적을 부분적으로 파악할 수 있다.,,ncic_2015_eng_level_746
33829,[12영화01-04],eval_criteria,상,영어권 문화에 대한 말이나 대화를 듣고 명시적 정보와 비명시적 정보를 바탕으로 상황을 명확하게 이해하여 화자의 심정이나 태도를 정확하게 파악할 수 있다.,,ncic_2015_eng_level_746
33830,[12영화01-04],eval_criteria,중,영어권 문화에 대한 말이나 대화를 듣고 명시적 정보를 바탕으로 기본적인 상황을 이해하여 화자의 심정이나 태도를 대략적으로 파악할 수 있다.,,ncic_2015_eng_level_746
33831,[12영화01-04],eval_criteria,하,영어권 문화에 대한 말이나 대화를 듣고 단순 사실 정보를 바탕으로 일부 상황을 이해하여 화자의 심정이나 태도를 부분적으로 파악할 수 있다. (2) 말하기 영역 교육과정 성취기준 평가준거 성취기준 평가기준,,ncic_2015_eng_level_746
33835,[12영화02-02],eval_criteria,상,영어권 문화에 관하여 듣거나 읽고 다양하고 적절한 어휘와 언어 형식을 활용하여 타문화에 대한 자신의 의견이나 감정을 정확하게 말할 수 있다.,,ncic_2015_eng_level_746
33836,[12영화02-02],eval_criteria,중,영어권 문화에 관하여 듣거나 읽고 적절한 어휘와 언어 형식을 활용하여 타문화에 대한 자신의 의견이나 감정을 대략적으로 말할 수 있다.,,ncic_2015_eng_level_746
33837,[12영화02-02],eval_criteria,하,영어권 문화에 관하여 듣거나 읽고 주어진 어휘와 예시문을 참고하여 타문화에 대한 자신의 의견이나 감정을 부분적으로 말할 수 있다.,,ncic_2015_eng_level_746
33841,[12영화02-04],eval_criteria,상,영어권 문화에서 사용되는 언어적･비언어적 의사소통 방식을 다양하고 적절하게 활용하여 정확하게 묻고 답할 수 있다.,,ncic_2015_eng_level_746
33842,[12영화02-04],eval_criteria,중,영어권 문화에서 사용되는 언어적･비언어적 의사소통 방식을 기본적으로 활용하여 대략적으로 묻고 답할 수 있다.,,ncic_2015_eng_level_746
33843,[12영화02-04],eval_criteria,하,영어권 문화에서 사용되는 언어적･비언어적 의사소통 방식을 일부 활용하여 부분적으로 묻고 답할 수 있다. (3) 읽기 영역 교육과정 성취기준 평가준거 성취기준 평가기준,,ncic_2015_eng_level_746
33844,[12영화03-01],eval_criteria,상,"영어권 문화에 관한 글을 읽고 타문화에 대한 명확한 이해를 바탕으로 생활양식, 풍습, 사고방식 등을 정확하게 파악할 수 있다.",,ncic_2015_eng_level_746
33845,[12영화03-01],eval_criteria,중,"영어권 문화에 관한 글을 읽고 타문화에 대한 기본적인 이해를 바탕으로 생활양식, 풍습, 사고방식 등을 대략적으로 파악할 수 있다.",,ncic_2015_eng_level_746
33846,[12영화03-01],eval_criteria,하,"영어권 문화에 관한 글을 읽고 타문화의 일부를 이해하여 생활양식, 풍습, 사고방식 등을 부분적으로 파악할 수 있다.",,ncic_2015_eng_level_746
33847,[12영화03-02],eval_criteria,상,영어권 문화에 관한 글을 읽고 명시적 정보와 비명시적 정보를 바탕으로 중심 내용을 명확하게 이해하여 주제 및 요지를 정확하게 파악할 수 있다.,,ncic_2015_eng_level_746
33848,[12영화03-02],eval_criteria,중,영어권 문화에 관한 글을 읽고 명시적 정보를 바탕으로 기본적인 중심 내용을 이해하여 주제 및 요지를 대략적으로 파악할 수 있다.,,ncic_2015_eng_level_746
33849,[12영화03-02],eval_criteria,하,영어권 문화에 관한 글을 읽고 단순 사실 정보를 바탕으로 일부 중심 내용을 이해하여 주제 및 요지를 부분적으로 파악할 수 있다.,,ncic_2015_eng_level_746
33850,[12영화03-03],eval_criteria,상,영어권 문화에 관한 글을 읽고 명시적 정보와 비명시적 정보를 바탕으로 흐름을 명확하게 이해하여 필자의 의도나 글의 목적을 정확하게 파악할 수 있다.,,ncic_2015_eng_level_746
33851,[12영화03-03],eval_criteria,중,영어권 문화에 관한 글을 읽고 명시적 정보를 바탕으로 기본적인 흐름을 이해하여 필자의 의도나 글의 목적을 대략적으로 파악할 수 있다.,,ncic_2015_eng_level_746
33852,[12영화03-03],eval_criteria,하,영어권 문화에 관한 글을 읽고 단순 사실 정보를 바탕으로 일부 흐름을 이해하여 필자의 의도나 글의 목적을 부분적으로 파악할 수 있다.,,ncic_2015_eng_level_746
33853,[12영화03-04],eval_criteria,상,영어권 문화에 관한 글을 읽고 명시적 정보와 비명시적 정보를 바탕으로 상황을 명확하게 이해하여 필자의 심정이나 태도를 정확하게 파악할 수 있다.,,ncic_2015_eng_level_746
33854,[12영화03-04],eval_criteria,중,영어권 문화에 관한 글을 읽고 명시적 정보를 바탕으로 기본적인 상황을 이해하여 필자의 심정이나 태도를 대략적으로 파악할 수 있다.,,ncic_2015_eng_level_746
33855,[12영화03-04],eval_criteria,하,영어권 문화에 관한 글을 읽고 단순 사실 정보를 바탕으로 일부 상황을 이해하여 필자의 심정이나 태도를 부분적으로 파악할 수 있다. (4) 쓰기 영역 교육과정 성취기준 평가준거 성취기준 평가기준,,ncic_2015_eng_level_746
33865,[12영화04-04],eval_criteria,상,영어권 문화에 관한 자신의 경험을 다양하고 적절한 어휘와 언어 형식을 활용하여 정확하게 쓸 수 있다.,,ncic_2015_eng_level_746
33866,[12영화04-04],eval_criteria,중,영어권 문화에 관한 자신의 경험을 적절한 어휘와 언어 형식을 활용하여 대략적으로 쓸 수 있다.,,ncic_2015_eng_level_746
33867,[12영화04-04],eval_criteria,하,영어권 문화에 관한 자신의 경험을 주어진 어휘와 예시문을 참고하여 부분적으로 쓸 수 있다.,,ncic_2015_eng_level_746
33868,[12영화04-05],eval_criteria,상,영어권 문화에 관한 간단한 보고서를 다양하고 적절한 어휘와 언어 형식을 활용하여 정확하게 쓸 수 있다.,,ncic_2015_eng_level_746
33869,[12영화04-05],eval_criteria,중,영어권 문화에 관한 간단한 보고서를 적절한 어휘와 언어 형식을 활용하여 대략적으로 쓸 수 있다.,,ncic_2015_eng_level_746
33870,[12영화04-05],eval_criteria,하,영어권 문화에 관한 간단한 보고서를 주어진 어휘와 예시문을 참고하여 부분적으로 쓸 수 있다.,,ncic_2015_eng_level_746
33871,[12영화04-06],eval_criteria,상,영어권 문화에 관해 다양하고 적절한 어휘와 언어 형식을 활용하여 비교･대조하는 글을 정확하게 쓸 수 있다.,,ncic_2015_eng_level_746
33872,[12영화04-06],eval_criteria,중,영어권 문화에 관해 적절한 어휘와 언어 형식을 활용하여 비교･대조하는 글을 대략적으로 쓸 수 있다.,,ncic_2015_eng_level_746
33873,[12영화04-06],eval_criteria,하,영어권 문화에 관해 주어진 어휘와 예시문을 참고하여 비교･대조하는 글을 부분적으로 쓸 수 있다.,,ncic_2015_eng_level_746
33874,[12영화04-02],eval_criteria,상,"■ - 영어권 문화에 관한 글을 읽고 타문화에 대한 명확한 이해를 바탕으로 생활양식, 풍습, 사고방식 등을 정확하게 파악할 수 있다. - 영어권 문화에 관하여 듣거나 읽고 중심 내용에 대한 명확한 이해를 바탕으로 다양하고 적절한 어휘와 언어 형식을 활용하여 간단한 요약문을 정확하게 쓸 수 있다.",,ncic_2015_eng_level_746
33875,[12영화04-02],eval_criteria,중,"■ - 영어권 문화에 관한 글을 읽고 타문화에 대한 기본적인 이해를 바탕으로 생활양식, 풍습, 사고방식 등을 대략적으로 파악할 수 있다. - 영어권 문화에 관하여 듣거나 읽고 중심 내용에 대한 기본적인 이해를 바탕으로 적절한 어휘와 언어 형식을 활용하여 간단한 요약문을 대략적으로 쓸 수 있다.",,ncic_2015_eng_level_746
33876,[12영화04-02],eval_criteria,하,"■ - 영어권 문화에 관한 글을 읽고 타문화의 일부를 이해하여 생활양식, 풍습, 사고방식 등을 부분적으로 파악할 수 있다. - 영어권 문화에 관하여 듣거나 읽고 중심 내용에 대한 일부 이해를 바탕으로 주어진 어휘와 예시문을 참고하여 간단한 요약문을 부분적으로 쓸 수 있다. 문항 유형 지필 평가 □ 선다형      □ 진위형     □ 연결형    □ 조합형 □ 단답형      ■ 서술형     □ 기타(                ) 수행 평가 □ 과제 해결   □ 논술・구술  □ 토론・토의         □ 프로젝트 □ 실험・실습  □ 포트폴리오  □ 자기평가・동료평가 핵심 역량 [영어 의사소통 역량] 영어권 문화에 관한 글을 모둠별로 읽고 주요 내용을 파악하여 요약하기를 통해 영어 쓰기 역량을 함양함 [공동체 역량] 영어권 문화에서 중시하는 가치관에 대해 익히고, 한국 문화와의 비교 대조를 통해 공동체 역량을 함양함 출제 의도 이 문항은 영어권 문화에 관한 글을 읽고 사고방식을 파악하는 능력을 평가하는 서술형 평가이다. 영어권 나라 중 미국이 가정 내에서 개인의 자유를 중시하는 경향에 관한 글을 읽은 후, 주요 내용을 정리하는 표를 완성하고, 글의 내용을 요약하게 함으로써 영어 의사소통 능력을 평가하고자 한다. 영어권 문화에서 중시하는 가치관에 관한 글을 읽고, 주요 내용을 표로 정리해 본다. 이후, 글의 주요 내용을 70 단어 이상의 짧은 글로 요약하는 문항이다. 교수·학습 활동 및 평가 계획 평가 교수·학습 활동 쓰기평가 표 완성하기 ◀◀ 사진을 통해 영어권 문화에서 중시하는 가치관에 대한 배경지식 활성화하기 영어권 문화와 한국 문화에서 중시하는 가치관의 공통점과 차이점을 비교 대조하기 쓰기평가 요약문 작성하기 ◀◀ 영어권 문화에서 중시하는 가치관에 관한 글 읽기 주요 내용을 정리하여 표 완성하기 정리한 표를 활용하여 글의 내용 요약하기 말하기평가 토론하기 ◀◀ 토론 주제에 대해 모둠끼리 토의하고, 추가로 필요한 자료를 수집하기 주제에 대해 모둠별 혹은 학급 단위로 토론하기 토론한 내용을 요약하여 정리하고, 정리한 내용을 발표하기 * 위 과정은 여러 차시에 걸친 한 단원의 수업 전개 모습이다. * 학습 단계의 일부에 해당하는 평가 문항을 제시하고자 한다. 평가문항 예시 요약문 작성하기 [교수학습 활동] - 영어권 문화에서 중시하는 가치관에 관한 글을 읽고 핵심 부분에 밑줄을 긋도록 한다. - 모둠별로 문단을 나누어 지문에 대한 이해 확인 문제를 만들도록 한다. - 만든 문제를 다른 모둠에 전달하여 전체 문제를 풀어본다. [평가문항] 다음을 읽고, 아래 표를 완성한 후, 이를 바탕으로 조건에 맞는 요약문을 작성하시오. The Emphasis on Individual Freedom [1]Americans view the family as a group whose primary purpose is to advance the happiness of individual members. The result is that the needs of each individual take priority in the life of the family. In contrast to that of many other cultures, the primary responsibility of the American family member is not to advance the family as a group, either socially or economically, nor is it to bring honor to the family name. This is partly because the United States is not an aristocratic society. [2]Family name and honor are less important than in aristocratic societies, since equality of opportunity regardless of birth is considered a basic American value. Moreover, there is less emphasis on the family as an economic unit because the American family is rarely self-supporting. Relatively few families maintain self-supporting family farms or businesses for more than one generation. A farmer’s son, for example, is very likely to go on to college, leave the family farm, and take an entirely different job in a different location. [3]The American desire for freedom from outside control clearly extends to the family. Americans do not like to have controls placed on them by other family members. They want to make independent decisions and not be told what to do by grandparents or uncles or aunts. For example, both American men and women expect to decide what job is best for them as individuals. Indeed, young Americans are encouraged by their families to make such independent career decisions. [4]What would be best for the family is not considered to be as important as what would be best for the individual. [출처] The American Ways: an introduction to American culture (Maryanne Kearny Datesman, JoAnn Crandall, Edward N. Kearny) p. 221 [이미지출처] https://img.haikudeck.com/mg/3894D5D6-AA82-4584-8C62-6420CAC0CBC5.jpg The Emphasis on Individual Freedom Para -graph What Americans consider important ... What Americans consider relatively less important ... 1 2 3 4  Summary (more than 70 words) [예시답안] The Emphasis on Individual Freedom Para -graph What Americans consider important ... What Americans consider relatively less important ... 1 the happiness of individual members to advance the family as a group the needs of each individual to bring honor to the family name 2 equality of opportunity regardless of birth the family as an economic unit 3 freedom from outside control controls placed on them by other family members independent decisions to be told what to do by other family members 4 what would be best for the individual what would be best for the family  Summary (more than 70 words) Americans consider the happiness of individual members and the needs of each individual more important than the family as a group. Family name and honor are less important because of more emphasis on equality of opportunity. As the American family is rarely self-supporting, there is less emphasis on the family unit as an economic unit. Freedom from outside control results in fewer controls by other family members. They are encouraged to make independent decisions without being told what to do. (80 words)",,ncic_2015_eng_level_746
33877,[12영화04-01],eval_criteria,상,"■ - 영어권 문화에 관한 말이나 대화를 듣고 타문화에 대한 명확한 이해를 바탕으로 생활양식, 풍습, 사고방식 등을 정확하게 파악할 수 있다. - 영어권 문화에 관하여 듣거나 읽고 다양하고 적절한 어휘와 언어 형식을 활용하여 생활양식, 풍습, 사고방식 등을 정확하게 기록할 수 있다.",,ncic_2015_eng_level_746
33878,[12영화04-01],eval_criteria,중,"■ - 영어권 문화에 관한 말이나 대화를 듣고 타문화에 대한 기본적인 이해를 바탕으로 생활양식, 풍습, 사고방식 등을 대략적으로 파악할 수 있다. - 영어권 문화에 관하여 듣거나 읽고 적절한 어휘와 언어 형식을 활용하여 생활양식, 풍습, 사고방식 등을 대략적으로 기록할 수 있다.",,ncic_2015_eng_level_746
33879,[12영화04-01],eval_criteria,하,"■ - 영어권 문화에 관한 말이나 대화를 듣고 타문화의 일부를 이해하여 생활양식, 풍습, 사고방식 등을 부분적으로 파악할 수 있다. - 영어권 문화에 관하여 듣거나 읽고 주어진 어휘와 예시문을 참고하여 생활양식, 풍습, 사고방식 등을 부분적으로 기록할 수 있다. 문항 유형 지필 평가 □ 선다형      □ 진위형     □ 연결형    □ 조합형 □ 단답형      ■ 서술형     □ 기타(                ) 수행 평가 □ 과제 해결   □ 논술・구술  □ 토론・토의         □ 프로젝트 □ 실험・실습  □ 포트폴리오  □ 자기평가・동료평가 핵심 역량 [영어 의사소통 역량] 영어권 문화의 기부 운동에 관한 주요 정보를 파악하여 설명하는 글을 쓰게 함으로써 영어 쓰기 역량을 함양함 [공동체 역량] 모둠별로 영어로 된 홈페이지를 방문하여 주요 정보를 파악하고, 타문화를 이해하는 과정에서 공동체 역량을 함양함 출제 의도 이 문항은 글쓰기 연습 활동 후 제시된 근거를 활용하여 영어권 문화에 관하여 설명하는 글을 작성하는 능력을 평가하는 서술형 평가이다. 영어권 문화의 기부 운동에 관해 자료를 조사하고, 해당 기부 운동의 홈페이지를 방문하여 기부 운동의 내용, 목적, 성공 요인 등을 파악하고 설명하는 글을 쓰게 함으로써 영어 의사소통 능력을 평가하고자 한다. 모둠별로 선택한 기부 운동에 대해 설명하는 글을 작성한 후, 친구들의 피드백을 받아 수정하는 활동을 한다. 이후, 주어진 조건에 부합하는 짧은 글로 기부 운동에 대해 설명하는 평가로 이어지게 된다. 교수·학습 활동 및 평가 계획 평가 교수·학습 활동 말하기평가 기부 문화에 대해 설명하기 ◀◀ 동영상을 통해 영어권 문화의 기부 운동에 대한 배경지식 활성화하기 한국의 기부 문화와 잘 알려진 기부 운동에 대해 토론하기 인터넷에서 영어권 나라의 기부 문화와 한국의 기부 문화에 대한 자료를 더 조사하고 토론하기 쓰기평가 설명하는 글쓰기 ◀◀ 모둠별로 영어권 문화의 기부 운동을 하나씩 선택하여 관련 홈페이지를 방문하기 각 기부 운동에 대해 정보를 조사하고 발표하기 기부 운동에 대해 설명하는 글을 작성한 후 동료 피드백을 받아 수정하기 기부 운동에 대해 설명하는 글쓰기 쓰기평가 계획서 작성하기 ◀◀ 고등학생이 홍보할 수 있는 기부 운동에 대해 모둠별로 조사하기 기부 운동을 기획하고 구체적인 내용을 블로그 글로 작성하기 기획한 내용을 동료에게 설명하기 말하기평가 기부 운동 리뷰 발표하기 ◀◀ 기획한 기부 운동을 실제로 실행하고 그 결과를 포함하여 발표를 준비하기 모둠별로 실행한 기부 운동의 기획 과정과 실행 결과에 대해 발표하기 다른 모둠의 발표 내용을 잘 듣고 동료평가하기 * 위 과정은 여러 차시에 걸친 한 단원의 수업 전개 모습이다. * 학습 단계의 일부에 해당하는 평가 문항을 제시하고자 한다. 평가문항 예시 설명하는 글쓰기 다음은 영어권 문화의 기부 운동 중 하나를 표현하는 사진이다. <보기>의 표현을 활용하여 기부 운동에 대해 설명하는 글을 완성하시오. <보기> pour a bucket Lou Gehrig’s disease film social media donation promote awareness challenge competitive ◈ 조건: 1. ① 기부운동의 목적, ② 기부운동의 내용, ③ 기부운동의 성공 이유 등 3가지 내용을 모두 포함한다. 2. <보기>에 주어진 표현을 모두 활용한다. 3. 80 단어 이상으로 이루어진 하나의 문단을 완성한다. The Ice Bucket Challenge (purpose) (what the donation drive is about) (why the donation drive is successful) (title) is a donation drive to It is about This donation drive is considered [참고] https://en.wikipedia.org/wiki/Ice_Bucket_Challenge [이미지출처] https://en.wikipedia.org/wiki/Ice_Bucket_Challenge [예시답안] 목적: The Ice Bucket Challenge is a donation drive to promote awareness of Lou Gehrig’s disease and encourage donations. 내용: It is about pouring a bucket of ice and water over a person’s head, filming and uploading it on social media, and challenging a specific person among his or her friends to do the same. 성공 이유: This donation drive is considered a successful campaign because the challenge can be competitive among friends and it is fun to watch a bucket of ice water poured on a friend’s head. (85 words)",,ncic_2015_eng_level_746
33880,[12영화02-01],eval_criteria,상,"■ 영어권 문화에 관하여 듣거나 읽고 타문화에 대한 명확한 이해를 바탕으로 다양하고 적절한 어휘와 언어 형식을 활용하여 생활양식, 풍습, 사고방식 등을 정확하게 말할 수 있다.",,ncic_2015_eng_level_746
33881,[12영화02-01],eval_criteria,중,"■ 영어권 문화에 관하여 듣거나 읽고 타문화에 대한 기본적인 이해를 바탕으로 적절한 어휘와 언어 형식을 활용하여 생활양식, 풍습, 사고방식 등을 대략적으로 말할 수 있다.",,ncic_2015_eng_level_746
33882,[12영화02-01],eval_criteria,하,"■ 영어권 문화에 관하여 듣거나 읽고 타문화의 일부를 이해하여 주어진 어휘와 예시문을 참고하여 생활양식, 풍습, 사고방식 등을 부분적으로 말할 수 있다. 문항 유형 지필 평가 □ 선다형      □ 진위형     □ 연결형    □ 조합형 □ 단답형      □ 서술형     □ 기타(                ) 수행 평가 ■ 과제 해결   ■ 논술・구술  □ 토론・토의         ■ 프로젝트 □ 실험・실습  □ 포트폴리오  □ 자기평가・동료평가 핵심 역량 [영어 의사소통 역량] 다양한 모둠 활동을 통해 영어권 문화를 이해하고 생활 방식에 대해 토의하고 글을 쓰는 역량을 함양함 [공동체 역량] 영어권 나라의 음식 문화와 식사 예절의 이해를 통해 세계 시민으로서의 공동체 역량을 함양함 출제 의도 이 문항은 영어권 나라의 음식 문화를 소개하는 팸플릿을 제작하고, 제작한 팸플릿에 대해 발표하는 과정 중심 수행평가이다. 음식 문화에 대해 알아가는 과정에서 음식이 들어간 영어 표현을 익혀 일상생활에서 영어권 문화의 사람들이 많이 쓰는 표현을 실제로 사용할 수 있도록 의사소통 역량을 기른다. 또한 영어권 문화의 사람들과 식사를 나눌 때 지켜야 할 식사 예절을 배우고, 상황에 적절한 식사 예절을 찾는 모둠 활동을 통해 공동체 역량을 기를 수 있다. 교수·학습 활동 및 평가 계획 평가 교수·학습 활동 쓰기평가 상황에 맞는 표현 찾기 ◀◀ 영어권 나라와 한국의 음식 문화에 대한 배경지식 활성화하기 게임을 통해 음식이 들어간 영어 표현 배우기 음식이 들어간 영어 표현의 기원에 대한 글 읽고 토의하기 쓰기평가 식사예절 찾기 ◀◀ 영어권 문화의 대표 음식들을 소개하는 글 읽고 요약하기 영어권 문화의 식사 예절에 대해 게임과 동영상을 통해 익히기 쓰기평가 설명하는 글쓰기 ◀◀ 영어권 문화의 대표 음식, 음식의 기원, 관련 식사 예절 등을 포함하여 팸플릿 제작하기 모둠별 팸플릿 섹션을 모아 하나의 음식 문화 팸플릿으로 만들기 말하기평가 팸플릿 발표하기 ◀◀ 팸플릿 제작과 관련하여 영어권 음식 문화에 대해 소개하는 발표 준비하기 동료의 발표를 잘 듣고 피드백 주기 (출처 : 2015 개정 교육과정 교수학습자료 고등학교 [영어권 문화, 영미 문학 읽기], 2018) * 위 과정은 여러 차시에 걸친 한 단원의 수업 전개 모습이다. * 학습 단계의 일부에 해당하는 평가 문항을 제시하고자 한다. 평가문항 예시 상황을 듣고 표현 찾기 [교수학습 활동] - 동영상, 사진 등을 통해 영어권 음식 문화에 대한 배경지식을 활성화한다. - 본인이 알고 있는 음식 표현들을 나열하면서 확인하고, 앞으로 배울 내용을 예측한다. [평가문항] ▣ Listen to each situation and describe what the situation is. Find and choose what the appropriate English expression for each situation is and write it down. Description of Situation Expressions 1 2 3 4 5 6 English Expressions - sell like hot cakes - buy a lemon - piece of cake - hot potato - bad egg - pie in the sky - apple of one’s eye bread and butter bring home the bacon cry over spilt milk ▣ Script 1. He is a naughty boy. He likes to make fun of others. He does foolish things. He does something that others don’t like. What would you call this kind of person in English? 2. The man is from Korea, and the woman is from America. They are eating noodles using chopsticks. For the Korean man, using chopsticks is very easy and convenient. However, the American woman is not familiar with using chopsticks. What would the man say about using chopsticks when eating? 3. It’s his pay day. He is happy to earn money, especially for his family. Which expression would you use to describe what he does for the family? 4. He only has a dollar in his pocket. He gets hungry and thinks of what he can buy with the dollar. He wants to eat a steak. Steak for this man is (blank). 5. They are a lovely couple. They are a good match. It’s hard to break them up. They are like (blank). 6. You didn’t study. You failed the test. There’s nothing you can do about it because you already took the test. You can’t turn back the time or change your score. It’s a waste of time and energy to (blank). [예시답안] Description of Situation Expressions 1 a boy who makes fun of others and does things others don’t like bad egg 2 Using chopsticks is easy for the man. piece of cake 3 The man is happy to make money and bring money home. bring home the bacon 4 He wants steak but only has one dollar. pie in the sky 5 a close and lovely couple bread and butter 6 You failed the test and there’s nothing you can do about it. cry over spilt milk",,ncic_2015_eng_level_746
33883,[12영화04-03],eval_criteria,상,■ 영어권 문화에 관해 다양하고 적절한 어휘와 언어 형식을 활용하여 자신의 의견이나 감정을 정확하게 쓸 수 있다.,,ncic_2015_eng_level_746
33884,[12영화04-03],eval_criteria,중,■ 영어권 문화에 관해 적절한 어휘와 언어 형식을 활용하여 자신의 의견이나 감정을 대략적으로 쓸 수 있다.,,ncic_2015_eng_level_746
33885,[12영화04-03],eval_criteria,하,"■ 영어권 문화에 관해 주어진 어휘와 예시문을 참고하여 자신의 의견이나 감정을 부분적으로 쓸 수 있다. 문항 유형 지필 평가 □ 선다형      □ 진위형     □ 연결형    □ 조합형 □ 단답형      □ 서술형     □ 기타(                ) 수행 평가 ■ 과제 해결   ■ 논술・구술  □ 토론・토의         ■ 프로젝트 □ 실험・실습  □ 포트폴리오  □ 자기평가・동료평가 핵심 역량 [영어 의사소통 역량] 가고 싶은 여행지에 대해 설명하고 추천하는 글쓰기와 말하기를 통해 의사소통 역량을 함양함 [공동체 역량] 영어권 문화의 의미 있는 여행지에 대한 이해를 바탕으로 모둠별 협동 글쓰기 과정을 통해 공동체 역량을 함양함 출제 의도 이 문항은 영어권 나라에서 방문할 만한 여행지를 소개하는 여행 가이드북을 제작하고, 제작한 여행 가이드북을 토대로 발표하는 과정 중심 수행평가이다. 영어권 문화를 경험하기 위해 영어권 나라로 여행을 간다는 상황을 설정하고, 각 여행지의 전문가 모둠이 되어 여행지에 대한 정보를 찾아 그 여행지에 가고 싶도록 설득하는 추천 글을 작성한다. 이 과정에서 가고 싶은 여행지에 대해 인터뷰하는 평가를 통해 실용적인 말하기를 연습하고 의사소통 역량을 기른다. 또한 모둠별로 협동 글쓰기, 여행 가이드북 제작하기, 여행지 추천하는 말하기 평가 등을 통해 공동체 역량을 기를 수 있다. 교수·학습 활동 및 평가 계획 평가 교수·학습 활동 말하기평가 여행지에 대해 말하기 ◀◀ 영어권 문화 여러 나라의 여행지 사진을 보고 나라와 이름 맞추기 게임하기 각 여행지에 대한 자료 수집하기 가고 싶은 여행지에 대한 정보와 가고 싶은 이유를 넣어 글로 표현하기 가고 싶은 여행지에 대해 인터뷰하기 쓰기평가 여행지 추천하는 글쓰기 ◀◀ 여행지를 추천하는 글을 읽고 자주 포함되는 내용 분석하기 모둠과 협동하여 여행지를 추천하는 글쓰기 과정 글쓰기로 자기 평가, 동료 평가의 과정을 거쳐 글 수정하기 쓰기평가 여행 가이드북 제작하기 ◀◀ 완성된 글을 포함하여 여행 가이드북 제작하기 여행 가이드북 예시를 보고 추천하는 글 외에 추가로 수집해야할 정보 확인하기 추가로 자료를 수집하고, 사진 이미지 등을 넣어 완성하기 * 위 과정은 여러 차시에 걸친 한 단원의 수업 전개 모습이다. * 학습 단계의 일부에 해당하는 평가 문항을 제시하고자 한다. 평가문항 예시 여행지에 대해 말하기 [교수학습 활동] - 여러 나라의 여행지 사진을 보고 나라와 이름 맞추기 게임을 통해 배경지식을 활성화한다. - 가고 싶은 여행지를 선정하고, 그 여행지에 대해 이야기를 나누기 위해 위치, 가는 방법 등 필요한 정보를 수집한다. - Find Someone Who 활동을 통해 가고 싶은 여행지에 대한 정보와 이유를 묻는 인터뷰를 연습한다. - 여행지에 대한 정보와 가고 싶은 이유, 비교해 볼만한 한국의 장소를 넣어 글로 작성해 본다. - 작성한 글을 토대로 인터뷰 형식의 말하기 평가를 진행한다. [평가문항]  I Want to Go on a Trip! ▣ Ask and answer the questions with your partner. Each answer should include more than two sentences and more than 20 words. 1. Where is the place you want to go for a trip and where is it located? 2. What would you like to see or do during the trip? 3. What do you want to learn about the place before or while you go on the trip? 4. Is there any places in Korea you can compare the place with? How are they different? 5. What are you supposed to prepare before you go visit there? [예시답안]  I Want to Go on a Trip! ▣ Ask and answer the questions with your partner. Each answer should include more than two sentences and more than 20 words. 1. Where is the place you want to go for a trip and where is it located? I truly want to go visit the Sydney Opera House in Australia. This place is located in Sydney Harbour, Australia. I would like to appreciate the beautiful building and the ocean view. 2. What would you like to see or do during the trip? I would like to take a lot of pictures with both the Sydney Opera House and the Sydney Harbour Bridge in the background. I want to eat outside from a restaurant nearby while enjoying the beautiful view. I also want to appreciate an excellent piece of opera there. 3. What do you want to learn about the place before or while you go on the trip? I should search for the opera tickets before my trip and make a reservation online in advance. I want to learn more about the architectural features of the building and related history. 4. Are there any places in Korea you can compare the place with? How are they different? The Seoul Arts Center (예술의 전당) is the representative art center of Korea. You can enjoy various performances and exhibitions here, so it functions similarly as the Sydney Opera House. 5. What are you supposed to prepare before you go visit there? I am supposed to search for detailed information about the other places to visit nearby and the operating hours. I should search for the opera tickets before my trip and make a reservation online in advance.",,ncic_2015_eng_level_746
33886,[12영화02-03],eval_criteria,상,■ 영어권 문화와 우리 문화를 명확하게 비교･대조하여 다양하고 적절한 어휘와 언어 형식을 활용하여 서로의 의견을 정확하게 주고받을 수 있다.,,ncic_2015_eng_level_746
33887,[12영화02-03],eval_criteria,중,■ 영어권 문화와 우리 문화를 기본적으로 비교･대조하여 적절한 어휘와 언어 형식을 활용하여 서로의 의견을 대략적으로 주고받을 수 있다.,,ncic_2015_eng_level_746
33888,[12영화02-03],eval_criteria,하,"■ 영어권 문화와 우리 문화의 일부를 비교･대조하여 주어진 어휘와 예시문을 참고하여 서로의 의견을 부분적으로 주고받을 수 있다. 문항 유형 지필 평가 □ 선다형      □ 진위형     □ 연결형    □ 조합형 □ 단답형      □ 서술형     □ 기타(                ) 수행 평가 □ 과제 해결   ■ 논술・구술  □ 토론・토의         □ 프로젝트 □ 실험・실습  □ 포트폴리오  □ 자기평가・동료평가 핵심 역량 [영어 의사소통 역량] 영어권 나라의 학교생활과 한국 학교의 학교생활을 비교･대조하여 말할 수 있는 역량을 함양함 [공동체 역량] 영어권 나라의 고등학교의 학교생활의 이해하는 과정에서 서로의 차이를 알아가며 포용력 있는 공동체 시민으로 성장할 수 있는 역량을 기름 출제 의도 이 문항은 영어권 문화의 학교생활에 대해 알아보고 한국 학교의 학교생활을 비교・대조하는 브이로그를 제작하는 말하기 서술형 평가이다. 학교 문화에 대해 알아가고 한국 학교생활과 비교･대조하는 과정에서 서로의 의견을 주고받을 수 있는 의사소통 역량을 기른다. 또한, 영어권 문화의 학생들의 학교생활 문화를 알아가는 과정에서 서로의 차이에 대해 이해하는 역량을 기름으로서 공동체 역량을 기를 수 있다. 교수·학습 활동 및 평가 계획 평가 교수·학습 활동 쓰기평가 학교생활 소개하는 표현 찾기 ◀◀ 미국 학교생활 브이로그 반복해서 보며 소개 표현 찾기 미국 학교와 한국 학교생활 영상을 보며 한국 학교의 보편적인 문화 파악하기 미국 학교와 한국 학교생활 비교･대조 그래픽 오거나이저 완성하기 말하기평가 비교･대조하여 말하기 ◀◀ 미국 학교와 한국 학교를 비교･대조하는 브이로그 내레이션 작성하기 미국 학교와 한국 학교를 비교･대조하는 브이로그 제작하여 제출하기 * 위 과정은 여러 차시에 걸친 한 단원의 수업 전개 모습이다. * 학습 단계의 일부에 해당하는 평가 문항을 제시하고자 한다. 평가문항 예시 학교생활 소개하는 표현 찾기 [교수학습 활동] - 미국 학교생활과 관련한 브이로그를 반복해서 보며 학교생활을 소개하는 표현을 찾아보도록 한다. - 이 외에 www.esl-lab.com 사이트에서 미국 학교생활에 대한 듣기 자료와 영상 자료를 통해 학교생활 표현을 익히도록 한다. American School Life [https://www.youtube.com/results?search_query=American+school+life+vlog] Korean School Life [https://www.esl-lab.com/grades/schoolclasses-video.htm] - 미국 학교와 한국 학교생활 비교 영상을 보며 한국 학교의 보편적인 문화 파악하기 [참고영상: https://youtu.be/t3BXM6Bbzoo] [https://youtu.be/upO4ArMlgto] - 미국 학교와 한국 학교생활을 다음 4가지 사항에 대해 비교･대조하여 그래픽 오거나이저를 작성해 보도록 한다. 1) 수업 시간 2) 점심시간 3) 동아리 및 방과 후 활동 4) 방학 생활 [출처:http://www.timvandevall.com/templates/free-printable-compare-and-contrast-graphic-organizers/] 그래픽 오거나이저를 참고하여 평가 단계인 비교・대조 브이로그 제작을 위한 이미지 컷이나 영상 컷을 모으도록 한다. [평가문항] Narration for Making a V-log(Video+Blog) ▶ 평가 준비 단계의 그래픽 오거나이저 활동지를 참고하여 4가지 섹션에 대해 미국 학교생활과 한국 학교생활을 비교・대조하는 V-log의 내레이션을 작성하시오. Every section needs to show American school life and Korean school life for 1 minute. (Total 4 minutes) The narration of every section needs over 6 sentences. --------------------------------------------------------------------------- Section 1: During Class Section 2: During Lunch Time Section 3: Club Activity & Extra Classes Section 4: During Vacation [예시답안] [Narration for Making a V-log(Video+Blog)] Section Narration During Class In Korea, teachers hold most classes where teachers only teach and students only listen. However, in American school, teachers hold classes where students can also be a teacher. In some classes, teachers even assign students to research about a particular topic, and ask them to teach the whole class what they have researched about. In that way, teachers can both be a student and  teacher, which improves participation of both teachers and students during class. Also, in American class, there is more discussion between teachers and students. In our American school, we even had a couch where students and teachers can sit around together and have a group discussion or do a class activities. During Lunch Time In our American school, we had a large cafeteria with a small sandwich store, pizza store, salad corner, and hot lunch corner. Whereas in Korea, schools provide the same menu to all the students. My America school’s cafeteria also had a large library right above, and there was some field and courts around the cafeteria. There was even a court for a game named ‘4 Square’. In this way, students could play various sports, or go up to the library and read books as soon as they were done eating. We had our main building closed during the lunch time, which made more students play sports rather than studying. Club Activity & Extra Classes In American school, extra classes were mostly related to crafting things, and students both had choices on joining the club activities and extra classes. However, in Korea, many of the extra classes are related to learning and studying, and for the club activities, there are lots of choices, but you have to pick only one. During Vacation American school has much more vacation days than Korea. In Korea, there are only about 3 months of vacation, whereas American school holds about 5 months of vacation. In Korea, most students would study, go to academies, or attend extra classes of the school during their vacation. However, in American school most students would travel to other countries. In my case, almost the whole town was empty with so many people traveling to other places. That is, Korean students spend their vacation for learning and studying, while American students spend their vacation for gaining various experiences.",,ncic_2015_eng_level_746
33889,[12진영01-01],eval_criteria,상,다양한 직업 및 진로에 관한 길고 복잡한 말이나 대화를 듣고 세부 정보를 정확하게 파악할 수 있다.,,ncic_2015_eng_level_746
33890,[12진영01-01],eval_criteria,중,다양한 직업 및 진로에 관한 말이나 대화를 듣고 세부  정보를 대략적으로 파악할 수 있다.,,ncic_2015_eng_level_746
33891,[12진영01-01],eval_criteria,하,다양한 직업 및 진로에 관한 짧은 말이나 대화를 듣고 세부 정보를 부분적으로 파악할 수 있다.,,ncic_2015_eng_level_746
33892,[12진영01-02],eval_criteria,상,다양한 직업 및 진로에 관한 길고 복잡한 말이나 대화를 듣고 사실 정보와 맥락 정보를 바탕으로 주제 및 요지를 정확하게 파악할 수 있다.,,ncic_2015_eng_level_746
33893,[12진영01-02],eval_criteria,중,다양한 직업 및 진로에 관한 말이나 대화를 듣고 사실 정보를 바탕으로 주제 및 요지를 대략적으로 파악할 수 있다.,,ncic_2015_eng_level_746
33894,[12진영01-02],eval_criteria,하,다양한 직업 및 진로에 관한 짧은 말이나 대화를 듣고 단순 사실 정보를 바탕으로 주제 및 요지를 부분적으로 파악할 수 있다.,,ncic_2015_eng_level_746
33895,[12진영01-03],eval_criteria,상,다양한 직업 분야에서 수행하는 업무에 관한 길고 복잡한 말이나 대화를 듣고 사실 정보와 맥락 정보를 바탕으로 내용의 논리적 관계를 정확하게 파악할 수 있다.,,ncic_2015_eng_level_746
33896,[12진영01-03],eval_criteria,중,다양한 직업 분야에서 수행하는 업무에 관한 말이나 대화를 듣고 사실 정보를 바탕으로 내용의 논리적 관계를 대략적으로 파악할 수 있다.,,ncic_2015_eng_level_746
33897,[12진영01-03],eval_criteria,하,다양한 직업 분야에서 수행하는 업무에 관한 짧은 말이나 대화를 듣고 단순 사실 정보를 바탕으로 내용의 논리적 관계를 부분적으로 파악할 수 있다. 교육과정 성취기준 평가준거 성취기준 평가기준,,ncic_2015_eng_level_746
33898,[12진영01-04],eval_criteria,상,다양한 직업 분야에서 수행하는 업무에 관한 길고 복잡한 말이나 대화를 듣고 사실 정보와 맥락 정보를 바탕으로 화자의 의도나 말의 목적을 정확하게 파악할 수 있다.,,ncic_2015_eng_level_746
33899,[12진영01-04],eval_criteria,중,다양한 직업 분야에서 수행하는 업무에 관한 말이나 대화를 듣고 사실 정보를 바탕으로 화자의 의도나 말의 목적을 대략적으로 파악할 수 있다.,,ncic_2015_eng_level_746
33900,[12진영01-04],eval_criteria,하,다양한 직업 분야에서 수행하는 업무에 관한 짧은 말이나 대화를 듣고 단순 사실 정보를 바탕으로 화자의 의도나 말의 목적을 부분적으로 파악할 수 있다.,,ncic_2015_eng_level_746
33901,[12진영01-05],eval_criteria,상,다양한 직업 및 진로에 관한 길고 복잡한 말이나 대화를 듣고 사실 정보와 맥락 정보를 바탕으로 화자의 심정이나 태도를 정확하게 추론할 수 있다.,,ncic_2015_eng_level_746
33902,[12진영01-05],eval_criteria,중,다양한 직업 및 진로에 관한 말이나 대화를 듣고 사실 정보를 바탕으로 화자의 심정이나 태도를 대략적으로 추론할 수 있다.,,ncic_2015_eng_level_746
33903,[12진영01-05],eval_criteria,하,다양한 직업 및 진로에 관한 짧은 말이나 대화를 듣고 단순 사실 정보를 바탕으로 화자의 심정이나 태도를 부분적으로 추론할 수 있다. (2) 말하기 영역 교육과정 성취기준 평가준거 성취기준 평가기준,,ncic_2015_eng_level_746
33904,[12진영02-01],eval_criteria,상,다양한 직업 및 진로에 관한 길고 복잡한 글이나 대화를 듣거나 읽고 다양하고 적절한 어휘와 표현을 활용하여 세부 정보를 정확하게 말할 수 있다.,,ncic_2015_eng_level_746
33905,[12진영02-01],eval_criteria,중,다양한 직업 및 진로에 관한 글이나 대화를 듣거나 읽고 적절한 어휘와 표현을 활용하여 세부 정보를 대략적으로 말할 수 있다.,,ncic_2015_eng_level_746
33906,[12진영02-01],eval_criteria,하,다양한 직업 및 진로에 관한 짧은 글이나 대화를 듣거나 읽고 주어진 어휘와 예시문을 참고하여 세부 정보를 부분적으로 말할 수 있다.,,ncic_2015_eng_level_746
33907,[12진영02-02],eval_criteria,상,다양한 직업 및 진로에 관한 길고 복잡한 글이나 대화를 듣거나 읽고 다양하고 적절한 어휘와 표현을 활용하여 중심 내용을 정확하게 말할 수 있다.,,ncic_2015_eng_level_746
33908,[12진영02-02],eval_criteria,중,다양한 직업 및 진로에 관한 글이나 대화를 듣거나 읽고 적절한 어휘와 표현을 활용하여 중심 내용을 대략적으로 말할 수 있다.,,ncic_2015_eng_level_746
33909,[12진영02-02],eval_criteria,하,다양한 직업 및 진로에 관한 짧은 글이나 대화를 듣거나 읽고 주어진 어휘와 예시문을 참고하여 중심 내용을 부분적으로 말할 수 있다.,,ncic_2015_eng_level_746
33910,[12진영02-03],eval_criteria,상,다양한 직업 및 진로에 관해 다양하고 적절한 어휘와 표현을 활용하여 자신의 의견이나 감정을 정확하게 말할 수 있다.,,ncic_2015_eng_level_746
33911,[12진영02-03],eval_criteria,중,다양한 직업 및 진로에 관해 적절한 어휘와 표현을 활용하여 자신의 의견이나 감정을 대략적으로 말할 수 있다.,,ncic_2015_eng_level_746
33912,[12진영02-03],eval_criteria,하,다양한 직업 및 진로에 관해 주어진 어휘와 예시문을 참고하여 자신의 의견이나 감정을 부분적으로 말할 수 있다. 교육과정 성취기준 평가준거 성취기준 평가기준,,ncic_2015_eng_level_746
33913,[12진영02-04],eval_criteria,상,다양한 직업 및 진로에 관한 정보를 다양하고 적절한 어휘와 표현을 활용하여 정확하게 묻고 답할 수 있다.,,ncic_2015_eng_level_746
33914,[12진영02-04],eval_criteria,중,다양한 직업 및 진로에 관한 정보를 적절한 어휘와 표현을 활용하여 대략적으로 묻고 답할 수 있다.,,ncic_2015_eng_level_746
33915,[12진영02-04],eval_criteria,하,다양한 직업 및 진로에 관한 정보를 주어진 어휘와 예시문을 참고하여 부분적으로 묻고 답할 수 있다.,,ncic_2015_eng_level_746
33919,[12진영02-06],eval_criteria,상,다양한 직업 및 진로에 필요한 인터뷰를 다양하고 적절한 어휘와 표현을 활용하여 정확하게 수행할 수 있다.,,ncic_2015_eng_level_746
33920,[12진영02-06],eval_criteria,중,다양한 직업 및 진로에 필요한 인터뷰를 적절한 어휘와 표현을 활용하여 대략적으로 수행할 수 있다.,,ncic_2015_eng_level_746
33921,[12진영02-06],eval_criteria,하,다양한 직업 및 진로에 필요한 인터뷰를 주어진 어휘와 예시문을 참고하여 부분적으로 수행할 수 있다. (3) 읽기 영역 교육과정 성취기준 평가준거 성취기준 평가기준,,ncic_2015_eng_level_746
33934,[12진영04-01],eval_criteria,상,다양한 직업 및 진로에 관한 길고 복잡한 글을 듣거나 읽고 다양하고 적절한 어휘와 정확한 언어 형식을 활용하여 세부 정보를 정확하게 기록할 수 있다.,,ncic_2015_eng_level_746
33935,[12진영04-01],eval_criteria,중,다양한 직업 및 진로에 관한 글을 듣거나 읽고 적절한 어휘와 언어 형식을 활용하여 세부 정보를 대략적으로 기록할 수 있다.,,ncic_2015_eng_level_746
33936,[12진영04-01],eval_criteria,하,다양한 직업 및 진로에 관한 짧은 글을 듣거나 읽고 주어진 어휘와 예시문을 참고하여 세부 정보를 부분적으로 기록할 수 있다.,,ncic_2015_eng_level_746
33937,[12진영04-02],eval_criteria,상,다양한 직업 및 진로에 관한 길고 복잡한 글을 듣거나 읽고 다양하고 적절한 어휘와 정확한 언어 형식을 활용하여 간단하게 요약하는 글을 정확하게 쓸 수 있다.,,ncic_2015_eng_level_746
33938,[12진영04-02],eval_criteria,중,다양한 직업 및 진로에 관한 글을 듣거나 읽고 적절한 어휘와 언어 형식을 활용하여 간단하게 요약하는 글을 대략적으로 쓸 수 있다.,,ncic_2015_eng_level_746
33939,[12진영04-02],eval_criteria,하,다양한 직업 및 진로에 관한 짧은 글을 듣거나 읽고 주어진 어휘와 예시문을 참고하여 간단하게 요약하는 글을 부분적으로 쓸 수 있다.,,ncic_2015_eng_level_746
33943,[12진영04-04],eval_criteria,상,"사람, 사물, 사건에 대하여 다양하고 적절한 어휘와 정확한 언어 형식을 활용하여 상세하게 묘사하는 글을 정확하게 쓸 수 있다.",,ncic_2015_eng_level_746
33944,[12진영04-04],eval_criteria,중,"사람, 사물, 사건에 대하여 적절한 어휘와 언어 형식을 활용하여 상세하게 묘사하는 글을 대략적으로 쓸 수 있다.",,ncic_2015_eng_level_746
33945,[12진영04-04],eval_criteria,하,"사람, 사물, 사건에 대하여 주어진 어휘와 예시문을 참고하여 상세하게 묘사하는 글을 부분적으로 쓸 수 있다.",,ncic_2015_eng_level_746
33952,[12진영03-01],eval_criteria,상,"■ 직업 및 진로에 관련한 자기소개서, 서식, 이메일 등을 다양하고 적절한 어휘와 정확한 언어 형식을 활용하여 상황과 목적에 맞도록 정확하게 작성할 수 있다. 다양한 직업 및 진로에 관한 길고 복잡한 글을 읽고 사실 정보와 맥락 정보를 바탕으로 세부 정보를 정확하게 파악할 수 있다.",,ncic_2015_eng_level_746
33953,[12진영03-01],eval_criteria,중,"■ 직업 및 진로에 관련한 자기소개서, 서식, 이메일 등을 적절한 어휘와 언어 형식을 활용하여 상황과 목적에 맞도록 대략적으로 작성할 수 있다. 다양한 직업 및 진로에 관한 글을 읽고 사실 정보를 바탕으로 세부 정보를 대략적으로 파악할 수 있다.",,ncic_2015_eng_level_746
33954,[12진영03-01],eval_criteria,하,"■ 직업 및 진로에 관련한 자기소개서, 서식, 이메일 등을 주어진 어휘와 예시문을 참고하여 상황과 목적에 맞도록 부분적으로 작성할 수 있다. 다양한 직업 및 진로에 관한 짧은 글을 읽고 단순 사실 정보를 바탕으로 세부 정보를 부분적으로 파악할 수 있다. 문항 유형 지필 평가 □ 선다형      □ 진위형     □ 연결형    □ 조합형 ■ 단답형      □ 서술형     □ 기타(                ) 수행 평가 □ 과제 해결   □ 논술・구술  □ 토론・토의         □ 프로젝트 □ 실험・실습  □ 포트폴리오  □ 자기평가・동료평가 핵심 역량 [영어 의사소통 역량] 형식적 언어를 사용하여 이메일을 작성하는 활동을 통해 특정 직무 상황에서 필요한 쓰기 능력을 함양함 출제 의도 이 문항은 학생들이 나중에 직업 상황에서 이메일이나 편지를 작성하게 될 때 알아야하는 형식적 표현(formal expressions)과 비형식적 표현(informal expressions)의 차이점을 알고 있는가를 측정하기 위함이다. 주어진 글을 읽고 그 속에 있는 형식적 표현을 찾아 적고, 비형식적 표현을 찾아 적는 문항으로서, 답이 확실하게 정해져 있는 단답형 문항이다. 평가 문항 예시 [교수학습 활동] - 형식적 표현(formal expressions)과 비형식적 표현(informal expressions)에 대해 가르치고, 게임을 활용해 배운 내용을 숙지하게 한다. [평가문항] - Read the two e-mails below and complete the table with formal and informal expressions that you found in the e-mails. Dear Mr. Bhati Further to our last meeting at the Telecom Expo conference in Delhi, I am writing with regard to your interest in our company. Rimco provides telecommunications and information technology in the Middle East and Africa. Our next project is a new division in India at the end of this year. I am attaching a brochure with more details. Please feel free to contact me if you would like any further information. Yours sincerely Murad Al Sarary, Client Manager, Rimco Telecommunications Hi Rahul It was nice to meet you at the Telecom Expo. I’m writing about your interest in our company. Our new division in India opens at the end of this year. Here is the brochure with more details. Give me a call if you want any more information. Bye for now. Murad MORE FORMAL LESS FORMAL Start the email 1-1) 1-2) Refer to past contact 2-1) 2-2) Given reason for writing I am writing with regard to your interest in our company. I’m writing about your interest in our company. Refer to an attachment 3-1) 3-2) Mention about contacting 4-1) 4-2) End the email 5-1) 5-2) (출처 : http://www.ngllife.com/content/business-writing-worksheets) [예시답안] MORE FORMAL LESS FORMAL Start the email Dear Mr. Bhati Hi Rahul Refer to past contact Further to our last meeting at the Telecom Expo conference in Delhi, It was nice to meet you at the Telecom Expo. Given reason for writing I am writing with regard to your interest in our company. I’m writing about your interest in our company. Refer to an attachment I am attaching a brochure with more details. Here is the brochure with more details. Mention about contacting Please feel free to contact me if you would like any further information. Give me a call if you want any more information. End the email Yours sincerely Bye for now.",,ncic_2015_eng_level_746
33955,[12진영04-05],eval_criteria,상,"■ 다양한 직업 및 진로에 관한 길고 복잡한 글을 읽고 사실 정보와 맥락 정보를 바탕으로 주제 및 요지를 정확하게 파악할 수 있다. 직업 및 진로에 관련한 자기소개서, 서식, 이메일 등을 다양하고 적절한 어휘와 정확한 언어 형식을 활용하여 상황과 목적에 맞도록 정확하게 작성할 수 있다.",,ncic_2015_eng_level_746
33956,[12진영04-05],eval_criteria,중,"■ 다양한 직업 및 진로에 관한 글을 읽고 사실 정보를 바탕으로 주제 및 요지를 대략적으로 파악할 수 있다. 직업 및 진로에 관련한 자기소개서, 서식, 이메일 등을 적절한 어휘와 언어 형식을 활용하여 상황과 목적에 맞도록 대략적으로 작성할 수 있다.",,ncic_2015_eng_level_746
33957,[12진영04-05],eval_criteria,하,"■ 다양한 직업 및 진로에 관한 짧은 글을 읽고 단순 사실 정보를 바탕으로 주제 및 요지를 부분적으로 파악할 수 있다. 직업 및 진로에 관련한 자기소개서, 서식, 이메일 등을 주어진 어휘와 예시문을 참고하여 상황과 목적에 맞도록 부분적으로 작성할 수 있다. 문항 유형 지필 평가 □ 선다형      □ 진위형     □ 연결형    □ 조합형 □ 단답형      ■ 서술형     □ 기타(                ) 수행 평가 □ 과제 해결   □ 논술・구술  □ 토론・토의         □ 프로젝트 □ 실험・실습  □ 포트폴리오  □ 자기평가・동료평가 핵심 역량 [영어 의사소통 역량] 직무 중에 사용하는 이메일이나 메시지의 제목(subject line)을 작성하는 활동을 통해 특정 직무 상황에서 필요한 쓰기 능력을 함양함 출제 의도 이 문항은 학생들이 나중에 직무 상황에서 쓰게 되는 이메일이나 메시지의 제목(subject line)을 작성하는 역량을 측정하는 서술형 평가 문항이다. 사전에 학생들에게 situation card를 주고 해당되는 내용의 글을 읽은 후, 제목을 작성하게 하는 활동을 통해 제목 작성 요령을 충분히 숙지한 후, 그 내용을 평가한다. 이를 통해 특정 직무 상황에서 필요한 쓰기 능력을 함양할 수 있다. 평가 문항 예시 [교수학습 활동] - subject line의 정의와 작성 요령을 알려주고, situation card 활동을 통해 적절한 subject line 작성을 익히도록 한다. 우리는 실제로 업무 중에 적어도 10개 이상의 이메일과 메시지를 받고, 따라서 이메일이나 메시지의 제목(subject line)이 굉장히 중요합니다. subject line이란 이메일이나 메시지를 받는 사람이 앞으로 읽게 될 내용을 짧고 굵게 요약해주는 기능을 합니다. subject line을 쓸 때는 다음의 사항을 유의하는 것이 좋습니다. 1. 1단어∼3단어로 작성할 것 2. 메시지 내용의 핵심어만을 사용할 것 3. 메시지를 요약하고 있을 것 [출처: https://www.grammarly.com/blog/email-subject-lines/ (좌) https://optinmonster.com/101-email-subject-lines-your-subscribers-cant-resist/ (우)] <situation card활동> - 학생들에게 카드 앞면에 있는 이메일/메세지의 내용을 보여주고 적절한 subject line을 1～3단어로 영어로 말하게 한 후, 카드를 뒤집어 정답을 확인하게 하는 활동을 진행한다. - 카드 예시 (앞면) (뒷면) Hello Steve, It was with great pleasure that I learned of your new position at the Kiwi Company. Having known and worked with you, I know that you are ready for such a challenge, and am impressed by your initiative in pursuing this wonderful new career direction. Best of luck as you advance in your career, and please keep me updated as to how things are going! Sincerely, Joseph Purple Subject: New Position Dear Evan, Congratulations on your promotion to Vice President of Pumpkintown Savings Bank. I heard about your well-deserved promotion through LinkedIn. Best wishes for continued success in your career. Sincerely, Monty Black Subject: Congratulations on Promotion Dear Bob, I am getting excited about my return to the office. My maternity leave is winding down, and after speaking with Human Resources, September 19, 2018, will be my first official day back in the office. I am looking forward to getting back to work and will see you soon. Best Regards, Sarah Coleman Subject: Return to Work Dear Ms. Hong, I will be unable to attend work today because of personal illness. I will be using one of my sick days to cover this absence from work. Please let me know if I can provide any further information. Sincerely, Soosung Lim Subject: Sick Day Sorry I forgot to attach the delivery note. Here is the attachment. Subject: Forgotten Attachment King Oil haven’t delivered the five barrels yet and they’re late. Would you like me to call them? Subject: Late Oil Delivery [평가문항] Read the information in the boxes, then write subject lines for these emails / messages. Dear Susan, Subject:                            (1) Thank you so very much for all of your invaluable assistance with planning our annual conference. Your expertise in handling the logistics, the meeting arrangements, the multimedia presentations, coordinating travel, and in organizing the event were greatly appreciated. I really appreciate your help and advice, and I am sure we will be contacting you for your assistance with next year's conference. Best regards, Mary Jones Hello Steve, Subject:                            (2) It was with great pleasure that I learned of your new position at the Kiwi Company. Having known and worked with you, I know that you are ready for such a challenge, and am impressed by your initiative in pursuing this wonderful new career direction. Best of luck as you advance in your career, and please keep me updated as to how things are going! Sincerely, Joseph Purple Dear Evan, Subject:                            (3) Congratulations on your promotion to Vice President of Pumpkintown Savings Bank. I heard about your well-deserved promotion through LinkedIn. Best wishes for continued success in your career. Sincerely, Monty Black Dear Bob, Subject:                            (4) I am getting excited about my return to the office. My maternity leave is winding down, and after speaking with Human Resources, September 19, 2018, will be my first official day back in the office. I am looking forward to getting back to work and will see you soon. Best Regards, Sarah Coleman Dear Ms. Hong, Subject:                            (5) I will be unable to attend work today because of personal illness. I will be using one of my sick days to cover this absence from work. Please let me know if I can provide any further information. Sincerely, Soosung Lim Subject:                            (6) Sorry I forgot to attach the delivery note. Here is the attachment. Subject:                            (7) King Oil haven’t delivered the five barrels yet and they’re late. Would you like me to call them? (출처 :https://www.thebalancecareers.com/employment-related-email-message-examples-2061898) [예시답안] 1. Annual Conference, 2. New Position, 3. Congratulations on Promotion, 4. Return to Work, 5. Sick Day, 6. Forgotten Attachment, 7. Late Oil Delivery",,ncic_2015_eng_level_746
33958,[12진영04-06],eval_criteria,상,"■ 직업과 진로에 관해 다양하고 적절한 어휘와 표현으로 그림, 표, 서식 등을 활용하여 프레젠테이션을 정확하게 할 수 있다. 자신의 직업 및 진로에 대한 계획서를 목적과 형식에 맞추어 다양하고 적절한 어휘와 정확한 언어 형식을 활용하여 정확하게 쓸 수 있다.",,ncic_2015_eng_level_746
33959,[12진영04-06],eval_criteria,중,"■ 직업과 진로에 관해 적절한 어휘와 표현으로 그림, 표, 서식 등 을 활용하여 프레젠테이션을 대략적으로 할 수 있다. 자신의 직업 및 진로에 대한 계획서를 목적과 형식에 맞추어 적절한 어휘와 언어 형식을 활용하여 대략적으로 쓸 수 있다.",,ncic_2015_eng_level_746
33960,[12진영04-06],eval_criteria,하,"■ 직업과 진로에 관해 주어진 어휘와 예시문을 참고하여 그림, 표, 서식 등을 활용하여 프레젠테이션을 부분적으로 할 수 있다. 자신의 직업 및 진로에 대한 계획서를 목적과 형식에 맞추어 주어진 어휘와 예시문을 참고하여 부분적으로 쓸 수 있다. 문항 유형 지필 평가 □ 선다형      □ 진위형     □ 연결형    □ 조합형 □ 단답형      □ 서술형     □ 기타(                ) 수행 평가 ■ 과제 해결   ■ 논술・구술  □ 토론・토의          □ 프로젝트 □ 실험・실습  □ 포트폴리오  □ 자기평가・동료평가 핵심 역량 [영어 의사소통 역량] job application cover letter를 작성하는 활동을 통해 특정 상황에서 필요한 쓰기 능력을 함양함 [지식정보처리 역량] 직업을 선정하고, 그 직업에 관련한 정보를 검색하는 과정에서 정보 활용을 할 수 있는 역량을 함양함 출제 의도 이 문항은 학생들의 진로 탐색과 진로에 대한 정보 습득 활동을 통해  job application cover letter를 작성하는 능력을 평가한다. 모둠별로 직업 탐색 과정을 거쳐 가장 흥미로운 직업을 하나씩 선정한 후 직업에 대해 조사하고 직업 부스를 만들어서 학급 내 직업 박람회(career fair)를 개최한다. 학생들은 자유롭게 직업 박람회(career fair) 부스를 돌아다니며 다양한 직업에 대해 공부하고, 자신에게 필요한 정보를 습득 및 기록한 후, 정보들을 바탕으로 job application cover letter를 작성한다. 이러한 활동들을 통해 영어 의사소통 역량, 지식 정보 처리 역량을 평가하고자 한다. 교수·학습 활동 및 평가 계획 평가 교수·학습 활동 쓰기평가 진로 탐색하기 ◀◀ 웹사이트를 검색하며 가장 관심이 가는 직업을 선정하기 자신이 선정한 직업에 대한 정보를 검색한 후, 직업에 대한 대략적 정보와 그 직업을 선택한 이유를 영작하기 영작한 내용을 모둠원들과 공유하고, 가장 매력적인 직업 선정하기 쓰기평가 직업 박람회(career fair) 자료 제작하기 ◀◀ 1차시에 모둠별로 선정한 직업에 대해 다양한 자료를 활용하여 자세하게 조사하고 조사한 내용을 영작하기 조사한 내용을 바탕으로 career fair 부스 준비하기(직업 박람회 포스터 등 시각 자료 제작하기) 말하기평가 직업 박람회(career fair) 개최하기 ◀◀ 모둠 부스 발표자 두 명을 제외하고 자유롭게 돌아다니며 설명 들은 후 양식 기록하기(발표자 역할은 20분 간격으로 교체) 가장 유익한 정보를 준 모둠 선정하기 쓰기평가 job application cover letter 작성법 ◀◀ job application cover letter의 정의와 작성법에 관한 영상 시청하기 job application cover letter 형식과 규칙 배워보기 job application cover letter에 들어갈 내용 브레인스토밍해보기 쓰기평가 job application cover letter 작성하기 ◀◀ 자신이 지금까지 탐색하고 선정한 직업에 관련한 구인광고 검색하기 구인 광고를 읽은 후 지원 자격 요건 및 지원 방법 정리하기 실제 구인 광고 속 지원 자격에 맞게 가상의 job application cover letter 작성해보기 ※ 위 과정은 여러 차시에 걸친 한 단원의 수업 전개 모습이다. ※ 학습 단계의 일부에 해당하는 평가 문항을 제시하고자 한다. 평가 문항 예시 진로 탐색하기 [교수학습 활동] - 웹사이트를 참고하여 학생들이 가장 관심이 가는 직업을 하나 선택하게 한다. - 참고 웹사이트: https://www.bls.gov/ooh/occupation-finder.htm?pay=&education=&training=&newjobs=&growth=Much+faster+than+average&submit=GO (가장 빠르게 성장하고 있는 직종 1위~25위) https://myfuture.edu.au/industries#/ (다양한 분야에 관련된 직종) http://jobdic.incruit.com/main/jobdic.asp (다양한 직업사전이 나와 있는 국내 사이트) [평가문항] [출처:https://steemkr.com/steemit/@jonesteemit/why-is-steemit-the-best-job-ever-can-it-make-you-richer-8-facts] I think the best job in the world is ... [예시답안] I think the best job in the world is a tour guide. As a tour guide, you go to many exotic places and you always meet new people. You get to see the world without having to pay for it. Although the salary isn’t that great, I think the travel opportunities largely make up for that. I think it’s a great job to start your career.",,ncic_2015_eng_level_746
33961,[12진영02-05],eval_criteria,상,"■ 다양한 직업 및 진로에 관한 길고 복잡한 말이나 대화를 듣고 세부 정보를 정확하게 파악할 수 있다. 직업 및 진로에 관해 다양하고 적절한 어휘와 표현으로 그림, 표, 서식 등을 활용하여 프레젠테이션을 정확하게 할 수 있다.",,ncic_2015_eng_level_746
33962,[12진영02-05],eval_criteria,중,"■ 다양한 직업 및 진로에 관한 말이나 대화를 듣고 세부 정보를 대략적으로 파악할 수 있다. 직업 및 진로에 관해 적절한 어휘와 표현으로 그림, 표, 서식 등을 활용하여 프레젠테이션을 대략적으로 할 수 있다.",,ncic_2015_eng_level_746
33963,[12진영02-05],eval_criteria,하,"■ 다양한 직업 및 진로에 관한 짧은 말이나 대화를 듣고 세부 정보를 부분적으로 파악할 수 있다. 직업 및 진로에 관해 주어진 어휘와 예시문을 참고하여 그림, 표, 서식 등을 활용하여 프레젠테이션을 부분적으로 할 수 있다. 문항 유형 지필 평가 □ 선다형      □ 진위형     □ 연결형    □ 조합형 □ 단답형      □ 서술형     □ 기타(                ) 수행 평가 ■ 과제 해결   ■ 논술・구술  □ 토론・토의         □ 프로젝트 □ 실험・실습  □ 포트폴리오  □ 자기평가・동료평가 핵심 역량 [영어 의사소통 역량] 비즈니스 플랜 영작 및 발표 활동을 통해 특정 상황에서 필요한 말하기 능력을 함양함 출제 의도 이 문항은 듣기 활동 및 브레인스토밍 활동 후 비즈니스 플랜 작성 및 발표 능력을 평가하는 수행평가 문항이다. 비즈니스 플랜 작성 전에 브레인스토밍을 하고, 비즈니스 플랜 작성법에 대한 강의를 시청한 후, 비즈니스 플랜을 작성 및 발표하게 함으로써 영어 의사소통 역량을 평가하고자 한다. 평가 계획 평가 교수·학습 활동 쓰기평가 브레인스토밍하기 ◀◀ 웹사이트를 검색하며 가장 관심이 가는 사업 아이템 선정하기 자신이 선정한 사업아이템에 대한 정보를 검색하기 비즈니스 플랜 브레인스토밍 하기 듣기평가 비즈니스 플랜 작성법 익히기 ◀◀ 비즈니스 플랜 작성법에 대한 강의 시청하기 비즈니스 플랜 작성 형식과 규칙 배워보기 쓰기평가 비즈니스 플랜 작성하기 ◀◀ 비즈니스 플랜 작성하기 말하기평가 비즈니스 플랜 발표 및 공유하기 ◀◀ 준비해온 시각자료(ex. 비즈니스 모델 캔버스 등을 활용)를 이용하여 비즈니스 플랜 발표 및 공유하기 다른 친구의 비즈니스 플랜 평가하고 가장 자신이 투자하고 싶은 비즈니스 선정하기 ※ 위 과정은 여러 차시에 걸친 한 단원의 수업 전개 모습이다. ※ 학습 단계의 일부에 해당하는 평가 문항을 제시하고자 한다. 평가 문항 예시 브레인스토밍하기 [교수학습 활동] - 웹사이트를 참고하여 학생들이 가장 관심이 가는 사업 아이템을 하나 선택하게 한다. - 참고 웹사이트: https://www.entrepreneur.com/article/201588 https://businesstown.com/300-best-small-business-ideas/ [평가문항] Business Plan  for 1.                                                    (name of your business) Business Concept Product or Service:  2. Describe your product or service:  3. What makes your product or service unique?  4. Describe the industry (i.e. pet food, clothing, education, auto repair, retail, food, etc) and explain the need for your product or service:  5. What are the new trends in your industry?  6. How will you measure success? Define your goal in numbers ($, number of customers [clients] or sales units) 7. MicroBusinessForTeens.com에서 참고 [예시답안] Business Plan  for 1. Soosung's Drawing Teaching Business   (name of your business) Business Concept Product or Service: 2. Giving drawing lessons Describe your product or service: 3. I will teach drawing to beginners in a half-hour weekly lesson at my home. What makes your product or service unique? 4. I really like kids, and they seem to like me. I will charge about half the price of professional drawing teachers. I will teach only beginners. Describe the industry (e.g. pet food, clothing, education, auto repair, retail, food, etc) and explain the need for your product or service: 5. Most children take drawing lessons at some point in their life. The market is huge and parents are willing to spend money on drawing lessons. What are the new trends in your industry? 6. New methods, fun games on the computer How will you measure success? Define your goal in numbers ($, number of customers [clients] or sales units) 7. I would be successful if I had 5 students that liked me enough to continue after three months. I hope to earn a little spending money, maybe $100 a month.",,ncic_2015_eng_level_746
33964,[12진영04-03],eval_criteria,상,■ 다양한 직업 및 진로에 관한 길고 복잡한 글을 읽고 사실 정보와 맥락 정보를 바탕으로 주제 및 요지를 정확하게 파악할 수 있다. 다양한 직업 및 진로에 관해 다양하고 적절한 어휘와 정확한 어휘 형식을 활용하여 의견이나 감정을 표현하는 글을 정확하게 쓸 수 있다.,,ncic_2015_eng_level_746
33965,[12진영04-03],eval_criteria,중,■ 다양한 직업 및 진로에 관한 글을 읽고 사실 정보를 바탕으로 주제 및 요지를 대략적으로 파악할 수 있다. 다양한 직업 및 진로에 관해 적절한 어휘와 언어 형식을 활용하여 의견이나 감정을 표현하는 글을 대략적으로 쓸 수 있다.,,ncic_2015_eng_level_746
33966,[12진영04-03],eval_criteria,하,■ 다양한 직업 및 진로에 관한 글을 읽고 단순 사실 정보를 바탕으로 주제 및 요지를 부분적으로 파악할 수 있다. 다양한 직업 및 진로에 관해 주어진 어휘와 예시문을 참고하여 의견이나 감정을 표현하는 글을 부분적으로 쓸 수 있다. 문항 유형 지필 평가 □ 선다형      □ 진위형     □ 연결형    □ 조합형 □ 단답형      □ 서술형     □ 기타(                ) 수행 평가 ■ 과제 해결   ■ 논술・구술  □ 토론・토의         □ 프로젝트 □ 실험・실습  □ 포트폴리오  ■ 자기평가・동료평가 핵심 역량 [영어 의사소통 역량] 미래 직업 세계에 대한 글을 읽고 정보를 종합하는 쓰기 활동을 통해 영어 의사소통 역량을 기름 [지식정보처리 역량] 미래 직업 사회 및 자신의 희망직업의 전망에 대해 직접 자료를 조사하고 필요한 정보를 재구성하는 능력을 함양함 [자기관리 역량] 자신의 희망직업의 미래를 예측하고 이에 대비할 수 있는 방법을 모색함으로써 자기주도적인 역량을 기름 출제 의도,,ncic_2015_eng_level_746
33967,[12영문03-01],eval_criteria,상,"문학작품을 읽고 세부 내용을 명확하게 이해하고 등장인물, 사건, 시간, 장소 등을 정확하게 파악할 수 있다.",,ncic_2015_eng_level_746
33968,[12영문03-01],eval_criteria,중,"문학작품을 읽고 세부 내용을 기본적으로 이해하고 등장인물, 사건, 시간, 장소 등을 대략적으로 파악할 수 있다.",,ncic_2015_eng_level_746
33969,[12영문03-01],eval_criteria,하,"문학작품을 읽고 세부 내용을 일부 이해하고 등장인물, 사건, 시간, 장소 등을 부분적으로 파악할 수 있다.",,ncic_2015_eng_level_746
33970,[12영문03-02],eval_criteria,상,"문학 작품을 읽고 명시적 정보와 비명시적 정보를 토대로 글에 나타난 이미지, 은유, 상징 등의 구체적인 예를 정확하게 파악할 수 있다.",,ncic_2015_eng_level_746
33971,[12영문03-02],eval_criteria,중,"문학 작품을 읽고 명시적 정보를 토대로 글에 나타난 이미지, 은유, 상징 등의 구체적인 예를 대략적으로 파악할 수 있다.",,ncic_2015_eng_level_746
33972,[12영문03-02],eval_criteria,하,"문학 작품을 읽고 단순 사실 정보를 토대로 글에 나타난 이미지, 은유, 상징 등의 구체적인 예를 부분적으로 파악할 수 있다.",,ncic_2015_eng_level_746
33976,[12영문03-04],eval_criteria,상,"문학 작품을 읽고 작품의 흐름에 대한 명확한 이해를 바탕으로 등장인물 간의 관계, 사건의 연결성, 사건 전개 방식, 시간 및 장소의 변화 등 작품 구성 요소의 유기적 관계를 정확하게 분석할 수 있다.",,ncic_2015_eng_level_746
33977,[12영문03-04],eval_criteria,중,"문학 작품을 읽고 작품의 흐름에 대한 기본적인 이해를 바탕으로 등장인물 간의 관계, 사건의 연결성, 사건 전개 방식, 시간 및 장소의 변화 등 작품 구성 요소의 유기적 관계를 대략적으로 분석할 수 있다.",,ncic_2015_eng_level_746
33978,[12영문03-04],eval_criteria,하,"문학 작품을 읽고 작품의 흐름을 일부를 이해하여 등장인물 간의 관계, 사건의 연결성, 사건 전개 방식, 시간 및 장소의 변화 등 작품 구성 요소의 유기적 관계를 부분적으로 분석할 수 있다.",,ncic_2015_eng_level_746
33979,[12영문03-05],eval_criteria,상,문학 작품을 읽고 명시적 정보와 비명시적 정보를 바탕으로 글의 흐름을 명확하게 이해하여 필자의 의도나 목적을 정확하게 추론할 수 있다.,,ncic_2015_eng_level_746
33980,[12영문03-05],eval_criteria,중,문학 작품을 읽고 명시적 정보를 바탕으로 기본적인 글의 흐름을 이해하여 필자의 의도나 목적을 대략적으로 추론할 수 있다.,,ncic_2015_eng_level_746
33981,[12영문03-05],eval_criteria,하,문학 작품을 읽고 단순 사실 정보를 바탕으로 일부 글의 흐름을 이해하여 필자의 의도나 목적을 부분적으로 추론할 수 있다.,,ncic_2015_eng_level_746
33982,[12영문03-06],eval_criteria,상,"문학 작품을 읽고 작품 속 인물들의 말, 행동, 어조와 작품 배경 등에 대한 명확한 이해를 바탕으로 작품의 분위기, 어조, 상황, 등장인물의 심정을 정확하게 추론할 수 있다.",,ncic_2015_eng_level_746
33983,[12영문03-06],eval_criteria,중,"문학 작품을 읽고 작품 속 인물들의 말, 행동, 어조와 작품 배경 등에 대한 기본적인 이해를 바탕으로 작품의 분위기, 어조, 상황, 등장인물의 심정을 대략적으로 추론할 수 있다.",,ncic_2015_eng_level_746
33984,[12영문03-06],eval_criteria,하,"문학 작품을 읽고 작품 속 인물들의 말, 행동, 어조와 작품 배경 등에 대한 일부 이해를 바탕으로 작품의 분위기, 어조, 상황, 등장인물의 심정을 부분적으로 추론할 수 있다.",,ncic_2015_eng_level_746
33985,[12영문03-07],eval_criteria,상,"문학 작품을 읽고 작가의 작품의 구성, 구체적 표현 방법 등을 명확하게 이해하여 심미적 표현과 의미를 정확하게 파악할 수 있다.",,ncic_2015_eng_level_746
33986,[12영문03-07],eval_criteria,중,"문학 작품을 읽고 작가의 작품의 구성, 구체적 표현 방법 등을 기본적으로 이해하여 심미적 표현과 의미를 대략적으로 파악할 수 있다.",,ncic_2015_eng_level_746
33987,[12영문03-07],eval_criteria,하,"문학 작품을 읽고 작가의 작품의 구성, 구체적 표현 방법 등을 일부 이해하여 심미적 표현과 의미를 부분적으로 파악할 수 있다.",,ncic_2015_eng_level_746
33988,[12영문03-08],eval_criteria,상,문학 작품을 읽고 명시적 정보와 비명시적 정보에서 근거가 되는 정보를 명확하게 파악하여 작품의 배경과 시대적 상황을 정확하게 이해할 수 있다.,,ncic_2015_eng_level_746
33989,[12영문03-08],eval_criteria,중,문학 작품을 읽고 명시적 정보에서 근거가 되는 정보를 기본적으로 파악하여 작품의 배경과 시대적 상황을 대략적으로 이해할 수 있다.,,ncic_2015_eng_level_746
33990,[12영문03-08],eval_criteria,하,문학 작품을 읽고 단순 사실 정보에서 근거가 되는 정보를 일부 파악하여 작품의 배경과 시대적 상황을 부분적으로 이해할 수 있다. (2) 쓰기 영역 교육과정 성취기준 평가준거 성취기준 평가기준,,ncic_2015_eng_level_746
33991,[12영문04-01],eval_criteria,상,"문학작품을 읽고 다양하고 적절한 어휘와 언어 형식을 활용하여 등장인물, 사건, 시간, 장소 등에 대해 정확하게 기록할 수 있다.",,ncic_2015_eng_level_746
33992,[12영문04-01],eval_criteria,중,"문학작품을 읽고 적절한 어휘와 언어 형식을 활용하여 등장인물, 사건, 시간, 장소 등에 대해 대략적으로 기록할 수 있다.",,ncic_2015_eng_level_746
33993,[12영문04-01],eval_criteria,하,"문학작품을 읽고 주어진 어휘와 예시문을 참고하여 등장인물, 사건, 시간, 장소 등에 대해 부분적으로 기록할 수 있다.",,ncic_2015_eng_level_746
33996,[12영문04-02],eval_criteria,하,"문학 작품을 읽고 주어진 어휘와 예시문을 참고하여 작품의 분위기, 어조, 상황, 등장인물의 심정에 대해 부분적으로 쓸 수 있다.",,ncic_2015_eng_level_746
33997,[12영문04-03],eval_criteria,상,"문학 작품을 읽고 다양하고 적절한 어휘와 언어 형식을 활용하여 글에 나타난 이미지, 은유, 상징 등의 구체적인 예를 활용하여 정확하게 쓸 수 있다.",,ncic_2015_eng_level_746
33998,[12영문04-03],eval_criteria,중,"문학 작품을 읽고 적절한 어휘와 언어 형식을 활용하여 글에 나타난 이미지, 은유, 상징 등의 구체적인 예를 활용하여 대략적으로 쓸 수 있다.",,ncic_2015_eng_level_746
33999,[12영문04-03],eval_criteria,하,"문학 작품을 읽고 주어진 어휘와 예시문을 참고하여 글에 나타난 이미지, 은유, 상징 등의 구체적인 예를 활용하여 부분적으로 쓸 수 있다.",,ncic_2015_eng_level_746
34012,[12영문04-06],achievement_level,A,"문학작품을 읽고 다양하고 적절한 어휘와 언어 형식을 활용하여 등장인물, 사건, 시간, 장소 등에 대해 정확하게 기록할 수 있다. 문학 작품을 읽고 다양하고 적절한 어휘와 언어 형식을 활용하여 작품의 분위기, 어조, 상황, 등장인물의 심정과 글에 나타난 이미지, 은유, 상징 등의 구체적인 예를 활용하여 정확하게 쓸 수 있다. 문학 작품을 읽고 다양하고 적절한 어휘와 언어 형식을 활용하여 요약하는 글, 감상이나 비평하는 글, 상황극의 대본을 정확하게 쓸 수 있다.",,ncic_2015_eng_level_746
34013,[12영문04-06],achievement_level,B,"문학작품을 읽고 적절한 어휘와 언어 형식을 활용하여 등장인물, 사건, 시간, 장소 등에 대해 대략적으로 기록할 수 있다. 문학 작품을 적절한 어휘와 언어 형식을 활용하여 작품의 분위기, 어조, 상황, 등장인물의 심정과 글에 나타난 이미지, 은유, 상징 등의 구체적인 예를 활용하여 대략적으로 쓸 수 있다. 문학 작품을 읽고 적절한 어휘와 언어 형식을 활용하여 요약하는 글, 감상이나 비평하는 글, 상황극의 대본을 대략적으로 쓸 수 있다.",,ncic_2015_eng_level_746
34014,[12영문04-06],achievement_level,C,"문학작품을 읽고 주어진 어휘와 예시문을 참고하여 등장인물, 사건, 시간, 장소 등에 대해 부분적으로 기록할 수 있다. 문학 작품을 읽고 주어진 어휘와 예시문을 참고하여 작품의 분위기, 어조, 상황, 등장인물의 심정과 글에 나타난 이미지, 은유, 상징 등의 구체적인 예를 활용하여 부분적으로 쓸 수 있다. 문학 작품을 읽고 주어진 어휘와 예시문을 참고하여 요약하는 글, 감상이나 비평하는 글, 상황극의 대본을 부분적으로 쓸 수 있다.",,ncic_2015_eng_level_746
34015,[12영문03-03],eval_criteria,상,"■ 문학 작품을 읽고 명시적 정보와 비명시적 정보를 바탕으로 중심 내용을 명확하게 이해하여 줄거리, 주제, 요지를 정확하게 파악할 수 있다.",,ncic_2015_eng_level_746
34016,[12영문03-03],eval_criteria,중,"■ 문학 작품을 읽고 명시적 정보를 바탕으로 기본적인 중심 내용을 이해하여 줄거리, 주제, 요지를 대략적으로 파악할 수 있다.",,ncic_2015_eng_level_746
34017,[12영문03-03],eval_criteria,하,"■ 문학 작품을 읽고 단순 사실 정보를 바탕으로 일부의 중심 내용을 이해하여 줄거리, 주제, 요지를 부분적으로 파악할 수 있다. 문항 유형 지필 평가 □ 선다형      □ 진위형     □ 연결형    □ 조합형 ■단답형       □ 서술형     □ 기타(                ) 수행 평가 □ 과제 해결   □ 논술・구술  □ 토론・토의         □ 프로젝트 □ 실험・실습  □ 포트폴리오  □ 자기평가・동료평가 핵심 역량 [영어 의사소통 역량] 문학 작품을 읽고 주어진 정보를 바탕으로 기본적인 중심 내용을 이해하여 요지를 대략적으로 파악해 봄 출제 의도 문학 작품을 읽고 책 속에 나타난 정보를 바탕으로 중심내용을 이해하여 요지를 파악할 수 있는지 평가하고자 하였다. 실제 학교 현장에서 지필 평가로 출제할 경우, 영미문학 읽기 과목에서 주요 활동인 줄거리, 주제, 요지 찾기와 관련한 단답형 문제의 예시라고 할 수 있다. 평가문항 예시 요지 완성하기 [평가문항] ▶ Read it and think about the main idea. Answer the questions. Refer to ‘Conditions.’ ------------------------------------------------------------------------- Wherever I went in my life, I met people wanting to gobble up something new. Gobble up a new car. Gobble up a new piece of property. Gobble up the latest toy. And then they wanted to tell you about it. ‘Guess what I got? Guess what I got?’ You know how I always interpreted that? These were people so hungry for love that they were accepting substitutes. They were embracing material things and expecting a sort of hug back. But it never works. You can’t substitute material things for love or for gentleness or for tenderness or for a sense of comradeship. “Money is not a substitute for tenderness, and power is not a substitute for tenderness. I can tell you, as I’m sitting here dying, when you most need it, neither money nor power will give you the feeling you’re looking for, no matter how much of them you have.” (Excerpts from Tuesdays with Morrie [p.45]) Q: What’s the main idea? A: In our life, material things, such as money and power, can’t (A) r the (B) e                values, such as love, gentleness, tenderness or a sense of comradeship. Conditions 1. Don’t use the same words as in the article. 2. Start with the given letter. [예시답안] (A) replace (B) emotional",,ncic_2015_eng_level_746
34018,[12영문04-06],eval_criteria,상,■ 문학 작품을 읽고 다양하고 적절한 어휘와 정확한 언어 형식을 활용하여 상황극의 대본을 정확하게 작성할 수 있다.,,ncic_2015_eng_level_746
34019,[12영문04-06],eval_criteria,중,■ 문학 작품을 읽고 적절한 어휘와 언어 형식을 활용하여 상황극의 대본을 대략적으로 작성할 수 있다.,,ncic_2015_eng_level_746
34020,[12영문04-06],eval_criteria,하,"■ 문학 작품을 읽고 주어진 어휘와 예시문을 참고하여 상황극의 대본을 부분적으로 작성할 수 있다. 문항 유형 지필 평가 □ 선다형      □ 진위형     □ 연결형    □ 조합형 □ 단답형      ■ 서술형     □ 기타(                ) 수행 평가 □ 과제 해결   □ 논술・구술  □ 토론・토의         □ 프로젝트 □ 실험・실습  □ 포트폴리오  □ 자기평가・동료평가 핵심 역량 [영어 의사소통 역량] 작품 속 등장인물의 성격 및 특징, 사건, 시간, 장소 등에 대해 파악해서 mini theater를 위한 각 등장인물의 특징을 살려 상황극 대본을 완성해 봄 [지식 정보처리 역량] 작품에서 등장인물의 특징과 중심내용, 작품의 주제를 파악하여 알게 된 지식과 정보를 토대로 대본 구성으로 처리하고 활용하는 능력을 기르고자 함 출제 의도 이 문항은 ‘The Giver’를 읽은 후 책에 나타난 각 등장인물의 특징 및 사건, 시간, 장소를 파악한 후, 하나의 chapter를 선정하여 대본을 작성하는 과정을 평가하고자 한다. 문어체로 되어있는 문학 작품을 읽고 상황과 등장인물의 특징 및 주요 내용을  종합적으로 이해하여 구어체로 바꾸어 보는 상황극의 대본에 대해 평가하는 활동이라고 할 수 있다. 교수·학습 활동 및 평가 계획 평가 교수·학습 활동 읽기평가 모둠별 CSR 활동지 작성하기 ◀◀ CSR (Collaborative Strategic Reading) 활동을 통해 책 내용 익히기 개인별로 평가 대비 대본 작성 준비하기 쓰기평가 상황극 대본 작성하기 ◀◀ mini theater + puppet play 활동을 위한 대본을 작성하기 말하기평가 상황극 공연하기 ◀◀ mini theater를 위한 작은 무대를 만들고 무대 뒤에 전 차시에 작성한 대본 붙이기 puppet을 만들고 대본을 보면서 공연 연습하기(1인 다역) mini theater + puppet play 발표하기 * 위 과정은 여러 차시에 걸친 한 단원의 수업 전개 모습이다. * 학습 단계의 일부에 해당하는 평가 문항을 제시하고자 한다. 평가문항 예시 상황극 대본 작성하기 [교수학습 활동] - CSR (Collaborative Strategic Reading) 활동을 통해 모둠별로 배정된 Chapter들에 대해서 주요 내용을 의논하여 활동지 ‘Do CSR!’에 작성한다. - 각 모둠별로 활동지(Do CSR!)에 작성한 주요 내용을 큰 보드에 정리하며 적게 한다. - 발표 내용을 반 전체가 서로 공유하며 전체 책의 내용을 전원이 알아가게 한다. Do CSR (Collaborative Strategic Reading)! Your Team’s Chapters Chapter       ～ Chapter Chapter Main Idea Chapter Chapter Chapter Chapter Chapter Chapter ▷ Character Chart No. Character Name Trait & Personality Character 1 Character 2 Character 3 ▷ Present them. Share main ideas of your team’s chapters with other teams. ▷ Choose one chapter for the next step. (Only one chapter is possible.) [평가문항] The Giver ▶ The Script of Mini Theater + Puppet Play Make the script over 10 turns long. Reflect the story of your chosen chapter. Reflect the traits of each character in your chapter. The Members of Your Team Your Chapter Setting Characters The Script The Name of Character Lines * After evaluation, you will practice this script by yourself. [예시답안] The Giver ▶ The Script of Mini Theater + Puppet Play You must do: Make the script over 10 turns long. Reflect the story of your chosen chapter. Reflect the traits of each character in your chapter. The Members of Your Team Woo Eun Jung, Kwon Woo Hyun Your Chapter Chapters 18-20 Setting In Jonas’s home and out of their community Characters Jonas, Gabriel The Script The Name of Character Lines Jonas Last night, the Giver gave me the memory of ‘Release’. It was so awful. I don’t want to make you do ‘Release’. Gabriel I don’t know what you mean. I just follow the Committee’s direction. I think our life is already decided. That’s my life. Jonas I’m the receiver of memory as you know, so I know our life is not decided but controlled. I am sure that you cannot understand what I mean, but.... Gabriel I don't know what you mean or have any feeling so..... Jonas I will just tell you I think our community seems to be perfect, but it’s not. Our people made that choice, the choice to go to Sameness in this community. Gabriel Umm, Jonas, I don’t know everything but I just think I want to follow you. What do I have to do? Jonas We’ll leave here tonight. Just go with me, all right? Gabriel OK...Is it OK with you? (Jonas and Gabriel leave this community.) Gabriel They are following us. I am scared. Jonas Don’t worry. I’m with you. I have so many memories. The Giver told me I can go through this moment using my memories. Believe me. Gabriel I can see the light. Can you see that, Jonas? Jonas I am seeing it, too. Let’s ride a slide. Let’s go there!!! Gabriel Ok!!! Jonas Can you hear this sound? It’s so peaceful! Gabriel What sound?? Jonas Never mind! It’s just an echo. * After evaluation, you will practice this script by yourself.",,ncic_2015_eng_level_746
34021,[12영문04-05],eval_criteria,상,"■ - 문학 작품을 읽고 작품 속 인물들의 말, 행동, 어조와 작품 배경 등에 대한 명확한 이해를 바탕으로 작품의 분위기, 어조, 상황, 등장인물의 심정을 정확하게 추론할 수 있다. - 문학 작품을 읽고 다양하고 적절한 어휘와 정확한 언어 형식을 활용하여 감상이나 비평하는 글을 정확하게 쓸 수 있다.",,ncic_2015_eng_level_746
34022,[12영문04-05],eval_criteria,중,"■ - 문학 작품을 읽고 작품 속 인물들의 말, 행동, 어조와 작품 배경 등에 대한 기본적인 이해를 바탕으로 작품의 분위기, 어조, 상황, 등장인물의 심정을 대략적으로 추론할 수 있다. - 문학 작품을 읽고 적절한 어휘와 언어 형식을 활용하여 감상이나 비평하는 글을 대략적으로 쓸 수 있다.",,ncic_2015_eng_level_746
34023,[12영문04-05],eval_criteria,하,"■ - 문학 작품을 읽고 작품 속 인물들의 말, 행동, 어조와 작품 배경 등에 대한 일부의 이해를 바탕으로 작품의 분위기, 어조, 상황, 등장인물의 심정을 부분적으로 추론할 수 있다. - 문학 작품을 읽고 주어진 어휘와 예시문을 참고하여 감상이나 비평하는 글을 부분적으로 쓸 수 있다. 문항 유형 지필 평가 □ 선다형      □ 진위형     □ 연결형    □ 조합형 □ 단답형      □ 서술형     □ 기타(                ) 수행 평가 ■ 과제 해결   ■ 논술・구술  □ 토론・토의         □ 프로젝트 □ 실험・실습  □ 포트폴리오  □ 자기평가・동료평가 핵심 역량 [영어 의사소통 역량] 작품 속 주인공이 천국에서 다섯 명의 사람들과의 만남을 통해 얻게 되는 인생에 대한 깨달음을 바탕으로 자신의 의견을 더해 감상문을 작성해 봄 [지식 정보처리 역량] 작품에서 주인공과 천국에서 만난 다섯 명과의 관계, 서로간의 의미, 작품의 주제(인생에 대한 깨달음)를 파악하여 알게 된 사실과 감상을 토대로 감상문으로 처리하고 활용하는 능력을 기르고자 함 출제 의도 이 문항은 ‘The Five People You Meet In Heaven’을 읽은 후에 책에 나타난 Eddie와 천국에서 만난 다섯 사람과의 관계 및 천국에서 새롭게 알게 된 사실과 인생에 대한 깨달음을 통해 인생에서의 모든 만남의 소중함과 의미에 대해 이해하며 하나의 완성된 감상문을 작성하는 과정을 평가하고자 한다. 책의 세부 내용을 이해하고 Plot 부분을 작성하고, 자신의 개인적인 의견과 이유를 논리적으로 나타내어 What I liked and dislike 부분을 작성하며, 마지막으로 책 전체의 주제와 자신의 총체적인 의견을 포함한 Overall Opinion 부분을 작성하여 하나의 완성된 감상문을 단계별로 완성해 보고자 한다. 교수·학습 활동 및 평가 계획 평가 교수·학습 활동 읽기평가 Eddie와 천국에서 만난 다섯 명의  사람에 대해 추론하기 ◀◀ 책 감상문 예시글과 함께 단계별 작성 방법에 대해 알아보기 읽은 책의 내용에 대한 이해를 돕기 위해 KAHOOT 사이트를 활용하여 모둠 게임하기 게임 내용을 참고하여 다음 단계인 Plot 작성하기의 준비단계인 브레인스토밍 활동지 작성하기 쓰기평가 Plot 작성하기 ◀◀ 모둠별로 천국에서 만난 각 인물에 대해 세부사항을 그림으로 그리고 묘사하여 학급 전체에게 발표하기 브레인스토밍 활동지와 모둠별 인물 묘사 활동을 참고하여 Plot 평가지 작성하기 쓰기평가 What I Liked and Disliked 작성하기 ◀◀ 자신이 책에서 좋아하는 부분과 좋아하지 않았던 부분에 대해 생각해보는 Thumbs Up and Thumbs Down 활동지 작성하여 모둠에서 의견 공유하기 Thumbs Up and Thumbs Down 활동지를 참고하여 What I Liked and Disliked 평가지 작성하기 쓰기평가 Overall Opinion 작성하기 ◀◀ 책에 대한 자신의 의견을 적어보는 OREO 활동지 작성하기 OREO 활동지를 참고하여 Overall Opinion 평가지 작성하기 쓰기평가 책 감상문 (Book Review) 작성하기 ◀◀ 전 단계의 글을 모아 하나의 완성된 감상문 완성하기 각 모둠 안에서 완성된 글을 돌려가며 다른 모둠원의 감상문에 대해 한 줄 감상 및 검토의견 제시하기 한 줄 감상 및 검토의견 종합하여 자신의 책 감상문을 수정하여 제출하기 ※ 위 과정은 여러 차시에 걸친 한 단원의 수업 전개 모습이다. ※ 학습 단계의 일부에 해당하는 평가 문항을 제시하고자 한다. 평가문항 예시 Eddie와 천국에서 만난 다섯 명의 사람 추론하기 [교수학습 활동] - 감상문(Book Review) 예시글을 보여주며 단계별로 쓰는 방법에 대해 알아보도록 한다. [What is a book review?] A book review is a reader's opinion about a book . When you write a review, begin with a brief summary or description of the book. Then state your opinion of it-whether you liked it or not and why. Last, write your overall opinion with your experience, feelings, ideas, etc. ----------------------------------------------------------------------------- [Book Review Model Writing] - You will write a book review like this model writing during 5 periods step by step. Title & Author ""Three Questions"" is a short story by Leo Tolstoy. [First Paragraph] Plot (+characters) The story is about a king who visits a hermit to find answers to three questions that would help him become  a great king. [Second Paragraph] What I liked and disliked (+reasons) What I liked about this story was that the hermit taught great wisdom through his seemingly uninterested manner.  However, it's a shame that there is not much information about him. I　wondered how he came to live in a forest, but my curiosity wasn't satisfied. [Third Paragraph] Overall opinion (+the main idea, your feelings, ideas, etc) Overall, I think this is a simple but inspiring story that everyone must read. I also got three lessons from the hermit. If I need to be a good leader, I will follow the three lessons from this book. [출처: 능률 영어 Writing Part, Lesson5. A Small Taste of Books 참고 및 변형] - 책 The Five People You Meet In Heaven의 내용에 대한 이해 정도 확인 및 이해를 돕기 위해 www.kahoot.com에 접속하여 교사가 준비한 중요 내용 중심의 온라인 게임을 모둠별로 진행하도록 한다. [출처: https://play.kahoot.it/#/k/b986f493-a423-4c39-bea7-657ce390d0c1] - Kahoot Game으로 정리된 책의 내용을 참고하여 모둠별로 브레인스토밍 활동지를 나누어 주고 평가 시 유의사항을 알아본다. [평가문항] Brainstorming for First Paragraph [PLOT] ‣ You must know... @ 이 활동지는 2차시의 [PLOT]을 작성하는데 사용될 것이며, 2차시에서 평가 시 과제완성 부분에서 일부 점수로 반영됨. @ Eddie가 천국에서 순서대로 만난 다섯 인물에 대해 - 1) 과거의 사건 - 2) 과거의 관계(Eddie와의 인연) - 3) 천국에서 알게 된 사실 - 4) 천국에서 그 인물을 통해 얻은 깨달음 을 중심으로 브레인스토밍 활동지를 작성할 것. ----------------------------------------------------------------------------- ‣ In the box, draw the important event between Eddie and the five people in Heaven. In the lines, write down 4 things from the book. Don't make full sentences. Key words are enough. The Blue Man The Captain Ruby Pier Marguerite Tala [예시답안] The Blue Man The Captain Ruby Marguerite Tala a car accident, a member of the “Freak show” at Ruby Pier, causing the Blue man’s death, all lives - connected the leader in the army, shooting Eddie’s leg so saving Eddie’s life, being killed during the escape, the meaning of sacrifice the woman who saw Eddie’s dying father, Ruby Pier being named after Ruby, the truth of Eddie’s father’s death, the meaning of forgiveness Eddie’s true love, married but not having children, realizing the depth of her love toward Eddie, the meaning of true love a little girl whom Eddie unknowingly killed in the war, saving Annie on the day of his death, not a waste by keeping children safe",,ncic_2015_eng_level_746
34024,[12영문04-02],eval_criteria,상,"■ - 문학 작품을 읽고 다양하고 적절한 어휘와 정확한 언어 형식을 활용하여 작품의 분위기, 어조, 상황, 등장인물의 심정에 대해 정확하게 쓸 수 있다.",,ncic_2015_eng_level_746
34025,[12영문04-02],eval_criteria,중,"■ - 문학 작품을 읽고 적절한 어휘와 언어 형식을 활용하여 작품의 분위기, 어조, 상황, 등장인물의 심정에 대해 대략적으로 쓸 수 있다.",,ncic_2015_eng_level_746
34026,[12영문04-04],eval_criteria,상,■ 문학 작품을 읽고 다양하고 적절한 어휘와 정확한 언어 형식을 활용하여 요약하는 글을 정확하게 쓸 수 있다.,,ncic_2015_eng_level_746
34027,[12영문04-04],eval_criteria,중,■ 문학 작품을 읽고 적절한 어휘와 언어 형식을 활용하여 요약하는 글을 대략적으로 쓸 수 있다.,,ncic_2015_eng_level_746
34028,[12영문04-04],eval_criteria,하,"■ 문학 작품을 읽고 주어진 어휘와 예시문을 참고하여 요약하는 글을 부분적으로 쓸 수 있다. 문항 유형 지필 평가 □ 선다형      □ 진위형     □ 연결형    □ 조합형 □ 단답형      □ 서술형     □ 기타(                ) 수행 평가 □ 과제 해결   ■ 논술・구술  □ 토론・토의          □ 프로젝트 □ 실험・실습  □ 포트폴리오  ■ 자기평가・동료평가 핵심 역량 [영어 의사소통 역량] 작품 속에 등장하는 두 주인공의 이야기를 주요 사건 중심으로 요약하는 글을 작성함으로써 영어 쓰기 역량을 배양함 [공동체 역량] 소설의 주요 소재인 물 부족 문제를 살펴봄으로써 공동체의 삶과 당면한 문제에 관심을 가지며 공동체 역량을 함양함 출제 의도 이 문항은 시간차를 두고 두 주인공의 이야기가 교차되어 서술된 문학 작품을 읽고 두 이야기를 각각 요약한 후 이를 바탕으로 주인공의 연설문을 작성하는 쓰기 평가 문항이다. 수단에 우물을 파는 프로젝트를 홍보하기 위한 주인공의 연설문에 포함되어야 하는 세 가지 내용 요소를 학습하는 활동으로 1~3차시 수업이 구성된다. 두 주인공을 비교 및 대조한 후 그들의 스토리를 각각 요약하도록 한다. 이를 바탕으로 작품 마지막 부분에서 두 주인공이 실제로 만나는 장면에서 이루어지는 대화를 상상하여 대본으로 써보는 활동을 통해 인물의 상황 및 심정을 추론하는 능력을 평가한다. 작품의 중심 소재인 물 부족 문제에 관한 글을 읽는 활동을 통해 배경지식을 강화한 후 주인공의 이야기와 결부시켜 연설문 내용에 포함하도록 함으로써 공동체의 삶의 문제를 함께 고민해보는 기회를 제공한다. 교수·학습 활동 및 평가 계획 평가 교수·학습 활동 쓰기평가 두 주인공 분석하기 ◀◀ 작품에 등장하는 장소의 실제 사진을 보고 어디인지 추측하기 1차시 수업 전 Chapter 1~8 읽고 챕터별 주요 사건 요약하기 과제 확인하기 주인공 Nya와 Salva의 공통점과 차이점을 모둠별로 찾아 공유하기 쓰기평가 Salva의 스토리 요약하기 ◀◀ 2차시 수업 전 Chapter 9~16을 읽고 챕터별 주요 사건 요약하기 과제 및 1차시 과제를 바탕으로 Salva의 Timeline 작성해보기 주요 사건에서 드러나는 Salva와 다른 인물들과의 관계를 그래픽 오거나이저로 도식화하기 수업 중 Chapter 17를 읽고 생략된 Salva의 연설문 내용을 유추해보기 쓰기평가 두 주인공의 대화문 작성하기 ◀◀ 챕터별 요약하기 과제를 바탕으로 Nya의 스토리를 Timeline으로 그려 요약하기 수업 중 Chapter 18을 읽고 Salva와 Nya의 생략된 대화 내용을 짝과 함께 추측해보기 물 부족 문제에 관한 직소 읽기 활동을 하여 제재에 관한 배경지식 강화시키기 쓰기평가 Salva의 연설문 쓰기 ◀◀ Salva의 스토리 및 물 부족 문제와 관련한 Nya의 스토리가 드러나도록 Salva의 연설문 작성하기 결과물을 짝과 교환하여 상호 동료 평가하기 동료 평가를 바탕으로 글 수정하여 완성하기 ※ 위 과정은 여러 차시에 걸친 한 단원의 수업 전개 모습이다. ※ 학습 단계의 일부에 해당하는 평가 문항을 제시하고자 한다. 평가문항 예시 두 주인공 분석하기 [교수학습 활동] - 작품에 등장하는 장소(국가, 도시, 특정 건물)의 과거 혹은 현재 사진을 보고 어디인지 추측하도록 하여(Shot on Location) 차시 전 읽은 내용을 환기시키고 앞으로의 읽기 활동에 동기를 부여한다. - 1차시 수업 전 Chapter 1~8 읽고 챕터별 주요 사건 요약하기 과제를 동료와 확인하도록 한다. - 모둠 별로 주인공 Nya와 Salva의 공통점과 차이점을 찾아보고 그 결과를 표에 정리한다. [평가문항] Compare and contrast Salva and Nya with a focus on time, place, major events and other characters regarding each person. Be sure to write at least one element in each blank. You may use a word or a phrase. [예시답안]",,ncic_2015_eng_level_746
34029,[12심회Ⅰ01-01],achievement_level,A,"친숙한 일반적 주제에 관한 길고 복잡한 뉴스, 강연, 연설, 토론을 듣고 배경지식, 맥락 정보와 사실 정보를 활용하여 세부 정보를 정확하게 파악할 수 있다.",,ncic_2022_eng_level_1848
34030,[12심회Ⅰ01-01],achievement_level,B,"친숙한 일반적 주제에 관한 길고 복잡한 뉴스, 강연, 연설, 토론을 듣고 배경지식, 맥락 정보와 사실 정보를 활용하여 세부 정보를 비교적 정확하게 파악할 수 있다.",,ncic_2022_eng_level_1848
34031,[12심회Ⅰ01-01],achievement_level,C,"친숙한 일반적 주제에 관한 뉴스, 강연, 연설, 토론을 듣고 맥락 정보와 사실 정보를 활용하여 세부 정보를 대략적으로 파악할 수 있다.",,ncic_2022_eng_level_1848
34032,[12심회Ⅰ01-01],achievement_level,D,"친숙한 일반적 주제에 관한 뉴스, 강연, 연설, 토론을 듣고 맥락 정보와 사실 정보를 활용하여 세부 정보를 부분적으로 파악할 수 있다.",,ncic_2022_eng_level_1848
34033,[12심회Ⅰ01-01],achievement_level,E,"친숙한 일반적 주제에 관한 짧고 간단한 뉴스, 강연, 연설, 토론을 듣고 사실 정보를 활용하여 세부 정보를 제한적으로 파악할 수 있다.",,ncic_2022_eng_level_1848
34049,[12심회Ⅰ01-05],achievement_level,A,"일반적 주제에 관한 길고 복잡한 말이나 대화를 듣고 배경지식, 맥락 정보와 사실 정보를 활용하여 언급되지 않은 내용을 정확하게 추론할 수 있다.",,ncic_2022_eng_level_1848
34050,[12심회Ⅰ01-05],achievement_level,B,"일반적 주제에 관한 길고 복잡한 말이나 대화를 듣고 배경지식, 맥락 정보와 사실 정보를 활용하여 언급되지 않은 내용을 비교적 정확하게 추론할 수 있다.",,ncic_2022_eng_level_1848
34051,[12심회Ⅰ01-05],achievement_level,C,일반적 주제에 관한 말이나 대화를 듣고 맥락 정보와 사실 정보를 활용하여 언급되지 않은 내용을 대략적으로 추론할 수 있다.,,ncic_2022_eng_level_1848
34052,[12심회Ⅰ01-05],achievement_level,D,일반적 주제에 관한 말이나 대화를 듣고 맥락 정보와 사실 정보를 활용하여 언급되지 않은 내용을 부분적으로 추론할 수 있다.,,ncic_2022_eng_level_1848
34053,[12심회Ⅰ01-05],achievement_level,E,일반적 주제에 관한 짧고 간단한 말이나 대화를 듣고 사실 정보를 활용하여 언급되지 않은 내용을 제한적으로 추론할 수 있다.,,ncic_2022_eng_level_1848
34054,[12심회Ⅰ01-06],achievement_level,A,"문화간 다양한 비언어적 의사소통 방식을 배경지식, 맥락 정보와 사실 정보를 활용하여 정확하게 이해할 수 있다.",,ncic_2022_eng_level_1848
34055,[12심회Ⅰ01-06],achievement_level,B,"문화간 다양한 비언어적 의사소통 방식을 배경지식, 맥락 정보와 사실 정보를 활용하여 비교적 정확하게 이해할 수 있다.",,ncic_2022_eng_level_1848
34056,[12심회Ⅰ01-06],achievement_level,C,문화간 다양한 비언어적 의사소통 방식을 맥락 정보와 사실 정보를 활용하여 대략적으로 이해할 수 있다.,,ncic_2022_eng_level_1848
34057,[12심회Ⅰ01-06],achievement_level,D,문화간 다양한 비언어적 의사소통 방식을 맥락 정보와 사실 정보를 활용하여 부분적으로 이해할 수 있다.,,ncic_2022_eng_level_1848
34058,[12심회Ⅰ01-06],achievement_level,E,문화간 다양한 비언어적 의사소통 방식을 사실 정보를 활용하여 제한적으로 이해할 수 있다. (2) 말하기 성취기준,,ncic_2022_eng_level_1848
34084,[12심회Ⅰ02-06],achievement_level,A,적절한 의사소통 전략을 폭넓게 사용하여 대화한다.,,ncic_2022_eng_level_1848
34085,[12심회Ⅰ02-06],achievement_level,B,적절한 의사소통 전략을 비교적 폭넓게 사용하여 대화한다.,,ncic_2022_eng_level_1848
34086,[12심회Ⅰ02-06],achievement_level,C,적절한 의사소통 전략을 대략적으로 사용하여 대화한다.,,ncic_2022_eng_level_1848
34087,[12심회Ⅰ02-06],achievement_level,D,적절한 의사소통 전략을 부분적으로 사용하여 대화한다.,,ncic_2022_eng_level_1848
34088,[12심회Ⅰ02-06],achievement_level,E,적절한 의사소통 전략을 제한적으로 사용하여 대화한다. 2,,ncic_2022_eng_level_1848
34089,[12심회Ⅰ01-03],achievement_level,A,"일반적 주제에 관한 길고 복잡한 말이나 대화를 듣고 배경지식, 맥락 정보와 사실 정보를 활용하여 전후 내용을 정확하게 추론할 수 있다.",,ncic_2022_eng_level_1848
34090,[12심회Ⅰ01-03],achievement_level,B,"일반적 주제에 관한 길고 복잡한 말이나 대화를 듣고 배경지식, 맥락 정보와 사실 정보를 활용하여 전후 내용을 비교적 정확하게 추론할 수 있다.",,ncic_2022_eng_level_1848
34091,[12심회Ⅰ01-03],achievement_level,C,일반적 주제에 관한 말이나 대화를 듣고 맥락 정보와 사실 정보를 활용하여 전후 내용을 대략적으로 추론할 수 있다.,,ncic_2022_eng_level_1848
34092,[12심회Ⅰ01-03],achievement_level,D,일반적 주제에 관한 말이나 대화를 듣고 맥락 정보와 사실 정보를 활용하여 전후 내용을 부분적으로 추론할 수 있다.,,ncic_2022_eng_level_1848
34093,[12심회Ⅰ01-03],achievement_level,E,일반적 주제에 관한 짧고 간단한 말이나 대화를 듣고 사실 정보를 활용하여 전후 내용을 제한적으로 추론할 수 있다.,,ncic_2022_eng_level_1848
34099,[12심회Ⅰ01-04],achievement_level,A,"일반적 주제에 관한 길고 복잡한 말이나 대화를 듣고 사실 정보와 맥락 정보를 활용하여 화자의 심정, 의도를 정확하게 이해할 수 있다.",,ncic_2022_eng_level_1848
34100,[12심회Ⅰ01-04],achievement_level,B,"일반적 주제에 관한 길고 복잡한 말이나 대화를 듣고 사실 정보와 맥락 정보를 활용하여 화자의 심정, 의도를 비교적 정확하게 이해할 수 있다.",,ncic_2022_eng_level_1848
34101,[12심회Ⅰ01-04],achievement_level,C,"일반적 주제에 관한 말이나 대화를 듣고 사실 정보를 활용하여 화자의 심정, 의도를 대략적으로 이해할 수 있다.",,ncic_2022_eng_level_1848
34102,[12심회Ⅰ01-04],achievement_level,D,"일반적 주제에 관한 말이나 대화를 듣고 사실 정보를 활용하여 화자의 심정, 의도를 부분적으로 이해할 수 있다.",,ncic_2022_eng_level_1848
34103,[12심회Ⅰ01-04],achievement_level,E,"일반적 주제에 관한 짧고 간단한 말이나 대화를 듣고 단순한 사실 정보를 활용하여 화자의 심정, 의도를 제한적으로 이해할 수 있다.",,ncic_2022_eng_level_1848
34104,[12심회Ⅰ02-01],achievement_level,A,친숙한 일반적 주제에 관해 주장이나 의견을 다양하고 적절한 어휘와 언어 형식을 활용하여 정확하게 말할 수 있다.,,ncic_2022_eng_level_1848
34105,[12심회Ⅰ02-01],achievement_level,B,친숙한 일반적 주제에 관해 주장이나 의견을 다양하고 적절한 어휘와 언어 형식을 활용하여 비교적 정확하게 말할 수 있다.,,ncic_2022_eng_level_1848
34106,[12심회Ⅰ02-01],achievement_level,C,친숙한 일반적 주제에 관해 주장이나 의견을 적절한 어휘와 언어 형식을 활용하여 대략적으로 말할 수 있다.,,ncic_2022_eng_level_1848
34107,[12심회Ⅰ02-01],achievement_level,D,친숙한 일반적 주제에 관해 주장이나 의견을 적절한 어휘와 언어 형식을 활용하여 부분적으로 말할 수 있다.,,ncic_2022_eng_level_1848
34108,[12심회Ⅰ02-01],achievement_level,E,친숙한 일반적 주제에 관해 주장이나 의견을 기본적인 어휘와 간단한 언어 형식을 활용하여 제한적으로 말할 수 있다.,,ncic_2022_eng_level_1848
34114,[12심회Ⅰ02-03],achievement_level,A,"일반적 주제에 관한 뉴스, 강연, 연설, 토론을 듣고 주요 내용을 다양하고 적절한 어휘와 언어 형식을 활용하여 정확하게 말할 수 있다.",,ncic_2022_eng_level_1848
34115,[12심회Ⅰ02-03],achievement_level,B,"일반적 주제에 관한 뉴스, 강연, 연설, 토론을 듣고 주요 내용을 다양하고 적절한 어휘와 언어 형식을 활용하여 비교적 정확하게 말할 수 있다.",,ncic_2022_eng_level_1848
34116,[12심회Ⅰ02-03],achievement_level,C,"일반적 주제에 관한 뉴스, 강연, 연설, 토론을 듣고 주요 내용을 적절한 어휘와 언어 형식을 활용하여 대략적으로 말할 수 있다.",,ncic_2022_eng_level_1848
34117,[12심회Ⅰ02-03],achievement_level,D,"일반적 주제에 관한 뉴스, 강연, 연설, 토론을 듣고 주요 내용을 적절한 어휘와 언어 형식을 활용하여 부분적으로 말할 수 있다.",,ncic_2022_eng_level_1848
34118,[12심회Ⅰ02-03],achievement_level,E,"일반적 주제에 관한 뉴스, 강연, 연설, 토론을 듣고 주요 내용을 기본적인 어휘와 간단한 언어 형식을 활용하여 제한적으로 말할 수 있다.",,ncic_2022_eng_level_1848
34119,[12심회Ⅰ01-02],achievement_level,A,"친숙한 일반적 주제에 관한 길고 복잡한 뉴스, 강연, 연설, 토론을 듣고 사실 정보와 맥락 정보를 활용하여 주요 내용을 정확하게 파악할 수 있다.",,ncic_2022_eng_level_1848
34120,[12심회Ⅰ01-02],achievement_level,B,"친숙한 일반적 주제에 관한 길고 복잡한 뉴스, 강연, 연설, 토론을 듣고 사실 정보와 맥락 정보를 활용하여 주요 내용을 비교적 정확하게 파악할 수 있다.",,ncic_2022_eng_level_1848
34121,[12심회Ⅰ01-02],achievement_level,C,"친숙한 일반적 주제에 관한 뉴스, 강연, 연설, 토론을 듣고 사실 정보를 활용하여 주요 내용을 대략적으로 파악할 수 있다.",,ncic_2022_eng_level_1848
34122,[12심회Ⅰ01-02],achievement_level,D,"친숙한 일반적 주제에 관한 뉴스, 강연, 연설, 토론을 듣고 사실 정보를 활용하여 주요 내용을 부분적으로 파악할 수 있다.",,ncic_2022_eng_level_1848
34123,[12심회Ⅰ01-02],achievement_level,E,"친숙한 일반적 주제에 관한 짧고 간단한 뉴스, 강연, 연설, 토론을 듣고 단순한 사실 정보를 활용하여 주요 내용을 제한적으로 파악할 수 있다.",,ncic_2022_eng_level_1848
34124,[12심회Ⅰ02-02],achievement_level,A,우리의 문화를 다양하고 적절한 어휘와 언어 형식을 활용하여 외국인들에게 정확하게 소개할 수 있다.,,ncic_2022_eng_level_1848
34125,[12심회Ⅰ02-02],achievement_level,B,우리의 문화를 다양하고 적절한 어휘와 언어 형식을 활용하여 외국인들에게 비교적 정확하게 소개할 수 있다.,,ncic_2022_eng_level_1848
34126,[12심회Ⅰ02-02],achievement_level,C,우리의 문화를 적절한 어휘와 언어 형식을 활용하여 외국인들에게 대략적으로 소개할 수 있다.,,ncic_2022_eng_level_1848
34127,[12심회Ⅰ02-02],achievement_level,D,우리의 문화를 적절한 어휘와 언어 형식을 활용하여 외국인들에게 부분적으로 소개할 수 있다.,,ncic_2022_eng_level_1848
34128,[12심회Ⅰ02-02],achievement_level,E,우리의 문화를 기본적인 어휘와 간단한 언어 형식을 활용하여 외국인들에게 제한적으로 소개할 수 있다.,,ncic_2022_eng_level_1848
34129,[12심회Ⅰ02-04],achievement_level,A,다양한 상황에 맞게 다양하고 적절한 어휘와 언어 형식을 활용하여 정확하게 질문하고 답할 수 있다.,,ncic_2022_eng_level_1848
34130,[12심회Ⅰ02-04],achievement_level,B,다양한 상황에 맞게 다양하고 적절한 어휘와 언어 형식을 활용하여 비교적 정확하게 질문하고 답할 수 있다.,,ncic_2022_eng_level_1848
34131,[12심회Ⅰ02-04],achievement_level,C,다양한 상황에 맞게 적절한 어휘와 언어 형식을 활용하여 대략적으로 질문하고 답할 수 있다.,,ncic_2022_eng_level_1848
34132,[12심회Ⅰ02-04],achievement_level,D,다양한 상황에 맞게 적절한 어휘와 언어 형식을 활용하여 부분적으로 질문하고 답할 수 있다.,,ncic_2022_eng_level_1848
34133,[12심회Ⅰ02-04],achievement_level,E,다양한 상황에 맞게 기본적인 어휘와 간단한 언어 형식을 활용하여 제한적으로 질문하고 답할 수 있다.,,ncic_2022_eng_level_1848
34134,[12심회Ⅰ02-05],achievement_level,A,"공식적, 비공식적 상황에 맞게 다양하고 적절한 어휘와 언어 형식을 활용하여 정확하게 대화할 수 있다.",,ncic_2022_eng_level_1848
34135,[12심회Ⅰ02-05],achievement_level,B,"공식적, 비공식적 상황에 맞게 다양하고 적절한 어휘와 언어 형식을 활용하여 비교적 정확하게 대화할 수 있다.",,ncic_2022_eng_level_1848
34136,[12심회Ⅰ02-05],achievement_level,C,"공식적, 비공식적 상황에 맞게 적절한 어휘와 언어 형식을 활용하여 대략적으로 대화할 수 있다.",,ncic_2022_eng_level_1848
34137,[12심회Ⅰ02-05],achievement_level,D,"공식적, 비공식적 상황에 맞게 적절한 어휘와 언어 형식을 활용하여 부분적으로 대화할 수 있다.",,ncic_2022_eng_level_1848
34138,[12심회Ⅰ02-05],achievement_level,E,"공식적, 비공식적 상황에 맞게 기본적인 어휘와 간단한 언어 형식을 활용하여 제한적으로 대화할 수 있다.",,ncic_2022_eng_level_1848
34149,[12심회Ⅱ01-03],achievement_level,A,"일반적 주제에 관한 길고 복잡한 말이나 대화를 듣고 배경지식, 맥락 정보와 사실 정보를 활용하여 전후 내용을 정확하게 추론할 수 있다.",,ncic_2022_eng_level_1848
34150,[12심회Ⅱ01-03],achievement_level,B,"일반적 주제에 관한 길고 복잡한 말이나 대화를 듣고 배경지식, 맥락 정보와 사실 정보를 활용하여 전후 내용을 비교적 정확하게 추론할 수 있다.",,ncic_2022_eng_level_1848
34151,[12심회Ⅱ01-03],achievement_level,C,일반적 주제에 관한 말이나 대화를 듣고 맥락 정보와 사실 정보를 활용하여 전후 내용을 대략적으로 추론할 수 있다.,,ncic_2022_eng_level_1848
34152,[12심회Ⅱ01-03],achievement_level,D,일반적 주제에 관한 말이나 대화를 듣고 맥락 정보와 사실 정보를 활용하여 전후 내용을 부분적으로 추론할 수 있다.,,ncic_2022_eng_level_1848
34153,[12심회Ⅱ01-03],achievement_level,E,일반적 주제에 관한 짧고 간단한 말이나 대화를 듣고 사실 정보를 활용하여 전후 내용을 제한적으로 추론할 수 있다.,,ncic_2022_eng_level_1848
34159,[12심회Ⅱ01-05],achievement_level,A,"일반적 주제에 관한 길고 복잡한 말이나 대화를 듣고 배경지식, 맥락 정보와 사실 정보를 활용하여 언급되지 않은 내용을 정확하게 추론할 수 있다.",,ncic_2022_eng_level_1848
34160,[12심회Ⅱ01-05],achievement_level,B,"일반적 주제에 관한 길고 복잡한 말이나 대화를 듣고 배경지식, 맥락 정보와 사실 정보를 활용하여 언급되지 않은 내용을 비교적 정확하게 추론할 수 있다.",,ncic_2022_eng_level_1848
34161,[12심회Ⅱ01-05],achievement_level,C,일반적 주제에 관한 말이나 대화를 듣고 맥락 정보와 사실 정보를 활용하여 언급되지 않은 내용을 대략적으로 추론할 수 있다.,,ncic_2022_eng_level_1848
34162,[12심회Ⅱ01-05],achievement_level,D,일반적 주제에 관한 말이나 대화를 듣고 맥락 정보와 사실 정보를 활용하여 언급되지 않은 내용을 부분적으로 추론할 수 있다.,,ncic_2022_eng_level_1848
34163,[12심회Ⅱ01-05],achievement_level,E,일반적 주제에 관한 짧고 간단한 말이나 대화를 듣고 사실 정보를 활용하여 언급되지 않은 내용을 제한적으로 추론할 수 있다.,,ncic_2022_eng_level_1848
34164,[12심회Ⅱ01-06],achievement_level,A,"문화 간 다양한 비언어적 의사소통 방식을 배경지식, 맥락 정보와 사실 정보를 활용하여 정확하게 익힐 수 있다.",,ncic_2022_eng_level_1848
34165,[12심회Ⅱ01-06],achievement_level,B,"문화 간 다양한 비언어적 의사소통 방식을 배경지식, 맥락 정보와 사실 정보를 활용하여 비교적 정확하게 익힐 수 있다.",,ncic_2022_eng_level_1848
34166,[12심회Ⅱ01-06],achievement_level,C,문화 간 다양한 비언어적 의사소통 방식을 맥락 정보와 사실 정보를 활용하여 대략적으로 익힐 수 있다.,,ncic_2022_eng_level_1848
34167,[12심회Ⅱ01-06],achievement_level,D,문화 간 다양한 비언어적 의사소통 방식을 맥락 정보와 사실 정보를 활용하여 부분적으로 익힐 수 있다.,,ncic_2022_eng_level_1848
34168,[12심회Ⅱ01-06],achievement_level,E,문화 간 다양한 비언어적 의사소통 방식을 사실 정보를 활용하여 제한적으로 익힐 수 있다. (2) 말하기 성취기준,,ncic_2022_eng_level_1848
34214,[12심회Ⅱ01-01],achievement_level,A,"다양한 분야에 관한 길고 복잡한 뉴스, 강연, 연설, 토론을 듣고 배경지식, 맥락 정보와 사실 정보를 활용하여 세부 정보를 정확하게 파악할 수 있다.",,ncic_2022_eng_level_1848
34215,[12심회Ⅱ01-01],achievement_level,B,"다양한 분야에 관한 길고 복잡한 뉴스, 강연, 연설, 토론을 듣고 배경지식, 맥락 정보와 사실 정보를 활용하여 세부 정보를 비교적 정확하게 파악할 수 있다.",,ncic_2022_eng_level_1848
34216,[12심회Ⅱ01-01],achievement_level,C,"다양한 분야에 관한 뉴스, 강연, 연설, 토론을 듣고 맥락 정보와 사실 정보를 활용하여 세부 정보를 대략적으로 파악할 수 있다.",,ncic_2022_eng_level_1848
34217,[12심회Ⅱ01-01],achievement_level,D,"다양한 분야에 관한 뉴스, 강연, 연설, 토론을 듣고 맥락 정보와 사실 정보를 활용하여 세부 정보를 부분적으로 파악할 수 있다.",,ncic_2022_eng_level_1848
34218,[12심회Ⅱ01-01],achievement_level,E,"다양한 분야에 관한 짧고 간단한 뉴스, 강연, 연설, 토론을 듣고 사실 정보를 활용하여 세부 정보를 제한적으로 파악할 수 있다.",,ncic_2022_eng_level_1848
34224,[12심회Ⅱ02-02],achievement_level,A,문화 간 유사점과 차이점을 다양하고 적절한 어휘와 언어 형식을 활용하여 정확하게 설명할 수 있다.,,ncic_2022_eng_level_1848
34225,[12심회Ⅱ02-02],achievement_level,B,문화 간 유사점과 차이점을 다양하고 적절한 어휘와 언어 형식을 활용하여 비교적 정확하게 설명할 수 있다.,,ncic_2022_eng_level_1848
34226,[12심회Ⅱ02-02],achievement_level,C,문화 간 유사점과 차이점을 적절한 어휘와 언어 형식을 활용하여 대략적으로 설명할 수 있다.,,ncic_2022_eng_level_1848
34227,[12심회Ⅱ02-02],achievement_level,D,문화 간 유사점과 차이점을 적절한 어휘와 언어 형식을 활용하여 부분적으로 설명할 수 있다.,,ncic_2022_eng_level_1848
34228,[12심회Ⅱ02-02],achievement_level,E,문화 간 유사점과 차이점을 기본적인 어휘와 간단한 언어 형식을 활용하여 제한적으로 설명할 수 있다.,,ncic_2022_eng_level_1848
34229,[12심회Ⅱ01-04],achievement_level,A,"다양한 분야에 관한 길고 복잡한 말이나 대화를 듣고 배경지식, 맥락 정보와 사실 정보를 활용하여 화자의 심정, 태도, 의도를 정확하게 파악할 수 있다.",,ncic_2022_eng_level_1848
34230,[12심회Ⅱ01-04],achievement_level,B,"다양한 분야에 관한 길고 복잡한 말이나 대화를 듣고 배경지식, 맥락 정보와 사실 정보를 활용하여 화자의 심정, 태도, 의도를 비교적 정확하게 파악할 수 있다.",,ncic_2022_eng_level_1848
34231,[12심회Ⅱ01-04],achievement_level,C,"다양한 분야에 관한 말이나 대화를 듣고 맥락 정보와 사실 정보를 활용하여 화자의 심정, 태도, 의도를 대략적으로 파악할 수 있다.",,ncic_2022_eng_level_1848
34232,[12심회Ⅱ01-04],achievement_level,D,"다양한 분야에 관한 말이나 대화를 듣고 맥락 정보와 사실 정보를 활용하여 화자의 심정, 태도, 의도를 부분적으로 파악할 수 있다.",,ncic_2022_eng_level_1848
34233,[12심회Ⅱ01-04],achievement_level,E,"다양한 분야에 관한 짧고 간단한 말이나 대화를 듣고 사실 정보를 활용하여 화자의 심정, 태도, 의도를 제한적으로 파악할 수 있다.",,ncic_2022_eng_level_1848
34234,[12심회Ⅱ02-04],achievement_level,A,"공식적, 비공식적 상황에 맞게 다양하고 적절한 어휘와 언어 형식을 활용하여 원활하게 대화할 수 있다.",,ncic_2022_eng_level_1848
34235,[12심회Ⅱ02-04],achievement_level,B,"공식적, 비공식적 상황에 맞게 다양하고 적절한 어휘와 언어 형식을 활용하여 비교적 원활하게 대화할 수 있다.",,ncic_2022_eng_level_1848
34236,[12심회Ⅱ02-04],achievement_level,C,"공식적, 비공식적 상황에 맞게 적절한 어휘와 언어 형식을 활용하여 대략적으로 대화할 수 있다.",,ncic_2022_eng_level_1848
34237,[12심회Ⅱ02-04],achievement_level,D,"공식적, 비공식적 상황에 맞게 적절한 어휘와 언어 형식을 활용하여 부분적으로 대화할 수 있다.",,ncic_2022_eng_level_1848
34238,[12심회Ⅱ02-04],achievement_level,E,"공식적, 비공식적 상황에 맞게 기본적인 어휘와 간단한 언어 형식을 활용하여 제한적으로 대화할 수 있다.",,ncic_2022_eng_level_1848
34239,[12심회Ⅱ02-01],achievement_level,A,일반적 주제에 관해 길고 복잡한 주장이나 의견을 다양하고 적절한 어휘와 언어 형식을 활용하여 정확하게 말할 수 있다.,,ncic_2022_eng_level_1848
34240,[12심회Ⅱ02-01],achievement_level,B,일반적 주제에 관해 길고 복잡한 주장이나 의견을 다양하고 적절한 어휘와 언어 형식을 활용하여 비교적 정확하게 말할 수 있다.,,ncic_2022_eng_level_1848
34241,[12심회Ⅱ02-01],achievement_level,C,일반적 주제에 관해 주장이나 의견을 적절한 어휘와 언어 형식을 활용하여 대략적으로 말할 수 있다.,,ncic_2022_eng_level_1848
34242,[12심회Ⅱ02-01],achievement_level,D,일반적 주제에 관해 주장이나 의견을 적절한 어휘와 언어 형식을 활용하여 부분적으로 말할 수 있다.,,ncic_2022_eng_level_1848
34243,[12심회Ⅱ02-01],achievement_level,E,일반적 주제에 관해 짧고 간단한 주장이나 의견을 기본적인 어휘와 간단한 언어 형식을 활용하여 제한적으로 말할 수 있다.,,ncic_2022_eng_level_1848
34244,[12심회Ⅱ02-05],achievement_level,A,다양한 전략을 폭넓게 사용하여 친숙한 분야에 대하여 자연스럽게 대화할 수 있다.,,ncic_2022_eng_level_1848
34245,[12심회Ⅱ02-05],achievement_level,B,다양한 전략을 폭넓게 사용하여 친숙한 분야에 대하여 비교적 자연스럽게 대화할 수 있다.,,ncic_2022_eng_level_1848
34246,[12심회Ⅱ02-05],achievement_level,C,다양한 전략을 일부 사용하여 친숙한 분야에 대하여 대략적으로 대화할 수 있다.,,ncic_2022_eng_level_1848
34247,[12심회Ⅱ02-05],achievement_level,D,다양한 전략을 일부 사용하여 친숙한 분야에 대하여 부분적으로 대화할 수 있다.,,ncic_2022_eng_level_1848
34248,[12심회Ⅱ02-05],achievement_level,E,다양한 전략을 일부 사용하여 친숙한 분야에 대하여 제한적으로 대화할 수 있다.,,ncic_2022_eng_level_1848
34249,[12심회Ⅱ01-02],achievement_level,A,"다양한 분야에 관한 길고 복잡한 뉴스, 강연, 연설, 토론을 듣고 배경지식, 맥락 정보와 사실 정보를 활용하여 주요 내용을 정확하게 파악할 수 있다.",,ncic_2022_eng_level_1848
34250,[12심회Ⅱ01-02],achievement_level,B,"다양한 분야에 관한 길고 복잡한 뉴스, 강연, 연설, 토론을 듣고 배경지식, 맥락 정보와 사실 정보를 활용하여 주요 내용을 비교적 정확하게 파악할 수 있다.",,ncic_2022_eng_level_1848
34251,[12심회Ⅱ01-02],achievement_level,C,"다양한 분야에 관한 뉴스, 강연, 연설, 토론을 듣고 맥락 정보와 사실 정보를 활용하여 주요 내용을 대략적으로 파악할 수 있다.",,ncic_2022_eng_level_1848
34252,[12심회Ⅱ01-02],achievement_level,D,"다양한 분야에 관한 뉴스, 강연, 연설, 토론을 듣고 맥락 정보와 사실 정보를 활용하여 주요 내용을 부분적으로 파악할 수 있다.",,ncic_2022_eng_level_1848
34253,[12심회Ⅱ01-02],achievement_level,E,"다양한 분야에 관한 짧고 간단한 뉴스, 강연, 연설, 토론을 듣고 사실 정보를 활용하여 주요 내용을 제한적으로 파악할 수 있다.",,ncic_2022_eng_level_1848
34254,[12심회Ⅱ02-03],achievement_level,A,"다양한 주제에 관한 길고 복잡한 뉴스, 강연, 연설, 토론을 듣고 주요 내용을 다양하고 적절한 어휘와 언어 형식을 활용하여 정확하게 말할 수 있다.",,ncic_2022_eng_level_1848
34255,[12심회Ⅱ02-03],achievement_level,B,"다양한 주제에 관한 길고 복잡한 뉴스, 강연, 연설, 토론을 듣고 주요 내용을 다양하고 적절한 어휘와 언어 형식을 활용하여 비교적 정확하게 말할 수 있다.",,ncic_2022_eng_level_1848
34256,[12심회Ⅱ02-03],achievement_level,C,"다양한 주제에 관한 뉴스, 강연, 연설, 토론을 듣고 주요 내용을 적절한 어휘와 언어 형식을 활용하여 대략적으로 말할 수 있다.",,ncic_2022_eng_level_1848
34257,[12심회Ⅱ02-03],achievement_level,D,"다양한 주제에 관한 뉴스, 강연, 연설, 토론을 듣고 주요 내용을 적절한 어휘와 언어 형식을 활용하여 부분적으로 말할 수 있다.",,ncic_2022_eng_level_1848
34258,[12심회Ⅱ02-03],achievement_level,E,"다양한 주제에 관한 짧고 간단한 뉴스, 강연, 연설, 토론을 듣고 주요 내용을 기본적인 어휘와 간단한 언어 형식을 활용하여 제한적으로 말할 수 있다.",,ncic_2022_eng_level_1848
34259,[12심회Ⅱ02-06],achievement_level,A,다양한 분야의 토론에 참여하여 주장이나 의견을 다양하고 적절한 어휘와 언어 형식을 활용하여 조리 있게 말할 수 있다.,,ncic_2022_eng_level_1848
34260,[12심회Ⅱ02-06],achievement_level,B,다양한 분야의 토론에 참여하여 주장이나 의견을 다양하고 적절한 어휘와 언어 형식을 활용하여 비교적 조리 있게 말할 수 있다.,,ncic_2022_eng_level_1848
34261,[12심회Ⅱ02-06],achievement_level,C,다양한 분야의 토론에 참여하여 주장이나 의견을 적절한 어휘와 언어 형식을 활용하여 대략적으로 말할 수 있다.,,ncic_2022_eng_level_1848
34262,[12심회Ⅱ02-06],achievement_level,D,다양한 분야의 토론에 참여하여 주장이나 의견을 적절한 어휘와 언어 형식을 활용하여 부분적으로 말할 수 있다.,,ncic_2022_eng_level_1848
34263,[12심회Ⅱ02-06],achievement_level,E,다양한 분야의 토론에 참여하여 주장이나 의견을 기본적인 어휘와 간단한 언어 형식을 활용하여 제한적으로 말할 수 있다.,,ncic_2022_eng_level_1848
34264,[12심영Ⅰ01-01],achievement_level,A,"친숙한 일반적인 주제의 길고 복잡한 뉴스, 강연, 연설, 토론을 듣고 사실 정보, 맥락 정보, 배경지식을 활용하여 세부 정보를 정확하게 파악할 수 있다.",,ncic_2022_eng_level_1848
34265,[12심영Ⅰ01-01],achievement_level,B,"친숙한 일반적인 주제의 길고 복잡한 뉴스, 강연, 연설, 토론을 듣고 사실 정보, 맥락 정보, 배경지식을 활용하여 세부 정보를 비교적 정확하게 파악할 수 있다.",,ncic_2022_eng_level_1848
34266,[12심영Ⅰ01-01],achievement_level,C,"친숙한 일반적인 주제의 뉴스, 강연, 연설, 토론을 듣고 사실 정보와 맥락 정보를 활용하여 세부 정보를 대략적으로 파악할 수 있다.",,ncic_2022_eng_level_1848
34267,[12심영Ⅰ01-01],achievement_level,D,"친숙한 일반적인 주제의 뉴스, 강연, 연설, 토론을 듣고 사실 정보와 맥락 정보를 활용하여 세부 정보를 부분적으로 파악할 수 있다.",,ncic_2022_eng_level_1848
34268,[12심영Ⅰ01-01],achievement_level,E,"친숙한 일반적인 주제의 짧고 간단한 뉴스, 강연, 연설, 토론을 듣고 사실 정보를 활용하여 세부 정보를 제한적으로 파악할 수 있다.",,ncic_2022_eng_level_1848
34274,[12심영Ⅰ01-03],achievement_level,A,"다양한 일반적 주제에 관한 길고 복잡한 말이나 대화를 듣고 사실 정보, 맥락 정보, 배경지식을 활용하여 사실과 의견을 정확하게 구별할 수 있다.",,ncic_2022_eng_level_1848
34275,[12심영Ⅰ01-03],achievement_level,B,"다양한 일반적 주제에 관한 길고 복잡한 말이나 대화를 듣고 사실 정보, 맥락 정보, 배경지식을 활용하여 사실과 의견을 비교적 정확하게 구별할 수 있다.",,ncic_2022_eng_level_1848
34276,[12심영Ⅰ01-03],achievement_level,C,다양한 일반적 주제에 관한 말이나 대화를 듣고 사실 정보와 맥락 정보를 활용하여 사실과 의견을 대략적으로 구별할 수 있다.,,ncic_2022_eng_level_1848
34277,[12심영Ⅰ01-03],achievement_level,D,다양한 일반적 주제에 관한 말이나 대화를 듣고 사실 정보와 맥락 정보를 활용하여 사실과 의견을 부분적으로 구별할 수 있다.,,ncic_2022_eng_level_1848
34278,[12심영Ⅰ01-03],achievement_level,E,다양한 일반적 주제에 관한 짧고 간단한 말이나 대화를 듣고 사실 정보를 활용하여 사실과 의견을 제한적으로 구별할 수 있다.,,ncic_2022_eng_level_1848
34284,[12심영Ⅰ01-05],achievement_level,A,"다양한 일반적 주제에 관한 길고 복잡한 말이나 대화를 듣고 사실 정보, 맥락 정보, 배경지식을 활용하여 주제나 요지를 정확하게 파악할 수 있다.",,ncic_2022_eng_level_1848
34285,[12심영Ⅰ01-05],achievement_level,B,"다양한 일반적 주제에 관한 길고 복잡한 말이나 대화를 듣고 사실 정보, 맥락 정보, 배경지식을 활용하여 주제나 요지를 비교적 정확하게 파악할 수 있다.",,ncic_2022_eng_level_1848
34286,[12심영Ⅰ01-05],achievement_level,C,다양한 일반적 주제에 관한 말이나 대화를 듣고 사실 정보와 맥락 정보를 활용하여 주제나 요지를 대략적으로 파악할 수 있다.,,ncic_2022_eng_level_1848
34287,[12심영Ⅰ01-05],achievement_level,D,다양한 일반적 주제에 관한 말이나 대화를 듣고 사실 정보와 맥락 정보를 활용하여 주제나 요지를 부분적으로 파악할 수 있다.,,ncic_2022_eng_level_1848
34288,[12심영Ⅰ01-05],achievement_level,E,다양한 일반적 주제에 관한 짧고 간단한 말이나 대화를 듣고 사실 정보를 활용하여 주제나 요지를 제한적으로 파악할 수 있다.,,ncic_2022_eng_level_1848
34289,[12심영Ⅰ01-06],achievement_level,A,"다양한 일반적 주제에 관한 길고 복잡한 말이나 대화를 듣고 사실 정보, 맥락 정보, 배경지식을 활용하여 전후 내용을 정확하게 추론할 수 있다.",,ncic_2022_eng_level_1848
34290,[12심영Ⅰ01-06],achievement_level,B,"다양한 일반적 주제에 관한 길고 복잡한 말이나 대화를 듣고 사실 정보, 맥락 정보, 배경지식을 활용하여 전후 내용을 비교적 정확하게 추론할 수 있다.",,ncic_2022_eng_level_1848
34291,[12심영Ⅰ01-06],achievement_level,C,다양한 일반적 주제에 관한 말이나 대화를 듣고 사실 정보와 맥락 정보를 활용하여 전후 내용을 대략적으로 추론할 수 있다.,,ncic_2022_eng_level_1848
34292,[12심영Ⅰ01-06],achievement_level,D,다양한 일반적 주제에 관한 말이나 대화를 듣고 사실 정보와 맥락 정보를 활용하여 전후 내용을 부분적으로 추론할 수 있다.,,ncic_2022_eng_level_1848
34293,[12심영Ⅰ01-06],achievement_level,E,다양한 일반적 주제에 관한 짧고 간단한 말이나 대화를 듣고 사실 정보를 활용하여 전후 내용을 제한적으로 추론할 수 있다.,,ncic_2022_eng_level_1848
34294,[12심영Ⅰ01-07],achievement_level,A,"다양한 일반적 주제에 관한 길고 복잡한 말이나 대화를 듣고 사실 정보, 맥락 정보, 배경지식을 활용하여 화자의 심정이나 태도를 정확하게 파악할 수 있다.",,ncic_2022_eng_level_1848
34295,[12심영Ⅰ01-07],achievement_level,B,"다양한 일반적 주제에 관한 길고 복잡한 말이나 대화를 듣고 사실 정보, 맥락 정보, 배경지식을 활용하여 화자의 심정이나 태도를 비교적 정확하게 파악할 수 있다.",,ncic_2022_eng_level_1848
34296,[12심영Ⅰ01-07],achievement_level,C,다양한 일반적 주제에 관한 말이나 대화를 듣고 사실 정보와 맥락 정보를 활용하여 화자의 심정이나 태도를 대략적으로 파악할 수 있다.,,ncic_2022_eng_level_1848
34297,[12심영Ⅰ01-07],achievement_level,D,다양한 일반적 주제에 관한 말이나 대화를 듣고 사실 정보와 맥락 정보를 활용하여 화자의 심정이나 태도를 부분적으로 파악할 수 있다.,,ncic_2022_eng_level_1848
34298,[12심영Ⅰ01-07],achievement_level,E,다양한 일반적 주제에 관한 짧고 간단한 말이나 대화를 듣고 사실 정보를 활용하여 화자의 심정이나 태도를 제한적으로 파악할 수 있다.,,ncic_2022_eng_level_1848
34299,[12심영Ⅰ01-08],achievement_level,A,"다양한 일반적 주제에 관한 길고 복잡한 말이나 대화를 듣고 사실 정보, 맥락 정보, 배경지식을 활용하여 화자의 의도 및 목적을 정확하게 파악할 수 있다.",,ncic_2022_eng_level_1848
34300,[12심영Ⅰ01-08],achievement_level,B,"다양한 일반적 주제에 관한 길고 복잡한 말이나 대화를 듣고 사실 정보, 맥락 정보, 배경지식을 활용하여 화자의 의도 및 목적을 비교적 정확하게 파악할 수 있다.",,ncic_2022_eng_level_1848
34301,[12심영Ⅰ01-08],achievement_level,C,다양한 일반적 주제에 관한 말이나 대화를 듣고 사실 정보와 맥락 정보를 활용하여 화자의 의도 및 목적을 대략적으로 파악할 수 있다.,,ncic_2022_eng_level_1848
34302,[12심영Ⅰ01-08],achievement_level,D,다양한 일반적 주제에 관한 말이나 대화를 듣고 사실 정보와 맥락 정보를 활용하여 화자의 의도 및 목적을 부분적으로 파악할 수 있다.,,ncic_2022_eng_level_1848
34303,[12심영Ⅰ01-08],achievement_level,E,다양한 일반적 주제에 관한 짧고 간단한 말이나 대화를 듣고 사실 정보를 활용하여 화자의 의도 및 목적을 제한적으로 파악할 수 있다.,,ncic_2022_eng_level_1848
34304,[12심영Ⅰ01-09],achievement_level,A,"다양한 일반적 주제에 관한 길고 복잡한 말이나 대화를 듣고 사실 정보, 맥락 정보, 배경지식을 활용하여 언급되지 않은 내용을 정확하게 추론할 수 있다.",,ncic_2022_eng_level_1848
34305,[12심영Ⅰ01-09],achievement_level,B,"다양한 일반적 주제에 관한 길고 복잡한 말이나 대화를 듣고 사실 정보, 맥락 정보, 배경지식을 활용하여 언급되지 않은 내용을 비교적 정확하게 추론할 수 있다.",,ncic_2022_eng_level_1848
34306,[12심영Ⅰ01-09],achievement_level,C,다양한 일반적 주제에 관한 말이나 대화를 듣고 사실 정보와 맥락 정보를 활용하여 언급되지 않은 내용을 대략적으로 추론할 수 있다.,,ncic_2022_eng_level_1848
34307,[12심영Ⅰ01-09],achievement_level,D,다양한 일반적 주제에 관한 말이나 대화를 듣고 사실 정보와 맥락 정보를 활용하여 언급되지 않은 내용을 부분적으로 추론할 수 있다.,,ncic_2022_eng_level_1848
34308,[12심영Ⅰ01-09],achievement_level,E,다양한 일반적 주제에 관한 짧고 간단한 말이나 대화를 듣고 사실 정보를 활용하여 언급되지 않은 내용을 제한적으로 추론할 수 있다. (2) 말하기 성취기준,,ncic_2022_eng_level_1848
34309,[12심영Ⅰ02-01],achievement_level,A,일반적 주제에 관한 길고 복잡한 글을 읽고 상황과 목적에 알맞게 다양하고 적절한 어휘와 언어 형식을 활용하여 정확하게 말할 수 있다.,,ncic_2022_eng_level_1848
34310,[12심영Ⅰ02-01],achievement_level,B,일반적 주제에 관한 길고 복잡한 글을 읽고 상황과 목적에 알맞게 다양하고 적절한 어휘와 언어 형식을 활용하여 비교적 정확하게 말할 수 있다.,,ncic_2022_eng_level_1848
34311,[12심영Ⅰ02-01],achievement_level,C,일반적 주제에 관한 글을 읽고 상황과 목적에 알맞게 적절한 어휘와 언어 형식을 활용하여 대략적으로 말할 수 있다.,,ncic_2022_eng_level_1848
34312,[12심영Ⅰ02-01],achievement_level,D,일반적 주제에 관한 글을 읽고 상황과 목적에 알맞게 적절한 어휘와 언어 형식을 활용하여 부분적으로 말할 수 있다.,,ncic_2022_eng_level_1848
34313,[12심영Ⅰ02-01],achievement_level,E,일반적 주제에 관한 짧고 간단한 글을 읽고 상황과 목적에 알맞게 기본적인 어휘와 간단한 언어 형식을 활용하여 제한적으로 말할 수 있다.,,ncic_2022_eng_level_1848
34319,[12심영Ⅰ02-03],achievement_level,A,일반적 주제에 관한 길고 복잡한 글을 읽고 다양하고 적절한 어휘와 언어 형식을 활용하여 자신의 말로 바꾸어 정확하게 말할 수 있다.,,ncic_2022_eng_level_1848
34320,[12심영Ⅰ02-03],achievement_level,B,일반적 주제에 관한 길고 복잡한 글을 읽고 다양하고 적절한 어휘와 언어 형식을 활용하여 자신의 말로 바꾸어 비교적 정확하게 말할 수 있다.,,ncic_2022_eng_level_1848
34321,[12심영Ⅰ02-03],achievement_level,C,일반적 주제에 관한 글을 읽고 적절한 어휘와 언어 형식을 활용하여 자신의 말로 바꾸어 대략적으로 말할 수 있다.,,ncic_2022_eng_level_1848
34322,[12심영Ⅰ02-03],achievement_level,D,일반적 주제에 관한 글을 읽고 적절한 어휘와 언어 형식을 활용하여 자신의 말로 바꾸어 부분적으로 말할 수 있다.,,ncic_2022_eng_level_1848
34323,[12심영Ⅰ02-03],achievement_level,E,일반적 주제에 관한 짧고 간단한 글을 읽고 기본적인 어휘와 간단한 언어 형식을 활용하여 자신의 말로 바꾸어 제한적으로 말할 수 있다.,,ncic_2022_eng_level_1848
34324,[12심영Ⅰ02-04],achievement_level,A,일반적 주제에 관한 길고 복잡한 글을 읽고 요약하여 다양하고 적절한 어휘와 언어 형식을 활용하여 정확하게 말할 수 있다.,,ncic_2022_eng_level_1848
34325,[12심영Ⅰ02-04],achievement_level,B,일반적 주제에 관한 길고 복잡한 글을 읽고 요약하여 다양하고 적절한 어휘와 언어 형식을 활용하여 비교적 정확하게 말할 수 있다.,,ncic_2022_eng_level_1848
34326,[12심영Ⅰ02-04],achievement_level,C,일반적 주제에 관한 글을 읽고 요약하여 적절한 어휘와 언어 형식을 활용하여 대략적으로 말할 수 있다.,,ncic_2022_eng_level_1848
34327,[12심영Ⅰ02-04],achievement_level,D,일반적 주제에 관한 글을 읽고 요약하여 적절한 어휘와 언어 형식을 활용하여 부분적으로 말할 수 있다.,,ncic_2022_eng_level_1848
34328,[12심영Ⅰ02-04],achievement_level,E,일반적 주제에 관한 짧고 간단한 글을 읽고 요약하여 기본적인 어휘와 간단한 언어 형식을 활용하여 제한적으로 말할 수 있다.,,ncic_2022_eng_level_1848
34334,[12심영Ⅰ02-06],achievement_level,A,친숙한 일반적 주제에 관한 길고 복잡한 토론을 듣고 주요 쟁점에 대하여 다양하고 적절한 어휘와 언어 형식을 활용하여 정확하게 말할 수 있다.,,ncic_2022_eng_level_1848
34335,[12심영Ⅰ02-06],achievement_level,B,친숙한 일반적 주제에 관한 길고 복잡한 토론을 듣고 주요 쟁점에 대하여 다양하고 적절한 어휘와 언어 형식을 활용하여 비교적 정확하게 말할 수 있다.,,ncic_2022_eng_level_1848
34336,[12심영Ⅰ02-06],achievement_level,C,친숙한 일반적 주제에 관한 토론을 듣고 주요 쟁점에 대하여 적절한 어휘와 언어 형식을 활용하여 대략적으로 말할 수 있다.,,ncic_2022_eng_level_1848
34337,[12심영Ⅰ02-06],achievement_level,D,친숙한 일반적 주제에 관한 토론을 듣고 주요 쟁점에 대하여 적절한 어휘와 언어 형식을 활용하여 부분적으로 말할 수 있다.,,ncic_2022_eng_level_1848
34338,[12심영Ⅰ02-06],achievement_level,E,친숙한 일반적 주제에 관한 짧고 간단한 토론을 듣고 주요 쟁점에 대하여 기본적인 어휘와 간단한 언어 형식을 활용하여 제한적으로 말할 수 있다.,,ncic_2022_eng_level_1848
34339,[12심영Ⅰ02-07],achievement_level,A,외국인에게 우리 문화를 다양하고 적절한 어휘와 언어 형식을 활용하여 적절하게 설명할 수 있다.,,ncic_2022_eng_level_1848
34340,[12심영Ⅰ02-07],achievement_level,B,외국인에게 우리 문화를 다양하고 적절한 어휘와 언어 형식을 활용하여 비교적 적절하게 설명할 수 있다.,,ncic_2022_eng_level_1848
34341,[12심영Ⅰ02-07],achievement_level,C,외국인에게 우리 문화를 적절한 어휘와 언어 형식을 활용하여 대략적으로 설명할 수 있다.,,ncic_2022_eng_level_1848
34342,[12심영Ⅰ02-07],achievement_level,D,외국인에게 우리 문화를 적절한 어휘와 언어 형식을 활용하여 부분적으로 설명할 수 있다.,,ncic_2022_eng_level_1848
34343,[12심영Ⅰ02-07],achievement_level,E,외국인에게 우리 문화를 기본적인 어휘와 간단한 언어 형식을 활용하여 제한적으로 설명할 수 있다.,,ncic_2022_eng_level_1848
34344,[12심영Ⅰ02-08],achievement_level,A,다양한 상황에서 다양하고 적절한 어휘와 언어 형식을 활용하여 적절하게 대화할 수 있다.,,ncic_2022_eng_level_1848
34345,[12심영Ⅰ02-08],achievement_level,B,다양한 상황에서 다양하고 적절한 어휘와 언어 형식을 활용하여 비교적 적절하게 대화할 수 있다.,,ncic_2022_eng_level_1848
34346,[12심영Ⅰ02-08],achievement_level,C,다양한 상황에서 적절한 어휘와 언어 형식을 활용하여 대략적으로 대화할 수 있다.,,ncic_2022_eng_level_1848
34347,[12심영Ⅰ02-08],achievement_level,D,다양한 상황에서 적절한 어휘와 언어 형식을 활용하여 부분적으로 대화할 수 있다.,,ncic_2022_eng_level_1848
34348,[12심영Ⅰ02-08],achievement_level,E,다양한 상황에서 기본적인 어휘와 간단한 언어 형식을 활용하여 제한적으로 대화할 수 있다.,,ncic_2022_eng_level_1848
34349,[12심영Ⅰ02-09],achievement_level,A,일반적 주제에 관한 토론에 참여하여 합리적 근거로 다양하고 적절한 어휘와 언어 형식을 활용하여 자신의 주장을 정확하게 말할 수 있다.,,ncic_2022_eng_level_1848
34350,[12심영Ⅰ02-09],achievement_level,B,일반적 주제에 관한 토론에 참여하여 합리적 근거로 다양하고 적절한 어휘와 언어 형식을 활용하여 자신의 주장을 비교적 정확하게 말할 수 있다.,,ncic_2022_eng_level_1848
34351,[12심영Ⅰ02-09],achievement_level,C,일반적 주제에 관한 토론에 참여하여 합리적 근거로 적절한 어휘와 언어 형식을 활용하여 자신의 주장을 대략적으로 말할 수 있다.,,ncic_2022_eng_level_1848
34352,[12심영Ⅰ02-09],achievement_level,D,일반적 주제에 관한 토론에 참여하여 합리적 근거로 적절한 어휘와 언어 형식을 활용하여 자신의 주장을 부분적으로 말할 수 있다.,,ncic_2022_eng_level_1848
34353,[12심영Ⅰ02-09],achievement_level,E,일반적 주제에 관한 토론에 참여하여 합리적 근거로 기본적인 어휘와 간단한 언어 형식을 활용하여 자신의 주장을 제한적으로 말할 수 있다. (3) 읽기 성취기준,,ncic_2022_eng_level_1848
34369,[12심영Ⅰ03-04],achievement_level,A,"다양한 장르와 일반적 주제에 관한 길고 복잡한 글을 훑어 읽고 사실 정보, 맥락 정보, 장르적 특성을 활용하여 줄거리, 요지를 정확하게 파악할 수 있다.",,ncic_2022_eng_level_1848
34370,[12심영Ⅰ03-04],achievement_level,B,"다양한 장르와 일반적 주제에 관한 길고 복잡한 글을 훑어 읽고 사실 정보, 맥락 정보, 장르적 특성을 활용하여 줄거리, 요지를 비교적 정확하게 파악할 수 있다.",,ncic_2022_eng_level_1848
34371,[12심영Ⅰ03-04],achievement_level,C,"다양한 장르와 일반적 주제에 관한 글을 훑어 읽고 사실 정보와 맥락 정보를 활용하여 줄거리, 요지를 대략적으로 파악할 수 있다.",,ncic_2022_eng_level_1848
34372,[12심영Ⅰ03-04],achievement_level,D,"다양한 장르와 일반적 주제에 관한 글을 훑어 읽고 사실 정보와 맥락 정보를 활용하여 줄거리, 요지를 부분적으로 파악할 수 있다.",,ncic_2022_eng_level_1848
34373,[12심영Ⅰ03-04],achievement_level,E,"다양한 일반적 주제에 관한 짧고 간단한 글을 훑어 읽고 사실 정보를 활용하여 줄거리, 요지를 제한적으로 파악할 수 있다.",,ncic_2022_eng_level_1848
34379,[12심영Ⅰ03-06],achievement_level,A,"쉽고 긴 문학 작품을 읽고 사실 정보, 맥락 정보, 장르적 특성을 활용하여 줄거리를 정확하게 파악할 수 있다.",,ncic_2022_eng_level_1848
34380,[12심영Ⅰ03-06],achievement_level,B,"쉽고 긴 문학 작품을 읽고 사실 정보, 맥락 정보, 장르적 특성을 활용하여 줄거리를 비교적 정확하게 파악할 수 있다.",,ncic_2022_eng_level_1848
34381,[12심영Ⅰ03-06],achievement_level,C,쉬운 문학 작품을 읽고 사실 정보와 맥락 정보를 활용하여 줄거리를 대략적으로 파악할 수 있다.,,ncic_2022_eng_level_1848
34382,[12심영Ⅰ03-06],achievement_level,D,쉬운 문학 작품을 읽고 사실 정보와 맥락 정보를 활용하여 줄거리를 부분적으로 파악할 수 있다.,,ncic_2022_eng_level_1848
34383,[12심영Ⅰ03-06],achievement_level,E,쉽고 짧은 문학 작품을 읽고 사실 정보를 활용하여 줄거리를 제한적으로 파악할 수 있다.,,ncic_2022_eng_level_1848
34384,[12심영Ⅰ03-07],achievement_level,A,"다양한 장르와 일반적 주제에 관한 길고 복잡한 글을 읽고 사실 정보, 맥락 정보, 장르적 특성을 활용하여 글의 논리적 구조를 정확하게 파악할 수 있다.",,ncic_2022_eng_level_1848
34385,[12심영Ⅰ03-07],achievement_level,B,"다양한 장르와 일반적 주제에 관한 길고 복잡한 글을 읽고 사실 정보, 맥락 정보, 장르적 특성을 활용하여 글의 논리적 구조를 비교적 정확하게 파악할 수 있다.",,ncic_2022_eng_level_1848
34386,[12심영Ⅰ03-07],achievement_level,C,다양한 장르와 일반적 주제에 관한 글을 읽고 사실 정보와 맥락 정보를 활용하여 글의 논리적 구조를 대략적으로 파악할 수 있다.,,ncic_2022_eng_level_1848
34387,[12심영Ⅰ03-07],achievement_level,D,다양한 장르와 일반적 주제에 관한 글을 읽고 사실 정보와 맥락 정보를 활용하여 글의 논리적 구조를 부분적으로 파악할 수 있다.,,ncic_2022_eng_level_1848
34388,[12심영Ⅰ03-07],achievement_level,E,다양한 일반적 주제에 관한 짧고 간단한 글을 읽고 사실 정보를 활용하여 글의 논리적 구조를 제한적으로 파악할 수 있다.,,ncic_2022_eng_level_1848
34394,[12심영Ⅰ03-09],achievement_level,A,"다양한 장르와 일반적 주제에 관한 길고 복잡한 글을 읽고 사실 정보, 맥락 정보, 장르적 특성을 활용하여 함축적 의미를 정확하게 파악할 수 있다.",,ncic_2022_eng_level_1848
34395,[12심영Ⅰ03-09],achievement_level,B,"다양한 장르와 일반적 주제에 관한 길고 복잡한 글을 읽고 사실 정보, 맥락 정보, 장르적 특성을 활용하여 함축적 의미를 비교적 정확하게 파악할 수 있다.",,ncic_2022_eng_level_1848
34396,[12심영Ⅰ03-09],achievement_level,C,다양한 장르와 일반적 주제에 관한 글을 읽고 사실 정보와 맥락 정보를 활용하여 함축적 의미를 대략적으로 파악할 수 있다.,,ncic_2022_eng_level_1848
34397,[12심영Ⅰ03-09],achievement_level,D,다양한 장르와 일반적 주제에 관한 글을 읽고 사실 정보와 맥락 정보를 활용하여 함축적 의미를 부분적으로 파악할 수 있다.,,ncic_2022_eng_level_1848
34398,[12심영Ⅰ03-09],achievement_level,E,다양한 일반적 주제에 관한 짧고 간단한 글을 읽고 사실 정보를 활용하여 함축적 의미를 제한적으로 파악할 수 있다.,,ncic_2022_eng_level_1848
34399,[12심영Ⅰ03-10],achievement_level,A,"다양한 장르와 일반적 주제에 관한 길고 복잡한 글을 읽고 사실 정보, 맥락 정보, 장르적 특성을 활용하여 글쓴이의 의도를 정확하게 파악할 수 있다.",,ncic_2022_eng_level_1848
34400,[12심영Ⅰ03-10],achievement_level,B,"다양한 장르와 일반적 주제에 관한 길고 복잡한 글을 읽고 사실 정보, 맥락 정보, 장르적 특성을 활용하여 글쓴이의 의도를 비교적 정확하게 파악할 수 있다.",,ncic_2022_eng_level_1848
34401,[12심영Ⅰ03-10],achievement_level,C,다양한 장르와 일반적 주제에 관한 글을 읽고 사실 정보와 맥락 정보를 활용하여 글쓴이의 의도를 대략적으로 파악할 수 있다.,,ncic_2022_eng_level_1848
34402,[12심영Ⅰ03-10],achievement_level,D,다양한 장르와 일반적 주제에 관한 글을 읽고 사실 정보와 맥락 정보를 활용하여 글쓴이의 의도를 부분적으로 파악할 수 있다.,,ncic_2022_eng_level_1848
34403,[12심영Ⅰ03-10],achievement_level,E,다양한 일반적 주제에 관한 짧고 간단한 글을 읽고 사실 정보를 활용하여 글쓴이의 의도를 제한적으로 파악할 수 있다. (4) 쓰기 성취기준,,ncic_2022_eng_level_1848
34404,[12심영Ⅰ04-01],achievement_level,A,친숙한 일반적 주제에 관한 길고 복잡한 강의나 강연을 듣고 다양하고 적절한 어휘와 언어 형식을 활용하여 필요한 정보를 정확하게 기록할 수 있다.,,ncic_2022_eng_level_1848
34405,[12심영Ⅰ04-01],achievement_level,B,친숙한 일반적 주제에 관한 길고 복잡한 강의나 강연을 듣고 다양하고 적절한 어휘와 언어 형식을 활용하여 필요한 정보를 비교적 정확하게 기록할 수 있다.,,ncic_2022_eng_level_1848
34406,[12심영Ⅰ04-01],achievement_level,C,친숙한 일반적 주제에 관한 강의나 강연을 듣고 적절한 어휘와 언어 형식을 활용하여 필요한 정보를 대략적으로 기록할 수 있다.,,ncic_2022_eng_level_1848
34407,[12심영Ⅰ04-01],achievement_level,D,친숙한 일반적 주제에 관한 강의나 강연을 듣고 적절한 어휘와 언어 형식을 활용하여 필요한 정보를 부분적으로 기록할 수 있다.,,ncic_2022_eng_level_1848
34408,[12심영Ⅰ04-01],achievement_level,E,친숙한 일반적 주제에 관한 짧고 간단한 강의나 강연을 듣고 기본적인 어휘와 간단한 언어 형식을 활용하여 필요한 정보를 제한적으로 기록할 수 있다.,,ncic_2022_eng_level_1848
34409,[12심영Ⅰ04-02],achievement_level,A,다양한 장르의 길고 복잡한 글을 읽고 요약하여 다양하고 적절한 어휘와 언어 형식을 활용하여 정확하게 쓸 수 있다.,,ncic_2022_eng_level_1848
34410,[12심영Ⅰ04-02],achievement_level,B,다양한 장르의 길고 복잡한 글을 읽고 요약하여 다양하고 적절한 어휘와 언어 형식을 활용하여 비교적 정확하게 쓸 수 있다.,,ncic_2022_eng_level_1848
34411,[12심영Ⅰ04-02],achievement_level,C,다양한 장르의 글을 읽고 요약하여 적절한 어휘와 언어 형식을 활용하여 대략적으로 쓸 수 있다.,,ncic_2022_eng_level_1848
34412,[12심영Ⅰ04-02],achievement_level,D,다양한 장르의 글을 읽고 요약하여 적절한 어휘와 언어 형식을 활용하여 부분적으로 쓸 수 있다.,,ncic_2022_eng_level_1848
34413,[12심영Ⅰ04-02],achievement_level,E,다양한 짧고 간단한 글을 읽고 요약하여 기본적인 어휘와 간단한 언어 형식을 활용하여 제한적으로 쓸 수 있다.,,ncic_2022_eng_level_1848
34424,[12심영Ⅰ03-01],achievement_level,A,"다양한 장르와 일반적 주제에 관한 길고 복잡한 글을 속독하여 사실 정보, 맥락 정보, 장르적 특성을 활용하여 세부 정보를 정확하게 찾을 수 있다.",,ncic_2022_eng_level_1848
34425,[12심영Ⅰ03-01],achievement_level,B,"다양한 장르와 일반적 주제에 관한 길고 복잡한 글을 속독하여 사실 정보, 맥락 정보, 장르적 특성을 활용하여 세부 정보를 비교적 정확하게 찾을 수 있다.",,ncic_2022_eng_level_1848
34426,[12심영Ⅰ03-01],achievement_level,C,다양한 장르와 일반적 주제에 관한 글을 속독하여 사실 정보와 맥락 정보를 활용하여 세부 정보를 대략적으로 찾을 수 있다.,,ncic_2022_eng_level_1848
34427,[12심영Ⅰ03-01],achievement_level,D,다양한 장르와 일반적 주제에 관한 글을 속독하여 사실 정보와 맥락 정보를 활용하여 세부 정보를 부분적으로 찾을 수 있다.,,ncic_2022_eng_level_1848
34428,[12심영Ⅰ03-01],achievement_level,E,다양한 일반적 주제에 관한 짧고 간단한 글을 속독하여 사실 정보를 활용하여 세부 정보를 제한적으로 찾을 수 있다.,,ncic_2022_eng_level_1848
34429,[12심영Ⅰ03-08],achievement_level,A,다양한 장르와 일반적 주제에 관한 길고 복잡한 글을 읽고 문맥을 바탕으로 익숙하지 않은 표현의 의미를 정확하게 추측할 수 있다.,,ncic_2022_eng_level_1848
34430,[12심영Ⅰ03-08],achievement_level,B,다양한 장르와 일반적 주제에 관한 길고 복잡한 글을 읽고 문맥을 바탕으로 익숙하지 않은 표현의 의미를 비교적 정확하게 추측할 수 있다.,,ncic_2022_eng_level_1848
34431,[12심영Ⅰ03-08],achievement_level,C,다양한 장르와 일반적 주제에 관한 글을 읽고 문맥을 바탕으로 익숙하지 않은 표현의 의미를 대략적으로 추측할 수 있다.,,ncic_2022_eng_level_1848
34432,[12심영Ⅰ03-08],achievement_level,D,다양한 장르와 일반적 주제에 관한 글을 읽고 문맥을 바탕으로 익숙하지 않은 표현의 의미를 부분적으로 추측할 수 있다.,,ncic_2022_eng_level_1848
34433,[12심영Ⅰ03-08],achievement_level,E,다양한 일반적 주제에 관한 짧고 간단한 글을 읽고 문맥을 바탕으로 익숙하지 않은 표현의 의미를 제한적으로 추측할 수 있다.,,ncic_2022_eng_level_1848
34434,[12심영Ⅰ02-02],achievement_level,A,"일반적 주제에 관한 길고 복잡한 글을 읽고, 근거를 토대로 자신의 생각이나 의견을 다양하고 적절한 어휘와 언어 형식을 활용하여 정확하게 말할 수 있다.",,ncic_2022_eng_level_1848
34435,[12심영Ⅰ02-02],achievement_level,B,"일반적 주제에 관한 길고 복잡한 글을 읽고, 근거를 토대로 자신의 생각이나 의견을 다양하고 적절한 어휘와 언어 형식을 활용하여 비교적 정확하게 말할 수 있다.",,ncic_2022_eng_level_1848
34436,[12심영Ⅰ02-02],achievement_level,C,"일반적 주제에 관한 글을 읽고, 근거를 토대로 자신의 생각이나 의견을 적절한 어휘와 언어 형식을 활용하여 대략적으로 말할 수 있다.",,ncic_2022_eng_level_1848
34437,[12심영Ⅰ02-02],achievement_level,D,"일반적 주제에 관한 글을 읽고, 근거를 토대로 자신의 생각이나 의견을 적절한 어휘와 언어 형식을 활용하여 부분적으로 말할 수 있다.",,ncic_2022_eng_level_1848
34438,[12심영Ⅰ02-02],achievement_level,E,"일반적 주제에 관한 짧고 간단한 글을 읽고, 근거를 토대로 자신의 생각이나 의견을 기본적인 어휘와 간단한 언어 형식을 활용하여 제한적으로 말할 수 있다.",,ncic_2022_eng_level_1848
34439,[12심영Ⅰ03-03],achievement_level,A,"다양한 장르와 일반적 주제에 관한 길고 복잡한 글을 읽고 사실 정보, 맥락 정보, 장르적 특성을 활용하여 글쓴이의 견해와 사실을 정확하게 구분할 수 있다.",,ncic_2022_eng_level_1848
34440,[12심영Ⅰ03-03],achievement_level,B,"다양한 장르와 일반적 주제에 관한 길고 복잡한 글을 읽고 사실 정보, 맥락 정보, 장르적 특성을 활용하여 글쓴이의 견해와 사실을 비교적 정확하게 구분할 수 있다.",,ncic_2022_eng_level_1848
34441,[12심영Ⅰ03-03],achievement_level,C,다양한 장르와 일반적 주제에 관한 글을 읽고 사실 정보와 맥락 정보를 활용하여 글쓴이의 견해와 사실을 대략적으로 구분할 수 있다.,,ncic_2022_eng_level_1848
34442,[12심영Ⅰ03-03],achievement_level,D,다양한 장르와 일반적 주제에 관한 글을 읽고 사실 정보와 맥락 정보를 활용하여 글쓴이의 견해와 사실을 부분적으로 구분할 수 있다.,,ncic_2022_eng_level_1848
34443,[12심영Ⅰ03-03],achievement_level,E,다양한 일반적 주제에 관한 짧고 간단한 글을 읽고 사실 정보를 활용하여 글쓴이의 견해와 사실을 제한적으로 구분할 수 있다.,,ncic_2022_eng_level_1848
34444,[12심영Ⅰ01-02],achievement_level,A,"다양한 일반적 주제에 관한 길고 복잡한 말이나 대화를 듣고 사실 정보, 맥락 정보, 배경지식을 활용하여 정보를 정확하게 비교·대조할 수 있다.",,ncic_2022_eng_level_1848
34445,[12심영Ⅰ01-02],achievement_level,B,"다양한 일반적 주제에 관한 길고 복잡한 말이나 대화를 듣고 사실 정보, 맥락 정보, 배경지식을 활용하여 정보를 비교적 정확하게 비교·대조할 수 있다.",,ncic_2022_eng_level_1848
34446,[12심영Ⅰ01-02],achievement_level,C,다양한 일반적 주제에 관한 말이나 대화를 듣고 사실 정보와 맥락 정보를 활용하여 정보를 대략적으로 비교·대조할 수 있다.,,ncic_2022_eng_level_1848
34447,[12심영Ⅰ01-02],achievement_level,D,다양한 일반적 주제에 관한 말이나 대화를 듣고 사실 정보와 맥락 정보를 활용하여 정보를 부분적으로 비교·대조할 수 있다.,,ncic_2022_eng_level_1848
34448,[12심영Ⅰ01-02],achievement_level,E,다양한 일반적 주제에 관한 짧고 간단한 말이나 대화를 듣고 사실 정보를 활용하여 정보를 제한적으로 비교·대조할 수 있다.,,ncic_2022_eng_level_1848
34449,[12심영Ⅰ03-02],achievement_level,A,"다양한 주제에 관한 복잡한 그림, 도표 등을 읽고 사실 정보, 맥락 정보, 장르적 특성을 활용하여 필요한 정보를 정확하게 찾을 수 있다.",,ncic_2022_eng_level_1848
34450,[12심영Ⅰ03-02],achievement_level,B,"다양한 주제에 관한 복잡한 그림, 도표 등을 읽고 사실 정보, 맥락 정보, 장르적 특성을 활용하여 필요한 정보를 비교적 정확하게 찾을 수 있다.",,ncic_2022_eng_level_1848
34451,[12심영Ⅰ03-02],achievement_level,C,"다양한 주제에 관한 그림, 도표 등을 읽고 사실 정보와 맥락 정보를 활용하여 필요한 정보를 대략적으로 찾을 수 있다.",,ncic_2022_eng_level_1848
34452,[12심영Ⅰ03-02],achievement_level,D,"다양한 주제에 관한 그림, 도표 등을 읽고 사실 정보와 맥락 정보를 활용하여 필요한 정보를 부분적으로 찾을 수 있다.",,ncic_2022_eng_level_1848
34453,[12심영Ⅰ03-02],achievement_level,E,"다양한 주제에 관한 간단한 그림, 도표 등을 읽고 사실 정보를 활용하여 필요한 정보를 제한적으로 찾을 수 있다.",,ncic_2022_eng_level_1848
34459,[12심영Ⅰ01-04],achievement_level,A,"친숙한 일반적인 주제의 길고 복잡한 뉴스, 강연, 연설, 토론을 듣고 사실 정보, 맥락 정보, 배경지식을 활용하여 주요 내용을 정확하게 파악할 수 있다.",,ncic_2022_eng_level_1848
34460,[12심영Ⅰ01-04],achievement_level,B,"친숙한 일반적인 주제의 길고 복잡한 뉴스, 강연, 연설, 토론을 듣고 사실 정보, 맥락 정보, 배경지식을 활용하여 주요 내용을 비교적 정확하게 파악할 수 있다.",,ncic_2022_eng_level_1848
34461,[12심영Ⅰ01-04],achievement_level,C,"친숙한 일반적인 주제의 뉴스, 강연, 연설, 토론을 듣고 사실 정보와 맥락 정보를 활용하여 주요 내용을 대략적으로 파악할 수 있다.",,ncic_2022_eng_level_1848
34462,[12심영Ⅰ01-04],achievement_level,D,"친숙한 일반적인 주제의 뉴스, 강연, 연설, 토론을 듣고 사실 정보와 맥락 정보를 활용하여 주요 내용을 부분적으로 파악할 수 있다.",,ncic_2022_eng_level_1848
34463,[12심영Ⅰ01-04],achievement_level,E,"친숙한 일반적인 주제의 짧고 간단한 뉴스, 강연, 연설, 토론을 듣고 사실 정보를 활용하여 주요 내용을 제한적으로 파악할 수 있다.",,ncic_2022_eng_level_1848
34464,[12심영Ⅰ04-04],achievement_level,A,일반적 주제에 관해 에세이를 다양하고 적절한 어휘와 언어 형식을 활용하여 정확하게 쓸 수 있다.,,ncic_2022_eng_level_1848
34465,[12심영Ⅰ04-04],achievement_level,B,일반적 주제에 관해 에세이를 다양하고 적절한 어휘와 언어 형식을 활용하여 비교적 정확하게 쓸 수 있다.,,ncic_2022_eng_level_1848
34466,[12심영Ⅰ04-04],achievement_level,C,일반적 주제에 관해 에세이를 적절한 어휘와 언어 형식을 활용하여 대략적으로 쓸 수 있다.,,ncic_2022_eng_level_1848
34467,[12심영Ⅰ04-04],achievement_level,D,일반적 주제에 관해 에세이를 적절한 어휘와 언어 형식을 활용하여 부분적으로 쓸 수 있다.,,ncic_2022_eng_level_1848
34468,[12심영Ⅰ04-04],achievement_level,E,일반적 주제에 관해 에세이를 기본적인 어휘와 간단한 언어 형식을 활용하여 제한적으로 쓸 수 있다.,,ncic_2022_eng_level_1848
34469,[12심영Ⅰ02-05],achievement_level,A,일반적 주제에 관한 준비된 보고나 발표를 다양하고 적절한 어휘와 언어 형식을 활용하여 정확하게 할 수 있다.,,ncic_2022_eng_level_1848
34470,[12심영Ⅰ02-05],achievement_level,B,일반적 주제에 관한 준비된 보고나 발표를 다양하고 적절한 어휘와 언어 형식을 활용하여 비교적 정확하게 할 수 있다.,,ncic_2022_eng_level_1848
34471,[12심영Ⅰ02-05],achievement_level,C,일반적 주제에 관한 준비된 보고나 발표를 적절한 어휘와 언어 형식을 활용하여 대략적으로 할 수 있다.,,ncic_2022_eng_level_1848
34472,[12심영Ⅰ02-05],achievement_level,D,일반적 주제에 관한 준비된 보고나 발표를 적절한 어휘와 언어 형식을 활용하여 부분적으로 할 수 있다.,,ncic_2022_eng_level_1848
34473,[12심영Ⅰ02-05],achievement_level,E,일반적 주제에 관한 준비된 보고나 발표를 기본적인 어휘와 간단한 언어 형식을 활용하여 제한적으로 할 수 있다.,,ncic_2022_eng_level_1848
34474,[12심영Ⅰ03-05],achievement_level,A,"다양한 장르와 일반적 주제에 관한 길고 복잡한 글을 읽고 사실 정보, 맥락 정보, 장르적 특성을 활용하여 주요 내용을 정확하게 요약할 수 있다.",,ncic_2022_eng_level_1848
34475,[12심영Ⅰ03-05],achievement_level,B,"다양한 장르와 일반적 주제에 관한 길고 복잡한 글을 읽고 사실 정보, 맥락 정보, 장르적 특성을 활용하여 주요 내용을 비교적 정확하게 요약할 수 있다.",,ncic_2022_eng_level_1848
34476,[12심영Ⅰ03-05],achievement_level,C,다양한 장르와 일반적 주제에 관한 글을 읽고 사실 정보와 맥락 정보를 활용하여 주요 내용을 대략적으로 요약할 수 있다.,,ncic_2022_eng_level_1848
34477,[12심영Ⅰ03-05],achievement_level,D,다양한 장르와 일반적 주제에 관한 글을 읽고 사실 정보와 맥락 정보를 활용하여 주요 내용을 부분적으로 요약할 수 있다.,,ncic_2022_eng_level_1848
34478,[12심영Ⅰ03-05],achievement_level,E,다양한 일반적 주제에 관한 짧고 간단한 글을 읽고 사실 정보를 활용하여 주요 내용을 제한적으로 요약할 수 있다.,,ncic_2022_eng_level_1848
34479,[12심영Ⅰ04-03],achievement_level,A,"실용 편지, 이력서, 지원서, 짧은 보고서 등을 다양하고 적절한 어휘와 언어 형식을 활용하여 정확하게 작성할 수 있다.",,ncic_2022_eng_level_1848
34480,[12심영Ⅰ04-03],achievement_level,B,"실용 편지, 이력서, 지원서, 짧은 보고서 등을 다양하고 적절한 어휘와 언어 형식을 활용하여 비교적 정확하게 작성할 수 있다.",,ncic_2022_eng_level_1848
34481,[12심영Ⅰ04-03],achievement_level,C,"실용 편지, 이력서, 지원서, 짧은 보고서 등을 적절한 어휘와 언어 형식을 활용하여 대략적으로 작성할 수 있다.",,ncic_2022_eng_level_1848
34482,[12심영Ⅰ04-03],achievement_level,D,"실용 편지, 이력서, 지원서, 짧은 보고서 등을 적절한 어휘와 언어 형식을 활용하여 부분적으로 작성할 수 있다.",,ncic_2022_eng_level_1848
34483,[12심영Ⅰ04-03],achievement_level,E,"실용 편지, 이력서, 지원서, 짧은 보고서 등을 기본적인 어휘와 간단한 언어 형식을 활용하여 제한적으로 작성할 수 있다. 평가 과제 아이콘 디자인에 관한 글을 읽고 아이콘 제작 시 고려해야 하는 기준을 이해한다. 현세대에 맞춰 재디자인이 필요한 앱 아이콘을 선정하고 분석한다. 재디자인한 앱 아이콘을 소개하는 웹페이지를 제작하고 발표한다.",,ncic_2022_eng_level_1848
34489,[12심영Ⅱ01-02],achievement_level,A,"다양한 주제에 관한 길고 복잡한 말이나 대화를 듣고 사실 정보, 맥락 정보, 배경지식을 활용하여 정보를 정확하게 비교･대조할 수 있다.",,ncic_2022_eng_level_1848
34490,[12심영Ⅱ01-02],achievement_level,B,"다양한 주제에 관한 길고 복잡한 말이나 대화를 듣고 사실 정보, 맥락 정보, 배경지식을 활용하여 정보를 비교적 정확하게 비교･대조할 수 있다.",,ncic_2022_eng_level_1848
34491,[12심영Ⅱ01-02],achievement_level,C,다양한 주제에 관한 긴 말이나 대화를 듣고 사실 정보와 맥락 정보를 활용하여 정보를 대략적으로 비교･대조할 수 있다.,,ncic_2022_eng_level_1848
34492,[12심영Ⅱ01-02],achievement_level,D,다양한 주제에 관한 긴 말이나 대화를 듣고 사실 정보와 맥락 정보를 활용하여 정보를 부분적으로 비교･대조할 수 있다.,,ncic_2022_eng_level_1848
34493,[12심영Ⅱ01-02],achievement_level,E,다양한 주제에 관한 긴 말이나 대화를 듣고 사실 정보를 활용하여 정보를 제한적으로 비교･대조할 수 있다.,,ncic_2022_eng_level_1848
34494,[12심영Ⅱ01-03],achievement_level,A,"다양한 주제에 관한 길고 복잡한 말이나 대화를 듣고 사실 정보, 맥락 정보, 배경지식을 활용하여 사실과 의견을 정확하게 구별할 수 있다.",,ncic_2022_eng_level_1848
34495,[12심영Ⅱ01-03],achievement_level,B,"다양한 주제에 관한 길고 복잡한 말이나 대화를 듣고 사실 정보, 맥락 정보, 배경지식을 활용하여 사실과 의견을 비교적 정확하게 구별할 수 있다.",,ncic_2022_eng_level_1848
34496,[12심영Ⅱ01-03],achievement_level,C,다양한 주제에 관한 긴 말이나 대화를 듣고 사실 정보와 맥락 정보를 활용하여 사실과 의견을 대략적으로 구별할 수 있다.,,ncic_2022_eng_level_1848
34497,[12심영Ⅱ01-03],achievement_level,D,다양한 주제에 관한 긴 말이나 대화를 듣고 사실 정보와 맥락 정보를 활용하여 사실과 의견을 부분적으로 구별할 수 있다.,,ncic_2022_eng_level_1848
34498,[12심영Ⅱ01-03],achievement_level,E,다양한 주제에 관한 긴 말이나 대화를 듣고 사실 정보를 활용하여 사실과 의견을 제한적으로 구별할 수 있다.,,ncic_2022_eng_level_1848
34509,[12심영Ⅱ01-06],achievement_level,A,"다양한 주제에 관한 길고 복잡한 말이나 대화를 듣고 사실 정보, 맥락 정보, 배경지식을 활용하여 전후 내용을 정확하게 추론할 수 있다.",,ncic_2022_eng_level_1848
34510,[12심영Ⅱ01-06],achievement_level,B,"다양한 주제에 관한 길고 복잡한 말이나 대화를 듣고 사실 정보, 맥락 정보, 배경지식을 활용하여 전후 내용을 비교적 정확하게 추론할 수 있다.",,ncic_2022_eng_level_1848
34511,[12심영Ⅱ01-06],achievement_level,C,다양한 주제에 관한 긴 말이나 대화를 듣고 사실 정보와 맥락 정보를 활용하여 전후 내용을 대략적으로 추론할 수 있다.,,ncic_2022_eng_level_1848
34512,[12심영Ⅱ01-06],achievement_level,D,다양한 주제에 관한 긴 말이나 대화를 듣고 사실 정보와 맥락 정보를 활용하여 전후 내용을 부분적으로 추론할 수 있다.,,ncic_2022_eng_level_1848
34513,[12심영Ⅱ01-06],achievement_level,E,다양한 주제에 관한 긴 말이나 대화를 듣고 사실 정보를 활용하여 전후 내용을 제한적으로 추론할 수 있다.,,ncic_2022_eng_level_1848
34514,[12심영Ⅱ01-07],achievement_level,A,"다양한 주제에 관한 길고 복잡한 말이나 대화를 듣고 사실 정보, 맥락 정보, 배경지식을 활용하여 화자의 심정이나 태도를 정확하게 파악할 수 있다.",,ncic_2022_eng_level_1848
34515,[12심영Ⅱ01-07],achievement_level,B,"다양한 주제에 관한 길고 복잡한 말이나 대화를 듣고 사실 정보, 맥락 정보, 배경지식을 활용하여 화자의 심정이나 태도를 비교적 정확하게 파악할 수 있다.",,ncic_2022_eng_level_1848
34516,[12심영Ⅱ01-07],achievement_level,C,다양한 주제에 관한 긴 말이나 대화를 듣고 사실 정보와 맥락 정보를 활용하여 화자의 심정이나 태도를 대략적으로 파악할 수 있다.,,ncic_2022_eng_level_1848
34517,[12심영Ⅱ01-07],achievement_level,D,다양한 주제에 관한 긴 말이나 대화를 듣고 사실 정보와 맥락 정보를 활용하여 화자의 심정이나 태도를 부분적으로 파악할 수 있다.,,ncic_2022_eng_level_1848
34518,[12심영Ⅱ01-07],achievement_level,E,다양한 주제에 관한 긴 말이나 대화를 듣고 사실 정보를 활용하여 화자의 심정이나 태도를 제한적으로 파악할 수 있다.,,ncic_2022_eng_level_1848
34519,[12심영Ⅱ01-08],achievement_level,A,"다양한 주제에 관한 길고 복잡한 말이나 대화를 듣고 사실 정보, 맥락 정보, 배경지식을 활용하여 화자의 의도 및 목적을 정확하게 파악할 수 있다.",,ncic_2022_eng_level_1848
34520,[12심영Ⅱ01-08],achievement_level,B,"다양한 주제에 관한 길고 복잡한 말이나 대화를 듣고 사실 정보, 맥락 정보, 배경지식을 활용하여 화자의 의도 및 목적을 비교적 정확하게 파악할 수 있다.",,ncic_2022_eng_level_1848
34521,[12심영Ⅱ01-08],achievement_level,C,다양한 주제에 관한 긴 말이나 대화를 듣고 사실 정보와 맥락 정보를 활용하여 화자의 의도 및 목적을 대략적으로 파악할 수 있다.,,ncic_2022_eng_level_1848
34522,[12심영Ⅱ01-08],achievement_level,D,다양한 주제에 관한 긴 말이나 대화를 듣고 사실 정보와 맥락 정보를 활용하여 화자의 의도 및 목적을 부분적으로 파악할 수 있다.,,ncic_2022_eng_level_1848
34523,[12심영Ⅱ01-08],achievement_level,E,다양한 주제에 관한 긴 말이나 대화를 듣고 사실 정보를 활용하여 화자의 의도 및 목적을 제한적으로 파악할 수 있다.,,ncic_2022_eng_level_1848
34524,[12심영Ⅱ01-09],achievement_level,A,"다양한 주제에 관한 길고 복잡한 말이나 대화를 듣고 사실 정보, 맥락 정보, 배경지식을 활용하여 언급되지 않은 내용을 정확하게 추론할 수 있다.",,ncic_2022_eng_level_1848
34525,[12심영Ⅱ01-09],achievement_level,B,"다양한 주제에 관한 길고 복잡한 말이나 대화를 듣고 사실 정보, 맥락 정보, 배경지식을 활용하여 언급되지 않은 내용을 비교적 정확하게 추론할 수 있다.",,ncic_2022_eng_level_1848
34526,[12심영Ⅱ01-09],achievement_level,C,다양한 주제에 관한 긴 말이나 대화를 듣고 사실 정보와 맥락 정보를 활용하여 언급되지 않은 내용을 대략적으로 추론할 수 있다.,,ncic_2022_eng_level_1848
34527,[12심영Ⅱ01-09],achievement_level,D,다양한 주제에 관한 긴 말이나 대화를 듣고 사실 정보와 맥락 정보를 활용하여 언급되지 않은 내용을 부분적으로 추론할 수 있다.,,ncic_2022_eng_level_1848
34528,[12심영Ⅱ01-09],achievement_level,E,다양한 주제에 관한 긴 말이나 대화를 듣고 사실 정보를 활용하여 언급되지 않은 내용을 제한적으로 추론할 수 있다. (2) 말하기 성취기준,,ncic_2022_eng_level_1848
34529,[12심영Ⅱ02-01],achievement_level,A,다양한 일상생활의 상황과 목적에 알맞게 다양하고 적절한 어휘와 언어 형식을 활용하여 정확하게 말할 수 있다.,,ncic_2022_eng_level_1848
34530,[12심영Ⅱ02-01],achievement_level,B,다양한 일상생활의 상황과 목적에 알맞게 다양하고 적절한 어휘와 언어 형식을 활용하여 비교적 정확하게 말할 수 있다.,,ncic_2022_eng_level_1848
34531,[12심영Ⅱ02-01],achievement_level,C,다양한 일상생활의 상황과 목적에 알맞게 적절한 어휘와 언어 형식을 활용하여 대략적으로 말할 수 있다.,,ncic_2022_eng_level_1848
34532,[12심영Ⅱ02-01],achievement_level,D,다양한 일상생활의 상황과 목적에 알맞게 적절한 어휘와 언어 형식을 활용하여 부분적으로 말할 수 있다.,,ncic_2022_eng_level_1848
34533,[12심영Ⅱ02-01],achievement_level,E,다양한 일상생활의 상황과 목적에 알맞게 기본적인 어휘와 간단한 언어 형식을 활용하여 제한적으로 말할 수 있다.,,ncic_2022_eng_level_1848
34539,[12심영Ⅱ02-03],achievement_level,A,친숙한 일반적 주제에 관한 길고 복잡한 토론을 듣고 상반된 의견을 비교･대조하여 다양하고 적절한 어휘와 언어 형식을 활용하여 정확하게 설명할 수 있다.,,ncic_2022_eng_level_1848
34540,[12심영Ⅱ02-03],achievement_level,B,친숙한 일반적 주제에 관한 길고 복잡한 토론을 듣고 상반된 의견을 비교･대조하여 다양하고 적절한 어휘와 언어 형식을 활용하여 비교적 정확하게 설명할 수 있다.,,ncic_2022_eng_level_1848
34541,[12심영Ⅱ02-03],achievement_level,C,친숙한 일반적 주제에 관한 토론을 듣고 상반된 의견을 비교･대조하여 적절한 어휘와 언어 형식을 활용하여 대략적으로 설명할 수 있다.,,ncic_2022_eng_level_1848
34542,[12심영Ⅱ02-03],achievement_level,D,친숙한 일반적 주제에 관한 토론을 듣고 상반된 의견을 비교･대조하여 적절한 어휘와 언어 형식을 활용하여 부분적으로 설명할 수 있다.,,ncic_2022_eng_level_1848
34543,[12심영Ⅱ02-03],achievement_level,E,친숙한 일반적 주제에 관한 짧고 간단한 토론을 듣고 상반된 의견을 비교･대조하여 기본적인 어휘와 간단한 언어 형식을 활용하여 제한적으로 설명할 수 있다.,,ncic_2022_eng_level_1848
34549,[12심영Ⅱ02-05],achievement_level,A,다양한 일반적 주제에 관한 길고 복잡한 글을 읽고 다양하고 적절한 어휘와 언어 형식을 활용하여 자신의 말로 바꾸어 정확하게 말할 수 있다.,,ncic_2022_eng_level_1848
34550,[12심영Ⅱ02-05],achievement_level,B,다양한 일반적 주제에 관한 길고 복잡한 글을 읽고 다양하고 적절한 어휘와 언어 형식을 활용하여 자신의 말로 바꾸어 비교적 정확하게 말할 수 있다.,,ncic_2022_eng_level_1848
34551,[12심영Ⅱ02-05],achievement_level,C,다양한 일반적 주제에 관한 글을 읽고 적절한 어휘와 언어 형식을 활용하여 자신의 말로 바꾸어 대략적으로 말할 수 있다.,,ncic_2022_eng_level_1848
34552,[12심영Ⅱ02-05],achievement_level,D,다양한 일반적 주제에 관한 글을 읽고 적절한 어휘와 언어 형식을 활용하여 자신의 말로 바꾸어 부분적으로 말할 수 있다.,,ncic_2022_eng_level_1848
34553,[12심영Ⅱ02-05],achievement_level,E,다양한 일반적 주제에 관한 짧고 간단한 글을 읽고 기본적인 어휘와 간단한 언어 형식을 활용하여 자신의 말로 바꾸어 제한적으로 말할 수 있다.,,ncic_2022_eng_level_1848
34554,[12심영Ⅱ02-06],achievement_level,A,다양한 일반적 주제에 관한 길고 복잡한 글을 읽고 요약하여 다양하고 적절한 어휘와 언어 형식을 활용하여 정확하게 말할 수 있다.,,ncic_2022_eng_level_1848
34555,[12심영Ⅱ02-06],achievement_level,B,다양한 일반적 주제에 관한 길고 복잡한 글을 읽고 요약하여 다양하고 적절한 어휘와 언어 형식을 활용하여 비교적 정확하게 말할 수 있다.,,ncic_2022_eng_level_1848
34556,[12심영Ⅱ02-06],achievement_level,C,다양한 일반적 주제에 관한 글을 읽고 요약하여 적절한 어휘와 언어 형식을 활용하여 대략적으로 말할 수 있다.,,ncic_2022_eng_level_1848
34557,[12심영Ⅱ02-06],achievement_level,D,다양한 일반적 주제에 관한 글을 읽고 요약하여 적절한 어휘와 언어 형식을 활용하여 부분적으로 말할 수 있다.,,ncic_2022_eng_level_1848
34558,[12심영Ⅱ02-06],achievement_level,E,다양한 일반적 주제에 관한 짧고 간단한 글을 읽고 요약하여 기본적인 어휘와 간단한 언어 형식을 활용하여 제한적으로 말할 수 있다.,,ncic_2022_eng_level_1848
34559,[12심영Ⅱ02-07],achievement_level,A,문화 간 유사점과 차이점을 다양하고 적절한 어휘와 언어 형식을 활용하여 적절하게 설명할 수 있다.,,ncic_2022_eng_level_1848
34560,[12심영Ⅱ02-07],achievement_level,B,문화 간 유사점과 차이점을 다양하고 적절한 어휘와 언어 형식을 활용하여 비교적 적절하게 설명할 수 있다.,,ncic_2022_eng_level_1848
34561,[12심영Ⅱ02-07],achievement_level,C,문화 간 유사점과 차이점을 적절한 어휘와 언어 형식을 활용하여 대략적으로 설명할 수 있다.,,ncic_2022_eng_level_1848
34562,[12심영Ⅱ02-07],achievement_level,D,문화 간 유사점과 차이점을 적절한 어휘와 언어 형식을 활용하여 부분적으로 설명할 수 있다.,,ncic_2022_eng_level_1848
34563,[12심영Ⅱ02-07],achievement_level,E,문화 간 유사점과 차이점을 기본적인 어휘와 간단한 언어 형식을 활용하여 제한적으로 설명할 수 있다.,,ncic_2022_eng_level_1848
34564,[12심영Ⅱ02-08],achievement_level,A,다양한 상황에서 다양하고 적절한 어휘와 언어 형식을 활용하여 적절하게 대화할 수 있다.,,ncic_2022_eng_level_1848
34565,[12심영Ⅱ02-08],achievement_level,B,다양한 상황에서 다양하고 적절한 어휘와 언어 형식을 활용하여 비교적 적절하게 대화할 수 있다.,,ncic_2022_eng_level_1848
34566,[12심영Ⅱ02-08],achievement_level,C,다양한 상황에서 적절한 어휘와 언어 형식을 활용하여 대략적으로 대화할 수 있다.,,ncic_2022_eng_level_1848
34567,[12심영Ⅱ02-08],achievement_level,D,다양한 상황에서 적절한 어휘와 언어 형식을 활용하여 부분적으로 대화할 수 있다.,,ncic_2022_eng_level_1848
34568,[12심영Ⅱ02-08],achievement_level,E,다양한 상황에서 기본적인 어휘와 간단한 언어 형식을 활용하여 제한적으로 대화할 수 있다.,,ncic_2022_eng_level_1848
34569,[12심영Ⅱ02-09],achievement_level,A,다양한 주제에 관한 토론에 참여하여 합리적 근거로 다양하고 적절한 어휘와 언어 형식을 활용하여 자신의 주장을 정확하게 말할 수 있다.,,ncic_2022_eng_level_1848
34570,[12심영Ⅱ02-09],achievement_level,B,다양한 주제에 관한 토론에 참여하여 합리적 근거로 다양하고 적절한 어휘와 언어 형식을 활용하여 자신의 주장을 비교적 정확하게 말할 수 있다.,,ncic_2022_eng_level_1848
34571,[12심영Ⅱ02-09],achievement_level,C,다양한 주제에 관한 토론에 참여하여 합리적 근거로 적절한 어휘와 언어 형식을 활용하여 자신의 주장을 대략적으로 말할 수 있다.,,ncic_2022_eng_level_1848
34572,[12심영Ⅱ02-09],achievement_level,D,다양한 주제에 관한 토론에 참여하여 합리적 근거로 적절한 어휘와 언어 형식을 활용하여 자신의 주장을 부분적으로 말할 수 있다.,,ncic_2022_eng_level_1848
34573,[12심영Ⅱ02-09],achievement_level,E,다양한 주제에 관한 토론에 참여하여 합리적 근거로 기본적인 어휘와 간단한 언어 형식을 활용하여 자신의 주장을 제한적으로 말할 수 있다. (3) 읽기 성취기준,,ncic_2022_eng_level_1848
34574,[12심영Ⅱ03-01],achievement_level,A,"다양한 장르와 주제에 관한 길고 복잡한 글을 속독하여 사실 정보, 맥락 정보, 장르적 특성을 활용하여 세부 정보를 찾아 정확하게 분류할 수 있다.",,ncic_2022_eng_level_1848
34575,[12심영Ⅱ03-01],achievement_level,B,"다양한 장르와 주제에 관한 길고 복잡한 글을 속독하여 사실 정보, 맥락 정보, 장르적 특성을 활용하여 세부 정보를 찾아 비교적 정확하게 분류할 수 있다.",,ncic_2022_eng_level_1848
34576,[12심영Ⅱ03-01],achievement_level,C,다양한 장르와 주제에 관한 글을 속독하여 사실 정보와 맥락 정보를 활용하여 세부 정보를 찾아 대략적으로 분류할 수 있다.,,ncic_2022_eng_level_1848
34577,[12심영Ⅱ03-01],achievement_level,D,다양한 장르와 주제에 관한 글을 속독하여 사실 정보와 맥락 정보를 활용하여 세부 정보를 찾아 부분적으로 분류할 수 있다.,,ncic_2022_eng_level_1848
34578,[12심영Ⅱ03-01],achievement_level,E,다양한 장르와 주제에 관한 짧고 간단한 글을 속독하여 사실 정보를 활용하여 세부 정보를 찾아 제한적으로 분류할 수 있다.,,ncic_2022_eng_level_1848
34584,[12심영Ⅱ03-03],achievement_level,A,"다양한 장르와 주제에 관한 길고 복잡한 글을 읽고 사실 정보, 맥락 정보, 장르적 특성을 활용하여 글쓴이의 견해와 사실을 정확하게 구분할 수 있다.",,ncic_2022_eng_level_1848
34585,[12심영Ⅱ03-03],achievement_level,B,"다양한 장르와 주제에 관한 길고 복잡한 글을 읽고 사실 정보, 맥락 정보, 장르적 특성을 활용하여 글쓴이의 견해와 사실을 비교적 정확하게 구분할 수 있다.",,ncic_2022_eng_level_1848
34586,[12심영Ⅱ03-03],achievement_level,C,다양한 장르와 주제에 관한 글을 읽고 사실 정보와 맥락 정보를 활용하여 글쓴이의 견해와 사실을 대략적으로 구분할 수 있다.,,ncic_2022_eng_level_1848
34587,[12심영Ⅱ03-03],achievement_level,D,다양한 장르와 주제에 관한 글을 읽고 사실 정보와 맥락 정보를 활용하여 글쓴이의 견해와 사실을 부분적으로 구분할 수 있다.,,ncic_2022_eng_level_1848
34588,[12심영Ⅱ03-03],achievement_level,E,다양한 장르와 주제에 관한 짧고 간단한 글을 읽고 사실 정보를 활용하여 글쓴이의 견해와 사실을 제한적으로 구분할 수 있다.,,ncic_2022_eng_level_1848
34589,[12심영Ⅱ03-04],achievement_level,A,"다양한 장르와 주제에 관한 길고 복잡한 글을 제한된 시간 내에 훑어 읽고 사실 정보, 맥락 정보, 장르적 특성을 활용하여 줄거리, 요지를 정확하게 파악할 수 있다.",,ncic_2022_eng_level_1848
34590,[12심영Ⅱ03-04],achievement_level,B,"다양한 장르와 주제에 관한 길고 복잡한 글을 제한된 시간 내에 훑어 읽고 사실 정보, 맥락 정보, 장르적 특성을 활용하여 줄거리, 요지를 비교적 정확하게 파악할 수 있다.",,ncic_2022_eng_level_1848
34591,[12심영Ⅱ03-04],achievement_level,C,"다양한 장르와 주제에 관한 글을 제한된 시간 내에 훑어 읽고 사실 정보와 맥락 정보를 활용하여 줄거리, 요지를 대략적으로 파악할 수 있다.",,ncic_2022_eng_level_1848
34592,[12심영Ⅱ03-04],achievement_level,D,"다양한 장르와 주제에 관한 글을 제한된 시간 내에 훑어 읽고 사실 정보와 맥락 정보를 활용하여 줄거리, 요지를 부분적으로 파악할 수 있다.",,ncic_2022_eng_level_1848
34593,[12심영Ⅱ03-04],achievement_level,E,"다양한 장르와 주제에 관한 짧고 간단한 글을 제한된 시간 내에 훑어 읽고 사실 정보를 활용하여 줄거리, 요지를 제한적으로 파악할 수 있다.",,ncic_2022_eng_level_1848
34594,[12심영Ⅱ03-05],achievement_level,A,"다양한 장르와 주제에 관한 길고 복잡한 글을 읽고 사실 정보, 맥락 정보, 장르적 특성을 활용하여 주요 내용을 정확하게 요약할 수 있다.",,ncic_2022_eng_level_1848
34595,[12심영Ⅱ03-05],achievement_level,B,"다양한 장르와 주제에 관한 길고 복잡한 글을 읽고 사실 정보, 맥락 정보, 장르적 특성을 활용하여 주요 내용을 비교적 정확하게 요약할 수 있다.",,ncic_2022_eng_level_1848
34596,[12심영Ⅱ03-05],achievement_level,C,다양한 장르와 주제에 관한 글을 읽고 사실 정보와 맥락 정보를 활용하여 주요 내용을 대략적으로 요약할 수 있다.,,ncic_2022_eng_level_1848
34597,[12심영Ⅱ03-05],achievement_level,D,다양한 장르와 주제에 관한 글을 읽고 사실 정보와 맥락 정보를 활용하여 주요 내용을 부분적으로 요약할 수 있다.,,ncic_2022_eng_level_1848
34598,[12심영Ⅱ03-05],achievement_level,E,다양한 장르와 주제에 관한 짧고 간단한 글을 읽고 사실 정보를 활용하여 주요 내용을 제한적으로 요약할 수 있다.,,ncic_2022_eng_level_1848
34599,[12심영Ⅱ03-06],achievement_level,A,"다양한 장르와 주제에 관한 길고 복잡한 글을 읽고 사실 정보, 맥락 정보, 장르적 특성을 활용하여 글의 논리적 구조를 정확하게 파악할 수 있다.",,ncic_2022_eng_level_1848
34600,[12심영Ⅱ03-06],achievement_level,B,"다양한 장르와 주제에 관한 길고 복잡한 글을 읽고 사실 정보, 맥락 정보, 장르적 특성을 활용하여 글의 논리적 구조를 비교적 정확하게 파악할 수 있다.",,ncic_2022_eng_level_1848
34601,[12심영Ⅱ03-06],achievement_level,C,다양한 장르와 주제에 관한 글을 읽고 사실 정보와 맥락 정보를 활용하여 글의 논리적 구조를 대략적으로 파악할 수 있다.,,ncic_2022_eng_level_1848
34602,[12심영Ⅱ03-06],achievement_level,D,다양한 장르와 주제에 관한 글을 읽고 사실 정보와 맥락 정보를 활용하여 글의 논리적 구조를 부분적으로 파악할 수 있다.,,ncic_2022_eng_level_1848
34603,[12심영Ⅱ03-06],achievement_level,E,다양한 장르와 주제에 관한 짧고 간단한 글을 읽고 사실 정보를 활용하여 글의 논리적 구조를 제한적으로 파악할 수 있다.,,ncic_2022_eng_level_1848
34604,[12심영Ⅱ03-07],achievement_level,A,"비교적 쉽고 긴 문학 작품을 읽고 사실 정보, 맥락 정보, 장르적 특성을 활용하여 이야기의 구성을 정확하게 파악할 수 있다.",,ncic_2022_eng_level_1848
34605,[12심영Ⅱ03-07],achievement_level,B,"비교적 쉽고 긴 문학 작품을 읽고 사실 정보, 맥락 정보, 장르적 특성을 활용하여 이야기의 구성을 비교적 정확하게 파악할 수 있다.",,ncic_2022_eng_level_1848
34606,[12심영Ⅱ03-07],achievement_level,C,비교적 쉬운 문학 작품을 읽고 사실 정보와 맥락 정보를 활용하여 이야기의 구성을 대략적으로 파악할 수 있다.,,ncic_2022_eng_level_1848
34607,[12심영Ⅱ03-07],achievement_level,D,비교적 쉬운 문학 작품을 읽고 사실 정보와 맥락 정보를 활용하여 이야기의 구성을 부분적으로 파악할 수 있다.,,ncic_2022_eng_level_1848
34608,[12심영Ⅱ03-07],achievement_level,E,비교적 쉽고 짧은 문학 작품을 읽고 사실 정보를 활용하여 이야기의 구성을 제한적으로 파악할 수 있다.,,ncic_2022_eng_level_1848
34609,[12심영Ⅱ03-08],achievement_level,A,다양한 장르와 주제에 관한 길고 복잡한 글을 읽고 문맥을 바탕으로 익숙하지 않은 표현의 의미를 정확하게 추측할 수 있다.,,ncic_2022_eng_level_1848
34610,[12심영Ⅱ03-08],achievement_level,B,다양한 장르와 주제에 관한 길고 복잡한 글을 읽고 문맥을 바탕으로 익숙하지 않은 표현의 의미를 비교적 정확하게 추측할 수 있다.,,ncic_2022_eng_level_1848
34611,[12심영Ⅱ03-08],achievement_level,C,다양한 장르와 주제에 관한 긴 글을 읽고 문맥을 바탕으로 익숙하지 않은 표현의 의미를 대략적으로 추측할 수 있다.,,ncic_2022_eng_level_1848
34612,[12심영Ⅱ03-08],achievement_level,D,다양한 장르와 주제에 관한 긴 글을 읽고 문맥을 바탕으로 익숙하지 않은 표현의 의미를 부분적으로 추측할 수 있다.,,ncic_2022_eng_level_1848
34613,[12심영Ⅱ03-08],achievement_level,E,다양한 주제에 관한 긴 글을 읽고 문맥을 바탕으로 익숙하지 않은 표현의 의미를 제한적으로 추측할 수 있다.,,ncic_2022_eng_level_1848
34619,[12심영Ⅱ03-10],achievement_level,A,"다양한 장르와 주제에 관한 길고 복잡한 글을 읽고 사실 정보, 맥락 정보, 장르적 특성을 활용하여 글쓴이의 관점을 정확하게 파악할 수 있다.",,ncic_2022_eng_level_1848
34620,[12심영Ⅱ03-10],achievement_level,B,"다양한 장르와 주제에 관한 길고 복잡한 글을 읽고 사실 정보, 맥락 정보, 장르적 특성을 활용하여 글쓴이의 관점을 비교적 정확하게 파악할 수 있다.",,ncic_2022_eng_level_1848
34621,[12심영Ⅱ03-10],achievement_level,C,다양한 장르와 주제에 관한 글을 읽고 사실 정보와 맥락 정보를 활용하여 글쓴이의 관점을 대략적으로 파악할 수 있다.,,ncic_2022_eng_level_1848
34622,[12심영Ⅱ03-10],achievement_level,D,다양한 장르와 주제에 관한 글을 읽고 사실 정보와 맥락 정보를 활용하여 글쓴이의 관점을 부분적으로 파악할 수 있다.,,ncic_2022_eng_level_1848
34623,[12심영Ⅱ03-10],achievement_level,E,다양한 장르와 주제에 관한 짧고 간단한 글을 읽고 사실 정보를 활용하여 글쓴이의 관점을 제한적으로 파악할 수 있다. (4) 쓰기 성취기준,,ncic_2022_eng_level_1848
34624,[12심영Ⅱ04-01],achievement_level,A,일반적인 주제에 관한 길고 복잡한 강의나 강연을 듣고 다양하고 적절한 어휘와 언어 형식을 활용하여 필요한 정보를 정확하게 기록할 수 있다.,,ncic_2022_eng_level_1848
34625,[12심영Ⅱ04-01],achievement_level,B,일반적인 주제에 관한 길고 복잡한 강의나 강연을 듣고 다양하고 적절한 어휘와 언어 형식을 활용하여 필요한 정보를 비교적 정확하게 기록할 수 있다.,,ncic_2022_eng_level_1848
34626,[12심영Ⅱ04-01],achievement_level,C,일반적인 주제에 관한 강의나 강연을 듣고 적절한 어휘와 언어 형식을 활용하여 필요한 정보를 대략적으로 기록할 수 있다.,,ncic_2022_eng_level_1848
34627,[12심영Ⅱ04-01],achievement_level,D,일반적인 주제에 관한 강의나 강연을 듣고 적절한 어휘와 언어 형식을 활용하여 필요한 정보를 부분적으로 기록할 수 있다.,,ncic_2022_eng_level_1848
34628,[12심영Ⅱ04-01],achievement_level,E,일반적인 주제에 관한 짧고 간단한 강의나 강연을 듣고 기본적인 어휘와 간단한 언어 형식을 활용하여 필요한 정보를 제한적으로 기록할 수 있다.,,ncic_2022_eng_level_1848
34644,[12심영Ⅱ01-01],achievement_level,A,"다양한 주제에 관한 길고 복잡한 말이나 대화를 듣고 사실 정보, 맥락 정보, 배경지식을 활용하여 사실과 의견을 정확하게 구별할 수 있다.",,ncic_2022_eng_level_1848
34645,[12심영Ⅱ01-01],achievement_level,B,"다양한 주제에 관한 길고 복잡한 말이나 대화를 듣고 사실 정보, 맥락 정보, 배경지식을 활용하여 사실과 의견을 비교적 정확하게 구별할 수 있다.",,ncic_2022_eng_level_1848
34646,[12심영Ⅱ01-01],achievement_level,C,다양한 주제에 관한 긴 말이나 대화를 듣고 사실 정보와 맥락 정보를 활용하여 사실과 의견을 대략적으로 구별할 수 있다.,,ncic_2022_eng_level_1848
34647,[12심영Ⅱ01-01],achievement_level,D,다양한 주제에 관한 긴 말이나 대화를 듣고 사실 정보와 맥락 정보를 활용하여 사실과 의견을 부분적으로 구별할 수 있다.,,ncic_2022_eng_level_1848
34648,[12심영Ⅱ01-01],achievement_level,E,다양한 주제에 관한 긴 말이나 대화를 듣고 사실 정보를 활용하여 사실과 의견을 제한적으로 구별할 수 있다.,,ncic_2022_eng_level_1848
34654,[12심영Ⅱ03-09],achievement_level,A,"다양한 장르와 주제에 관한 길고 복잡한 글을 읽고 사실 정보, 맥락 정보, 장르적 특성을 활용하여 함축적 의미를 정확하게 파악할 수 있다.",,ncic_2022_eng_level_1848
34655,[12심영Ⅱ03-09],achievement_level,B,"다양한 장르와 주제에 관한 길고 복잡한 글을 읽고 사실 정보, 맥락 정보, 장르적 특성을 활용하여 함축적 의미를 비교적 정확하게 파악할 수 있다.",,ncic_2022_eng_level_1848
34656,[12심영Ⅱ03-09],achievement_level,C,다양한 장르와 주제에 관한 글을 읽고 사실 정보와 맥락 정보를 활용하여 함축적 의미를 대략적으로 파악할 수 있다.,,ncic_2022_eng_level_1848
34657,[12심영Ⅱ03-09],achievement_level,D,다양한 장르와 주제에 관한 글을 읽고 사실 정보와 맥락 정보를 활용하여 함축적 의미를 부분적으로 파악할 수 있다.,,ncic_2022_eng_level_1848
34658,[12심영Ⅱ03-09],achievement_level,E,다양한 장르와 주제에 관한 짧고 간단한 글을 읽고 사실 정보를 활용하여 함축적 의미를 제한적으로 파악할 수 있다.,,ncic_2022_eng_level_1848
34659,[12심영Ⅱ04-02],achievement_level,A,다양한 장르의 길고 복잡한 글을 읽고 요약하여 다양하고 적절한 어휘와 언어 형식을 활용하여 조리 있게 쓸 수 있다.,,ncic_2022_eng_level_1848
34660,[12심영Ⅱ04-02],achievement_level,B,다양한 장르의 길고 복잡한 글을 읽고 요약하여 다양하고 적절한 어휘와 언어 형식을 활용하여 비교적 조리 있게 쓸 수 있다.,,ncic_2022_eng_level_1848
34661,[12심영Ⅱ04-02],achievement_level,C,다양한 장르의 글을 읽고 요약하여 적절한 어휘와 언어 형식을 활용하여 대략적으로 쓸 수 있다.,,ncic_2022_eng_level_1848
34662,[12심영Ⅱ04-02],achievement_level,D,다양한 장르의 글을 읽고 요약하여 적절한 어휘와 언어 형식을 활용하여 부분적으로 쓸 수 있다.,,ncic_2022_eng_level_1848
34663,[12심영Ⅱ04-02],achievement_level,E,다양한 장르의 짧고 간단한 글을 읽고 요약하여 기본적인 어휘와 간단한 언어 형식을 활용하여 제한적으로 쓸 수 있다.,,ncic_2022_eng_level_1848
34664,[12심영Ⅱ01-05],achievement_level,A,"다양한 주제에 관한 길고 복잡한 말이나 대화를 듣고 사실 정보, 맥락 정보, 배경지식을 활용하여 주제나 요지를 정확하게 파악할 수 있다.",,ncic_2022_eng_level_1848
34665,[12심영Ⅱ01-05],achievement_level,B,"다양한 주제에 관한 길고 복잡한 말이나 대화를 듣고 사실 정보, 맥락 정보, 배경지식을 활용하여 주제나 요지를 비교적 정확하게 파악할 수 있다.",,ncic_2022_eng_level_1848
34666,[12심영Ⅱ01-05],achievement_level,C,다양한 주제에 관한 긴 말이나 대화를 듣고 사실 정보와 맥락 정보를 활용하여 주제나 요지를 대략적으로 파악할 수 있다.,,ncic_2022_eng_level_1848
34667,[12심영Ⅱ01-05],achievement_level,D,다양한 주제에 관한 긴 말이나 대화를 듣고 사실 정보와 맥락 정보를 활용하여 주제나 요지를 부분적으로 파악할 수 있다.,,ncic_2022_eng_level_1848
34668,[12심영Ⅱ01-05],achievement_level,E,다양한 주제에 관한 긴 말이나 대화를 듣고 사실 정보를 활용하여 주제나 요지를 제한적으로 파악할 수 있다.,,ncic_2022_eng_level_1848
34669,[12심영Ⅱ04-04],achievement_level,A,다양한 주제에 관해 에세이를 다양하고 적절한 어휘와 언어 형식을 활용하여 조리 있게 쓸 수 있다.,,ncic_2022_eng_level_1848
34670,[12심영Ⅱ04-04],achievement_level,B,다양한 주제에 관해 에세이를 다양하고 적절한 어휘와 언어 형식을 활용하여 비교적 조리 있게 쓸 수 있다.,,ncic_2022_eng_level_1848
34671,[12심영Ⅱ04-04],achievement_level,C,다양한 주제에 관해 에세이를 적절한 어휘와 언어 형식을 활용하여 대략적으로 쓸 수 있다.,,ncic_2022_eng_level_1848
34672,[12심영Ⅱ04-04],achievement_level,D,다양한 주제에 관해 에세이를 적절한 어휘와 언어 형식을 활용하여 부분적으로 쓸 수 있다.,,ncic_2022_eng_level_1848
34673,[12심영Ⅱ04-04],achievement_level,E,다양한 주제에 관해 에세이를 기본적인 어휘와 간단한 언어 형식을 활용하여 제한적으로 쓸 수 있다.,,ncic_2022_eng_level_1848
34674,[12심영Ⅱ01-04],achievement_level,A,"일반적인 주제의 길고 복잡한 뉴스, 강연, 연설, 토론을 듣고 사실 정보, 맥락 정보, 배경지식을 활용하여 줄거리를 정확하게 파악할 수 있다.",,ncic_2022_eng_level_1848
34675,[12심영Ⅱ01-04],achievement_level,B,"일반적인 주제의 길고 복잡한 뉴스, 강연, 연설, 토론을 듣고 사실 정보, 맥락 정보, 배경지식을 활용하여 줄거리를 비교적 정확하게 파악할 수 있다.",,ncic_2022_eng_level_1848
34676,[12심영Ⅱ01-04],achievement_level,C,"일반적인 주제의 뉴스, 강연, 연설, 토론을 듣고 사실 정보와 맥락 정보를 활용하여 줄거리를 대략적으로 파악할 수 있다.",,ncic_2022_eng_level_1848
34677,[12심영Ⅱ01-04],achievement_level,D,"일반적인 주제의 뉴스, 강연, 연설, 토론을 듣고 사실 정보와 맥락 정보를 활용하여 줄거리를 부분적으로 파악할 수 있다.",,ncic_2022_eng_level_1848
34678,[12심영Ⅱ01-04],achievement_level,E,"일반적인 주제의 짧고 간단한 뉴스, 강연, 연설, 토론을 듣고 사실 정보를 활용하여 줄거리를 제한적으로 파악할 수 있다.",,ncic_2022_eng_level_1848
34679,[12심영Ⅱ02-04],achievement_level,A,일반적인 주제에 관한 길고 복잡한 말이나 글을 읽고 생각이나 의견을 합리적 근거를 토대로 다양하고 적절한 어휘와 언어 형식을 활용하여 정확하게 말할 수 있다.,,ncic_2022_eng_level_1848
34680,[12심영Ⅱ02-04],achievement_level,B,일반적인 주제에 관한 길고 복잡한 말이나 글을 읽고 생각이나 의견을 합리적 근거를 토대로 다양하고 적절한 어휘와 언어 형식을 활용하여 비교적 정확하게 말할 수 있다.,,ncic_2022_eng_level_1848
34681,[12심영Ⅱ02-04],achievement_level,C,일반적인 주제에 관한 말이나 글을 읽고 생각이나 의견을 합리적 근거를 토대로 적절한 어휘와 언어 형식을 활용하여 대략적으로 말할 수 있다.,,ncic_2022_eng_level_1848
34682,[12심영Ⅱ02-04],achievement_level,D,일반적인 주제에 관한 말이나 글을 읽고 생각이나 의견을 합리적 근거를 토대로 적절한 어휘와 언어 형식을 활용하여 부분적으로 말할 수 있다.,,ncic_2022_eng_level_1848
34683,[12심영Ⅱ02-04],achievement_level,E,일반적인 주제에 관한 짧고 간단한 말이나 글을 읽고 생각이나 의견을 합리적 근거를 토대로 기본적인 어휘와 간단한 언어 형식을 활용하여 제한적으로 말할 수 있다.,,ncic_2022_eng_level_1848
34684,[12심영Ⅱ02-02],achievement_level,A,다양한 일반적 주제에 관한 준비된 보고나 발표를 다양하고 적절한 어휘와 언어 형식을 활용하여 정확하게 할 수 있다.,,ncic_2022_eng_level_1848
34685,[12심영Ⅱ02-02],achievement_level,B,다양한 일반적 주제에 관한 준비된 보고나 발표를 다양하고 적절한 어휘와 언어 형식을 활용하여 비교적 정확하게 할 수 있다.,,ncic_2022_eng_level_1848
34686,[12심영Ⅱ02-02],achievement_level,C,다양한 일반적 주제에 관한 준비된 보고나 발표를 적절한 어휘와 언어 형식을 활용하여 대략적으로 할 수 있다.,,ncic_2022_eng_level_1848
34687,[12심영Ⅱ02-02],achievement_level,D,다양한 일반적 주제에 관한 준비된 보고나 발표를 적절한 어휘와 언어 형식을 활용하여 부분적으로 할 수 있다.,,ncic_2022_eng_level_1848
34688,[12심영Ⅱ02-02],achievement_level,E,다양한 일반적 주제에 관한 준비된 보고나 발표를 기본적인 어휘와 간단한 언어 형식을 활용하여 제한적으로 할 수 있다.,,ncic_2022_eng_level_1848
34689,[12심영Ⅱ03-02],achievement_level,A,"다양한 주제에 관한 복잡한 그림, 도표 등을 읽고 사실 정보, 맥락 정보, 장르적 특성을 활용하여 필요한 정보를 정확하게 해석하고 분석할 수 있다.",,ncic_2022_eng_level_1848
34690,[12심영Ⅱ03-02],achievement_level,B,"다양한 주제에 관한 복잡한 그림, 도표 등을 읽고 사실 정보, 맥락 정보, 장르적 특성을 활용하여 필요한 정보를 비교적 정확하게 해석하고 분석할 수 있다.",,ncic_2022_eng_level_1848
34691,[12심영Ⅱ03-02],achievement_level,C,"다양한 주제에 관한 그림, 도표 등을 읽고 사실 정보와 맥락 정보를 활용하여 필요한 정보를 대략적으로 해석하고 분석할 수 있다.",,ncic_2022_eng_level_1848
34692,[12심영Ⅱ03-02],achievement_level,D,"다양한 주제에 관한 그림, 도표 등을 읽고 사실 정보와 맥락 정보를 활용하여 필요한 정보를 부분적으로 해석하고 분석할 수 있다.",,ncic_2022_eng_level_1848
34693,[12심영Ⅱ03-02],achievement_level,E,"다양한 주제에 관한 간단한 그림, 도표 등을 읽고 사실 정보를 활용하여 필요한 정보를 제한적으로 해석하고 분석할 수 있다.",,ncic_2022_eng_level_1848
34694,[12심영Ⅱ04-03],achievement_level,A,"실용 편지, 이력서, 지원서, 보고서 등을 양식에 맞게 다양하고 적절한 어휘와 언어 형식을 활용하여 정확하게 작성할 수 있다.",,ncic_2022_eng_level_1848
34695,[12심영Ⅱ04-03],achievement_level,B,"실용 편지, 이력서, 지원서, 보고서 등을 양식에 맞게 다양하고 적절한 어휘와 언어 형식을 활용하여 비교적 정확하게 작성할 수 있다.",,ncic_2022_eng_level_1848
34696,[12심영Ⅱ04-03],achievement_level,C,"실용 편지, 이력서, 지원서, 보고서 등을 양식에 맞게 적절한 어휘와 언어 형식을 활용하여 대략적으로 작성할 수 있다.",,ncic_2022_eng_level_1848
34697,[12심영Ⅱ04-03],achievement_level,D,"실용 편지, 이력서, 지원서, 보고서 등을 양식에 맞게 적절한 어휘와 언어 형식을 활용하여 부분적으로 작성할 수 있다.",,ncic_2022_eng_level_1848
34698,[12심영Ⅱ04-03],achievement_level,E,"실용 편지, 이력서, 지원서, 보고서 등을 양식에 맞게 기본적인 어휘와 간단한 언어 형식을 활용하여 제한적으로 작성할 수 있다. 평가 과제 도넛 경제 모델(Doughnut Economy Model) 도식을 보고 주요 정보를 해석한다. 한국의 도넛 경제 모델에 관한 글을 읽고 특징을 파악한다. 한국이 해결해야 할 과제를 선정하고 제안서를 양식에 맞게 작성한다. 제안서 발표를 통해 주제를 전달하고, 상호 평가를 통해 피드백을 제공한다.",,ncic_2022_eng_level_1848
34729,[12심독Ⅰ03-07],achievement_level,A,"다양한 주제에 관한 길고 복잡한 글을 읽고 사실 정보, 맥락 정보, 장르적 특성을 활용하여 글의 논리적 구조를 정확하게 파악할 수 있다.",,ncic_2022_eng_level_1848
34730,[12심독Ⅰ03-07],achievement_level,B,"다양한 주제에 관한 길고 복잡한 글을 읽고 사실 정보, 맥락 정보, 장르적 특성을 활용하여 글의 논리적 구조를 비교적 정확하게 파악할 수 있다.",,ncic_2022_eng_level_1848
34731,[12심독Ⅰ03-07],achievement_level,C,다양한 주제에 관한 글을 읽고 사실 정보와 맥락 정보를 활용하여 글의 논리적 구조를 대략적으로 파악할 수 있다.,,ncic_2022_eng_level_1848
34732,[12심독Ⅰ03-07],achievement_level,D,다양한 주제에 관한 글을 읽고 사실 정보와 맥락 정보를 활용하여 글의 논리적 구조를 부분적으로 파악할 수 있다.,,ncic_2022_eng_level_1848
34733,[12심독Ⅰ03-07],achievement_level,E,다양한 주제에 관한 짧고 간단한 글을 읽고 사실 정보를 활용하여 글의 논리적 구조를 제한적으로 파악할 수 있다.,,ncic_2022_eng_level_1848
34749,[12심독Ⅰ03-03],achievement_level,A,"다양한 주제에 관한 길고 복잡한 글을 훑어 읽고, 사실 정보, 맥락 정보, 장르적 특성을 활용하여 줄거리, 주제, 요지를 정확하게 파악할 수 있다.",,ncic_2022_eng_level_1848
34750,[12심독Ⅰ03-03],achievement_level,B,"다양한 주제에 관한 길고 복잡한 글을 훑어 읽고, 사실 정보, 맥락 정보, 장르적 특성을 활용하여 줄거리, 주제, 요지를 비교적 정확하게 파악할 수 있다.",,ncic_2022_eng_level_1848
34751,[12심독Ⅰ03-03],achievement_level,C,"다양한 주제에 관한 긴 글을 훑어 읽고, 사실 정보와 맥락 정보를 활용하여 줄거리, 주제, 요지를 대략적으로 파악할 수 있다.",,ncic_2022_eng_level_1848
34752,[12심독Ⅰ03-03],achievement_level,D,"다양한 주제에 관한 긴 글을 훑어 읽고, 사실 정보와 맥락 정보를 활용하여 줄거리, 주제, 요지를 부분적으로 파악할 수 있다.",,ncic_2022_eng_level_1848
34753,[12심독Ⅰ03-03],achievement_level,E,"다양한 주제에 관한 긴 글을 훑어 읽고, 사실 정보를 활용하여 줄거리, 주제, 요지를 제한적으로 파악할 수 있다.",,ncic_2022_eng_level_1848
34754,[12심독Ⅰ03-04],achievement_level,A,"다양한 주제에 관한 길고 복잡한 글을 읽고, 사실 정보, 맥락 정보, 장르적 특성을 활용하여 중심 내용을 파악하여 정확하게 요약할 수 있다.",,ncic_2022_eng_level_1848
34755,[12심독Ⅰ03-04],achievement_level,B,"다양한 주제에 관한 길고 복잡한 글을 읽고, 사실 정보, 맥락 정보, 장르적 특성을 활용하여 중심 내용을 파악하여 비교적 정확하게 요약할 수 있다.",,ncic_2022_eng_level_1848
34756,[12심독Ⅰ03-04],achievement_level,C,"다양한 주제에 관한 긴 글을 읽고, 사실 정보와 맥락 정보를 활용하여 중심 내용을 파악하여 대략적으로 요약할 수 있다.",,ncic_2022_eng_level_1848
34757,[12심독Ⅰ03-04],achievement_level,D,"다양한 주제에 관한 긴 글을 읽고, 사실 정보와 맥락 정보를 활용하여 중심 내용을 파악하여 부분적으로 요약할 수 있다.",,ncic_2022_eng_level_1848
34758,[12심독Ⅰ03-04],achievement_level,E,"다양한 주제에 관한 긴 글을 읽고, 사실 정보를 활용하여 중심 내용을 파악하여 제한적으로 요약할 수 있다.",,ncic_2022_eng_level_1848
34759,[12심독Ⅰ03-01],achievement_level,A,"다양한 주제에 관한 길고 복잡한 글을 읽고, 사실 정보, 맥락 정보, 장르적 특성을 활용하여 필요한 세부 정보를 정확하게 파악할 수 있다.",,ncic_2022_eng_level_1848
34760,[12심독Ⅰ03-01],achievement_level,B,"다양한 주제에 관한 길고 복잡한 글을 읽고, 사실 정보, 맥락 정보, 장르적 특성을 활용하여 필요한 세부 정보를 비교적 정확하게 파악할 수 있다.",,ncic_2022_eng_level_1848
34761,[12심독Ⅰ03-01],achievement_level,C,"다양한 주제에 관한 긴 글을 읽고, 사실 정보와 맥락 정보를 활용하여 필요한 세부 정보를 대략적으로 파악할 수 있다.",,ncic_2022_eng_level_1848
34762,[12심독Ⅰ03-01],achievement_level,D,"다양한 주제에 관한 긴 글을 읽고, 사실 정보와 맥락 정보를 활용하여 필요한 세부 정보를 부분적으로 파악할 수 있다.",,ncic_2022_eng_level_1848
34763,[12심독Ⅰ03-01],achievement_level,E,"다양한 주제에 관한 긴 글을 읽고, 사실 정보를 활용하여 필요한 세부 정보를 제한적으로 파악할 수 있다.",,ncic_2022_eng_level_1848
34769,[12심독Ⅰ03-02],achievement_level,A,"상반된 주장이 포함된 다양한 분야의 길고 복잡한 글을 읽고, 사실 정보, 맥락 정보, 장르적 특성을 활용하여 각각의 견해를 정확하게 비교, 대조할 수 있다.",,ncic_2022_eng_level_1848
34770,[12심독Ⅰ03-02],achievement_level,B,"상반된 주장이 포함된 다양한 분야의 길고 복잡한 글을 읽고, 사실 정보, 맥락 정보, 장르적 특성을 활용하여 각각의 견해를 비교적 정확하게 비교, 대조할 수 있다.",,ncic_2022_eng_level_1848
34771,[12심독Ⅰ03-02],achievement_level,C,"상반된 주장이 포함된 다양한 분야의 글을 읽고, 사실 정보와 맥락 정보를 활용하여 각각의 견해를 대략적으로 비교, 대조할 수 있다.",,ncic_2022_eng_level_1848
34772,[12심독Ⅰ03-02],achievement_level,D,"상반된 주장이 포함된 다양한 분야의 글을 읽고, 사실 정보와 맥락 정보를 활용하여 각각의 견해를 부분적으로 비교, 대조할 수 있다.",,ncic_2022_eng_level_1848
34773,[12심독Ⅰ03-02],achievement_level,E,"상반된 주장이 포함된 다양한 분야의 짧고 간단한 글을 읽고, 사실 정보를 활용하여 각각의 견해를 제한적으로 비교, 대조할 수 있다.",,ncic_2022_eng_level_1848
34779,[12심독Ⅰ03-08],achievement_level,A,"다양한 주제에 관한 길고 복잡한 비평이나 논설문을 읽고, 사실 정보, 맥락 정보, 장르적 특성을 활용하여 글쓴이의 관점을 명확하게 파악할 수 있다.",,ncic_2022_eng_level_1848
34780,[12심독Ⅰ03-08],achievement_level,B,"다양한 주제에 관한 길고 복잡한 비평이나 논설문을 읽고, 사실 정보, 맥락 정보, 장르적 특성을 활용하여 글쓴이의 관점을 비교적 명확하게 파악할 수 있다.",,ncic_2022_eng_level_1848
34781,[12심독Ⅰ03-08],achievement_level,C,"다양한 주제에 관한 비평이나 논설문을 읽고, 사실 정보와 맥락 정보를 활용하여 글쓴이의 관점을 대략적으로 파악할 수 있다.",,ncic_2022_eng_level_1848
34782,[12심독Ⅰ03-08],achievement_level,D,"다양한 주제에 관한 비평이나 논설문을 읽고, 사실 정보와 맥락 정보를 활용하여 글쓴이의 관점을 부분적으로 파악할 수 있다.",,ncic_2022_eng_level_1848
34783,[12심독Ⅰ03-08],achievement_level,E,"다양한 주제에 관한 짧고 간단한 비평이나 논설문을 읽고, 사실 정보를 활용하여 글쓴이의 관점을 제한적으로 파악할 수 있다.",,ncic_2022_eng_level_1848
34784,[12심독Ⅰ03-05],achievement_level,A,"다양한 주제에 관한 길고 복잡한 글을 읽고, 사실 정보, 맥락 정보, 장르적 특성을 활용하여 폭넓게 비판적으로 이해할 수 있다.",,ncic_2022_eng_level_1848
34785,[12심독Ⅰ03-05],achievement_level,B,"다양한 주제에 관한 길고 복잡한 글을 읽고, 사실 정보, 맥락 정보, 장르적 특성을 활용하여 비교적 폭넓게 비판적으로 이해할 수 있다.",,ncic_2022_eng_level_1848
34786,[12심독Ⅰ03-05],achievement_level,C,"다양한 주제에 관한 글을 읽고, 사실 정보와 맥락 정보를 활용하여 비판적으로 이해할 수 있다.",,ncic_2022_eng_level_1848
34787,[12심독Ⅰ03-05],achievement_level,D,"다양한 주제에 관한 글을 읽고, 사실 정보와 맥락 정보를 활용하여 어느 정도 비판적으로 이해할 수 있다.",,ncic_2022_eng_level_1848
34788,[12심독Ⅰ03-05],achievement_level,E,"다양한 주제에 관한 짧고 간단한 글을 읽고, 사실 정보를 활용하여 다소 비판적으로 이해할 수 있다.",,ncic_2022_eng_level_1848
34789,[12심독Ⅰ03-09],achievement_level,A,"다양한 주제에 관한 길고 복잡한 글을 읽고, 사실 정보, 맥락 정보, 장르적 특성을 활용하여 함축적 의미를 정확하게 파악할 수 있다.",,ncic_2022_eng_level_1848
34790,[12심독Ⅰ03-09],achievement_level,B,"다양한 주제에 관한 길고 복잡한 글을 읽고, 사실 정보, 맥락 정보, 장르적 특성을 활용하여 함축적 의미를 비교적 정확하게 파악할 수 있다.",,ncic_2022_eng_level_1848
34791,[12심독Ⅰ03-09],achievement_level,C,"다양한 주제에 관한 긴 글을 읽고, 사실 정보와 맥락 정보를 활용하여 함축적 의미를 대략적으로 파악할 수 있다.",,ncic_2022_eng_level_1848
34792,[12심독Ⅰ03-09],achievement_level,D,"다양한 주제에 관한 긴 글을 읽고, 사실 정보와 맥락 정보를 활용하여 함축적 의미를 부분적으로 파악할 수 있다.",,ncic_2022_eng_level_1848
34793,[12심독Ⅰ03-09],achievement_level,E,"다양한 주제에 관한 긴 글을 읽고, 사실 정보를 활용하여 함축적 의미를 제한적으로 파악할 수 있다.",,ncic_2022_eng_level_1848
34794,[12심독Ⅰ03-06],achievement_level,A,"길고 복잡한 문학 작품을 읽고, 사실 정보, 맥락 정보, 장르적 특성을 활용하여 줄거리를 정확하게 파악할 수 있다.",,ncic_2022_eng_level_1848
34795,[12심독Ⅰ03-06],achievement_level,B,"길고 복잡한 문학 작품을 읽고, 사실 정보, 맥락 정보, 장르적 특성을 활용하여 줄거리를 비교적 정확하게 파악할 수 있다.",,ncic_2022_eng_level_1848
34796,[12심독Ⅰ03-06],achievement_level,C,"문학 작품을 읽고, 사실 정보와 맥락 정보를 활용하여 줄거리를 대략적으로 파악할 수 있다.",,ncic_2022_eng_level_1848
34797,[12심독Ⅰ03-06],achievement_level,D,"문학 작품을 읽고, 사실 정보와 맥락 정보를 활용하여 줄거리를 부분적으로 파악할 수 있다.",,ncic_2022_eng_level_1848
34798,[12심독Ⅰ03-06],achievement_level,E,"짧고 간단한 문학 작품을 읽고, 사실 정보를 활용하여 줄거리를 제한적으로 파악할 수 있다.",,ncic_2022_eng_level_1848
34799,[12심독Ⅰ03-10],achievement_level,A,"길고 복잡한 문학 작품을 읽고, 사실 정보, 맥락 정보, 장르적 특성을 활용하여 함축적 의미를 정확하게 파악할 수 있다.",,ncic_2022_eng_level_1848
34800,[12심독Ⅰ03-10],achievement_level,B,"길고 복잡한 문학 작품을 읽고, 사실 정보, 맥락 정보, 장르적 특성을 활용하여 함축적 의미를 비교적 정확하게 파악할 수 있다.",,ncic_2022_eng_level_1848
34801,[12심독Ⅰ03-10],achievement_level,C,"문학 작품을 읽고, 사실 정보와 맥락 정보를 활용하여 함축적 의미를 대략적으로 파악할 수 있다.",,ncic_2022_eng_level_1848
34802,[12심독Ⅰ03-10],achievement_level,D,"문학 작품을 읽고, 사실 정보와 맥락 정보를 활용하여 함축적 의미를 부분적으로 파악할 수 있다.",,ncic_2022_eng_level_1848
34803,[12심독Ⅰ03-10],achievement_level,E,"짧고 간단한 문학 작품을 읽고, 사실 정보를 활용하여 함축적 의미를 제한적으로 파악할 수 있다. 평가 과제 단편 소설을 읽고, 줄거리, 등장인물의 말과 행동, 그리고 인물 사이의 관계 변화에 대해 파악한다. 등장인물의 말과 행동에서 함축적 의미를 이해하고, 소설을 인물의 1인칭 관점에서 재작성한다.",,ncic_2022_eng_level_1848
34839,[12심독Ⅱ03-08],achievement_level,A,"다양한 주제에 관한 길고 복잡한 글을 읽고 사실 정보, 맥락 정보, 장르적 특성을 활용하여 함축적 의미를 정확하게 파악할 수 있다.",,ncic_2022_eng_level_1848
34840,[12심독Ⅱ03-08],achievement_level,B,"다양한 주제에 관한 길고 복잡한 글을 읽고 사실 정보, 맥락 정보, 장르적 특성을 활용하여 함축적 의미를 비교적 정확하게 파악할 수 있다.",,ncic_2022_eng_level_1848
34841,[12심독Ⅱ03-08],achievement_level,C,다양한 주제에 관한 긴 글을 읽고 사실 정보와 맥락 정보를 활용하여 함축적 의미를 대략적으로 파악할 수 있다.,,ncic_2022_eng_level_1848
34842,[12심독Ⅱ03-08],achievement_level,D,다양한 주제에 관한 긴 글을 읽고 사실 정보와 맥락 정보를 활용하여 함축적 의미를 부분적으로 파악할 수 있다.,,ncic_2022_eng_level_1848
34843,[12심독Ⅱ03-08],achievement_level,E,다양한 주제에 관한 긴 글을 읽고 사실 정보를 활용하여 함축적 의미를 제한적으로 파악할 수 있다.,,ncic_2022_eng_level_1848
34854,[12심독Ⅱ03-01],achievement_level,A,"기초 학술 주제에 관한 길고 복잡한 글을 읽고 사실 정보, 맥락 정보, 장르적 특성을 활용하여 세부 정보를 정확하게 파악할 수 있다.",,ncic_2022_eng_level_1848
34855,[12심독Ⅱ03-01],achievement_level,B,"기초 학술 주제에 관한 길고 복잡한 글을 읽고 사실 정보, 맥락 정보, 장르적 특성을 활용하여 세부 정보를 비교적 정확하게 파악할 수 있다.",,ncic_2022_eng_level_1848
34856,[12심독Ⅱ03-01],achievement_level,C,기초 학술 주제에 관한 글을 읽고 사실 정보와 맥락 정보를 활용하여 세부 정보를 대략적으로 파악할 수 있다.,,ncic_2022_eng_level_1848
34857,[12심독Ⅱ03-01],achievement_level,D,기초 학술 주제에 관한 글을 읽고 사실 정보와 맥락 정보를 활용하여 세부 정보를 부분적으로 파악할 수 있다.,,ncic_2022_eng_level_1848
34858,[12심독Ⅱ03-01],achievement_level,E,기초 학술 주제에 관한 짧고 간단한 글을 읽고 사실 정보를 활용하여 세부 정보를 제한적으로 파악할 수 있다.,,ncic_2022_eng_level_1848
34859,[12심독Ⅱ03-03],achievement_level,A,"기초 학술 주제에 관한 길고 복잡한 글을 읽고 사실 정보, 맥락 정보, 장르적 특성을 활용하여 주요 내용을 정확하게 파악할 수 있다.",,ncic_2022_eng_level_1848
34860,[12심독Ⅱ03-03],achievement_level,B,"기초 학술 주제에 관한 길고 복잡한 글을 읽고 사실 정보, 맥락 정보, 장르적 특성을 활용하여 주요 내용을 비교적 정확하게 파악할 수 있다.",,ncic_2022_eng_level_1848
34861,[12심독Ⅱ03-03],achievement_level,C,기초 학술 주제에 관한 글을 읽고 사실 정보와 맥락 정보를 활용하여 주요 내용을 대략적으로 파악할 수 있다.,,ncic_2022_eng_level_1848
34862,[12심독Ⅱ03-03],achievement_level,D,기초 학술 주제에 관한 글을 읽고 사실 정보와 맥락 정보를 활용하여 주요 내용을 부분적으로 파악할 수 있다.,,ncic_2022_eng_level_1848
34863,[12심독Ⅱ03-03],achievement_level,E,기초 학술 주제에 관한 짧고 간단한 글을 읽고 사실 정보를 활용하여 주요 내용을 제한적으로 파악할 수 있다.,,ncic_2022_eng_level_1848
34864,[12심독Ⅱ03-04],achievement_level,A,"기초 학술 주제에 관한 길고 복잡한 글을 읽고 사실 정보, 맥락 정보, 장르적 특성을 활용하여 주요 내용을 정확하게 요약할 수 있다.",,ncic_2022_eng_level_1848
34865,[12심독Ⅱ03-04],achievement_level,B,"기초 학술 주제에 관한 길고 복잡한 글을 읽고 사실 정보, 맥락 정보, 장르적 특성을 활용하여 주요 내용을 비교적 정확하게 요약할 수 있다.",,ncic_2022_eng_level_1848
34866,[12심독Ⅱ03-04],achievement_level,C,기초 학술 주제에 관한 글을 읽고 사실 정보와 맥락 정보를 활용하여 주요 내용을 대략적으로 요약할 수 있다.,,ncic_2022_eng_level_1848
34867,[12심독Ⅱ03-04],achievement_level,D,기초 학술 주제에 관한 글을 읽고 사실 정보와 맥락 정보를 활용하여 주요 내용을 부분적으로 요약할 수 있다.,,ncic_2022_eng_level_1848
34868,[12심독Ⅱ03-04],achievement_level,E,기초 학술 주제에 관한 짧고 간단한 글을 읽고 사실 정보를 활용하여 주요 내용을 제한적으로 요약할 수 있다.,,ncic_2022_eng_level_1848
34869,[12심독Ⅱ03-10],achievement_level,A,"다양한 주제에 관한 길고 복잡한 비평이나 논설문을 읽고 사실 정보, 맥락 정보, 장르적 특성을 활용하여 글쓴이의 가치관을 명확하게 이해할 수 있다.",,ncic_2022_eng_level_1848
34870,[12심독Ⅱ03-10],achievement_level,B,"다양한 주제에 관한 길고 복잡한 비평이나 논설문을 읽고 사실 정보, 맥락 정보, 장르적 특성을 활용하여 글쓴이의 가치관을 비교적 명확하게 이해할 수 있다.",,ncic_2022_eng_level_1848
34871,[12심독Ⅱ03-10],achievement_level,C,다양한 주제에 관한 비평이나 논설문을 읽고 사실 정보와 맥락 정보를 활용하여 글쓴이의 가치관을 대략적으로 이해할 수 있다.,,ncic_2022_eng_level_1848
34872,[12심독Ⅱ03-10],achievement_level,D,다양한 주제에 관한 비평이나 논설문을 읽고 사실 정보와 맥락 정보를 활용하여 글쓴이의 가치관을 부분적으로 이해할 수 있다.,,ncic_2022_eng_level_1848
34873,[12심독Ⅱ03-10],achievement_level,E,다양한 주제에 관한 짧고 간단한 비평이나 논설문을 읽고 사실 정보를 활용하여 글쓴이의 가치관을 제한적으로 이해할 수 있다.,,ncic_2022_eng_level_1848
34874,[12심독Ⅱ03-07],achievement_level,A,"다양한 주제에 관한 길고 복잡한 글을 읽고 사실 정보, 맥락 정보, 장르적 특성을 활용하여 글의 논리적 구조를 정확하게 파악할 수 있다.",,ncic_2022_eng_level_1848
34875,[12심독Ⅱ03-07],achievement_level,B,"다양한 주제에 관한 길고 복잡한 글을 읽고 사실 정보, 맥락 정보, 장르적 특성을 활용하여 글의 논리적 구조를 비교적 정확하게 파악할 수 있다.",,ncic_2022_eng_level_1848
34876,[12심독Ⅱ03-07],achievement_level,C,다양한 주제에 관한 글을 읽고 사실 정보와 맥락 정보를 활용하여 글의 논리적 구조를 대략적으로 파악할 수 있다.,,ncic_2022_eng_level_1848
34877,[12심독Ⅱ03-07],achievement_level,D,다양한 주제에 관한 글을 읽고 사실 정보와 맥락 정보를 활용하여 글의 논리적 구조를 부분적으로 파악할 수 있다.,,ncic_2022_eng_level_1848
34878,[12심독Ⅱ03-07],achievement_level,E,다양한 주제에 관한 짧고 간단한 글을 읽고 사실 정보를 활용하여 글의 논리적 구조를 제한적으로 파악할 수 있다.,,ncic_2022_eng_level_1848
34879,[12심독Ⅱ03-05],achievement_level,A,"길고 복잡한 글을 읽고 사실 정보, 맥락 정보, 장르적 특성을 활용하여 글쓴이의 비유적 언어 사용을 정확하게 이해하고 평가할 수 있다.",,ncic_2022_eng_level_1848
34880,[12심독Ⅱ03-05],achievement_level,B,"길고 복잡한 글을 읽고 사실 정보, 맥락 정보, 장르적 특성을 활용하여 글쓴이의 비유적 언어 사용을 비교적 정확하게 이해하고 평가할 수 있다.",,ncic_2022_eng_level_1848
34881,[12심독Ⅱ03-05],achievement_level,C,글을 읽고 사실 정보와 맥락 정보를 활용하여 글쓴이의 비유적 언어 사용을 대략적으로 이해하고 평가할 수 있다.,,ncic_2022_eng_level_1848
34882,[12심독Ⅱ03-05],achievement_level,D,글을 읽고 사실 정보와 맥락 정보를 활용하여 글쓴이의 비유적 언어 사용을 부분적으로 이해하고 평가할 수 있다.,,ncic_2022_eng_level_1848
34883,[12심독Ⅱ03-05],achievement_level,E,짧고 간단한 글을 읽고 사실 정보를 활용하여 글쓴이의 비유적 언어 사용을 제한적으로 이해하고 평가할 수 있다.,,ncic_2022_eng_level_1848
34884,[12심독Ⅱ03-06],achievement_level,A,"길고 복잡한 문학 작품을 읽고 사실 정보, 맥락 정보, 장르적 특성을 활용하여 그 내용을 폭넓게 비판적으로 이해할 수 있다.",,ncic_2022_eng_level_1848
34885,[12심독Ⅱ03-06],achievement_level,B,"길고 복잡한 문학 작품을 읽고 사실 정보, 맥락 정보, 장르적 특성을 활용하여 그 내용을 비교적 폭넓게 비판적으로 이해할 수 있다.",,ncic_2022_eng_level_1848
34886,[12심독Ⅱ03-06],achievement_level,C,문학 작품을 읽고 사실 정보와 맥락 정보를 활용하여 그 내용을 비판적으로 이해할 수 있다.,,ncic_2022_eng_level_1848
34887,[12심독Ⅱ03-06],achievement_level,D,문학 작품을 읽고 사실 정보와 맥락 정보를 활용하여 그 내용을 어느 정도 비판적으로 이해할 수 있다.,,ncic_2022_eng_level_1848
34888,[12심독Ⅱ03-06],achievement_level,E,짧고 간단한 문학 작품을 읽고 사실 정보를 활용하여 그 내용을 다소 비판적으로 이해할 수 있다.,,ncic_2022_eng_level_1848
34889,[12심독Ⅱ03-09],achievement_level,A,"길고 복잡한 문학 작품을 읽고 사실 정보, 맥락 정보, 장르적 특성을 활용하여 표현, 이미지, 상징 등의 함축적 의미를 정확하게 파악할 수 있다.",,ncic_2022_eng_level_1848
34890,[12심독Ⅱ03-09],achievement_level,B,"길고 복잡한 문학 작품을 읽고 사실 정보, 맥락 정보, 장르적 특성을 활용하여 표현, 이미지, 상징 등의 함축적 의미를 비교적 정확하게 파악할 수 있다.",,ncic_2022_eng_level_1848
34891,[12심독Ⅱ03-09],achievement_level,C,"문학 작품을 읽고 사실 정보와 맥락 정보를 활용하여 표현, 이미지, 상징 등의 함축적 의미를 대략적으로 파악할 수 있다.",,ncic_2022_eng_level_1848
34892,[12심독Ⅱ03-09],achievement_level,D,"문학 작품을 읽고 사실 정보와 맥락 정보를 활용하여 표현, 이미지, 상징 등의 함축적 의미를 부분적으로 파악할 수 있다.",,ncic_2022_eng_level_1848
34893,[12심독Ⅱ03-09],achievement_level,E,"짧고 간단한 문학 작품을 읽고 사실 정보를 활용하여 표현, 이미지, 상징 등의 함축적 의미를 제한적으로 파악할 수 있다.",,ncic_2022_eng_level_1848
34894,[12심독Ⅱ03-02],achievement_level,A,"다양한 장르의 길고 복잡한 글을 읽고 사실 정보, 맥락 정보, 장르적 특성을 활용하여 글의 특성을 정확하게 비교 대조할 수 있다.",,ncic_2022_eng_level_1848
34895,[12심독Ⅱ03-02],achievement_level,B,"다양한 장르의 길고 복잡한 글을 읽고 사실 정보, 맥락 정보, 장르적 특성을 활용하여 글의 특성을 비교적 정확하게 비교 대조할 수 있다.",,ncic_2022_eng_level_1848
34896,[12심독Ⅱ03-02],achievement_level,C,다양한 장르의 글을 읽고 사실 정보와 맥락 정보를 활용하여 글의 특성을 대략적으로 비교 대조할 수 있다.,,ncic_2022_eng_level_1848
34897,[12심독Ⅱ03-02],achievement_level,D,다양한 장르의 글을 읽고 사실 정보와 맥락 정보를 활용하여 글의 특성을 부분적으로 비교 대조할 수 있다.,,ncic_2022_eng_level_1848
34898,[12심독Ⅱ03-02],achievement_level,E,다양한 장르의 짧고 간단한 글을 읽고 사실 정보를 활용하여 글의 특성을 제한적으로 비교 대조할 수 있다.,,ncic_2022_eng_level_1848
34934,[12심작Ⅰ04-06],achievement_level,A,다양한 주제에 관한 길고 복잡한 글을 읽고 자신의 의견을 다양하고 적절한 어휘와 언어 형식을 활용하여 정확하게 쓸 수 있다.,,ncic_2022_eng_level_1848
34935,[12심작Ⅰ04-06],achievement_level,B,다양한 주제에 관한 길고 복잡한 글을 읽고 자신의 의견을 다양하고 적절한 어휘와 언어 형식을 활용하여 비교적 정확하게 쓸 수 있다.,,ncic_2022_eng_level_1848
34936,[12심작Ⅰ04-06],achievement_level,C,다양한 주제에 관한 글을 읽고 자신의 의견을 적절한 어휘와 언어 형식을 활용하여 대략적으로 쓸 수 있다.,,ncic_2022_eng_level_1848
34937,[12심작Ⅰ04-06],achievement_level,D,다양한 주제에 관한 글을 읽고 자신의 의견을 적절한 어휘와 언어 형식을 활용하여 부분적으로 쓸 수 있다.,,ncic_2022_eng_level_1848
34938,[12심작Ⅰ04-06],achievement_level,E,다양한 주제에 관한 짧고 간단한 글을 읽고 자신의 의견을 기본적인 어휘와 간단한 언어 형식을 활용하여 제한적으로 쓸 수 있다.,,ncic_2022_eng_level_1848
34939,[12심작Ⅰ04-03],achievement_level,A,일반적인 주제의 길고 복잡한 글을 읽고 주요 내용을 다양하고 적절한 어휘와 언어 형식을 활용하여 정확하게 요약하여 쓸 수 있다.,,ncic_2022_eng_level_1848
34940,[12심작Ⅰ04-03],achievement_level,B,일반적인 주제의 길고 복잡한 글을 읽고 주요 내용을 다양하고 적절한 어휘와 언어 형식을 활용하여 비교적 정확하게 요약하여 쓸 수 있다.,,ncic_2022_eng_level_1848
34941,[12심작Ⅰ04-03],achievement_level,C,일반적인 주제의 글을 읽고 주요 내용을 적절한 어휘와 언어 형식을 활용하여 대략적으로 요약하여 쓸 수 있다.,,ncic_2022_eng_level_1848
34942,[12심작Ⅰ04-03],achievement_level,D,일반적인 주제의 글을 읽고 주요 내용을 적절한 어휘와 언어 형식을 활용하여 부분적으로 요약하여 쓸 수 있다.,,ncic_2022_eng_level_1848
34943,[12심작Ⅰ04-03],achievement_level,E,일반적인 주제의 짧고 간단한 글을 읽고 주요 내용을 기본적인 어휘와 간단한 언어 형식을 활용하여 제한적으로 요약하여 쓸 수 있다.,,ncic_2022_eng_level_1848
34944,[12심작Ⅰ04-05],achievement_level,A,자신을 소개하는 길고 복잡한 글을 다양하고 적절한 어휘와 언어 형식을 활용하여 정확하게 쓸 수 있다.,,ncic_2022_eng_level_1848
34945,[12심작Ⅰ04-05],achievement_level,B,자신을 소개하는 길고 복잡한 글을 다양하고 적절한 어휘와 언어 형식을 활용하여 비교적 정확하게 쓸 수 있다.,,ncic_2022_eng_level_1848
34946,[12심작Ⅰ04-05],achievement_level,C,자신을 소개하는 글을 적절한 어휘와 언어 형식을 활용하여 대략적으로 쓸 수 있다.,,ncic_2022_eng_level_1848
34947,[12심작Ⅰ04-05],achievement_level,D,자신을 소개하는 글을 적절한 어휘와 언어 형식을 활용하여 부분적으로 쓸 수 있다.,,ncic_2022_eng_level_1848
34948,[12심작Ⅰ04-05],achievement_level,E,자신을 소개하는 짧고 간단한 글을 기본적인 어휘와 간단한 언어 형식을 활용하여 제한적으로 쓸 수 있다.,,ncic_2022_eng_level_1848
34959,[12심작Ⅰ04-04],achievement_level,A,우리의 문화를 소개하는 길고 복잡한 글을 다양하고 적절한 어휘와 언어 형식을 활용하여 정확하게 쓸 수 있다.,,ncic_2022_eng_level_1848
34960,[12심작Ⅰ04-04],achievement_level,B,우리의 문화를 소개하는 길고 복잡한 글을 다양하고 적절한 어휘와 언어 형식을 활용하여 비교적 정확하게 쓸 수 있다.,,ncic_2022_eng_level_1848
34961,[12심작Ⅰ04-04],achievement_level,C,우리의 문화를 소개하는 글을 적절한 어휘와 언어 형식을 활용하여 대략적으로 쓸 수 있다.,,ncic_2022_eng_level_1848
34962,[12심작Ⅰ04-04],achievement_level,D,우리의 문화를 소개하는 글을 적절한 어휘와 언어 형식을 활용하여 부분적으로 쓸 수 있다.,,ncic_2022_eng_level_1848
34963,[12심작Ⅰ04-04],achievement_level,E,우리의 문화를 소개하는 짧고 간단한 글을 기본적인 어휘와 간단한 언어 형식을 활용하여 제한적으로 쓸 수 있다.,,ncic_2022_eng_level_1848
34964,[12심작Ⅰ04-01],achievement_level,A,일상생활에서 접할 수 있는 다양한 서식을 다양하고 적절한 어휘와 언어 형식을 활용하여 정확하게 작성할 수 있다.,,ncic_2022_eng_level_1848
34965,[12심작Ⅰ04-01],achievement_level,B,일상생활에서 접할 수 있는 다양한 서식을 다양하고 적절한 어휘와 언어 형식을 활용하여 비교적 정확하게 작성할 수 있다.,,ncic_2022_eng_level_1848
34966,[12심작Ⅰ04-01],achievement_level,C,일상생활에서 접할 수 있는 다양한 서식을 적절한 어휘와 언어 형식을 활용하여 대략적으로 작성할 수 있다.,,ncic_2022_eng_level_1848
34967,[12심작Ⅰ04-01],achievement_level,D,일상생활에서 접할 수 있는 다양한 서식을 적절한 어휘와 언어 형식을 활용하여 부분적으로 작성할 수 있다.,,ncic_2022_eng_level_1848
34968,[12심작Ⅰ04-01],achievement_level,E,일상생활에서 접할 수 있는 다양한 서식을 기본적인 어휘와 간단한 언어 형식을 활용하여 제한적으로 작성할 수 있다.,,ncic_2022_eng_level_1848
34969,[12심작Ⅰ04-02],achievement_level,A,친숙한 주제에 관한 길고 복잡한 강의나 발표를 듣고 주요 내용을 다양하고 적절한 어휘와 언어 형식을 활용하여 정확하게 기록할 수 있다.,,ncic_2022_eng_level_1848
34970,[12심작Ⅰ04-02],achievement_level,B,친숙한 주제에 관한 길고 복잡한 강의나 발표를 듣고 주요 내용을 다양하고 적절한 어휘와 언어 형식을 활용하여 비교적 정확하게 기록할 수 있다.,,ncic_2022_eng_level_1848
34971,[12심작Ⅰ04-02],achievement_level,C,친숙한 주제에 관한 강의나 발표를 듣고 주요 내용을 적절한 어휘와 언어 형식을 활용하여 대략적으로 기록할 수 있다.,,ncic_2022_eng_level_1848
34972,[12심작Ⅰ04-02],achievement_level,D,친숙한 주제에 관한 강의나 발표를 듣고 주요 내용을 적절한 어휘와 언어 형식을 활용하여 부분적으로 기록할 수 있다.,,ncic_2022_eng_level_1848
34973,[12심작Ⅰ04-02],achievement_level,E,친숙한 주제에 관한 짧고 간단한 강의나 발표를 듣고 주요 내용을 기본적인 어휘와 간단한 언어 형식을 활용하여 제한적으로 기록할 수 있다.,,ncic_2022_eng_level_1848
34974,[12심작Ⅰ04-07],achievement_level,A,친숙한 일반적 주제에 대해 생각이나 느낌을 다양하고 적절한 어휘와 언어 형식을 활용하여 정확하게 쓸 수 있다.,,ncic_2022_eng_level_1848
34975,[12심작Ⅰ04-07],achievement_level,B,친숙한 일반적 주제에 대해 생각이나 느낌을 다양하고 적절한 어휘와 언어 형식을 활용하여 비교적 정확하게 쓸 수 있다.,,ncic_2022_eng_level_1848
34976,[12심작Ⅰ04-07],achievement_level,C,친숙한 일반적 주제에 대해 생각이나 느낌을 적절한 어휘와 언어 형식을 활용하여 대략적으로 쓸 수 있다.,,ncic_2022_eng_level_1848
34977,[12심작Ⅰ04-07],achievement_level,D,친숙한 일반적 주제에 대해 생각이나 느낌을 적절한 어휘와 언어 형식을 활용하여 부분적으로 쓸 수 있다.,,ncic_2022_eng_level_1848
34978,[12심작Ⅰ04-07],achievement_level,E,친숙한 일반적 주제에 대해 생각이나 느낌을 기본적인 어휘와 간단한 언어 형식을 활용하여 제한적으로 쓸 수 있다.,,ncic_2022_eng_level_1848
35004,[12심작Ⅱ04-06],achievement_level,A,다양한 주제에 관한 길고 복잡한 글을 읽고 자신의 의견을 다양하고 적절한 어휘와 언어 형식을 활용하여 조리 있게 쓸 수 있다.,,ncic_2022_eng_level_1848
35005,[12심작Ⅱ04-06],achievement_level,B,다양한 주제에 관한 길고 복잡한 글을 읽고 자신의 의견을 다양하고 적절한 어휘와 언어 형식을 활용하여 비교적 조리 있게 쓸 수 있다.,,ncic_2022_eng_level_1848
35006,[12심작Ⅱ04-06],achievement_level,C,다양한 주제에 관한 글을 읽고 자신의 의견을 적절한 어휘와 언어 형식을 활용하여 대략적으로 쓸 수 있다.,,ncic_2022_eng_level_1848
35007,[12심작Ⅱ04-06],achievement_level,D,다양한 주제에 관한 글을 읽고 자신의 의견을 적절한 어휘와 언어 형식을 활용하여 부분적으로 쓸 수 있다.,,ncic_2022_eng_level_1848
35008,[12심작Ⅱ04-06],achievement_level,E,다양한 주제에 관한 짧고 간단한 글을 읽고 자신의 의견을 기본적인 어휘와 간단한 언어 형식을 활용하여 제한적으로 쓸 수 있다.,,ncic_2022_eng_level_1848
35019,[12심작Ⅱ04-02],achievement_level,A,친숙한 일반적인 주제에 관한 길고 복잡한 강의나 발표를 듣고 세부 정보를 다양하고 적절한 어휘와 언어 형식을 활용하여 정확하게 기록할 수 있다.,,ncic_2022_eng_level_1848
35020,[12심작Ⅱ04-02],achievement_level,B,친숙한 일반적인 주제에 관한 길고 복잡한 강의나 발표를 듣고 세부 정보를 다양하고 적절한 어휘와 언어 형식을 활용하여 비교적 정확하게 기록할 수 있다.,,ncic_2022_eng_level_1848
35021,[12심작Ⅱ04-02],achievement_level,C,친숙한 일반적인 주제에 관한 강의나 발표를 듣고 세부 정보를 적절한 어휘와 언어 형식을 활용하여 대략적으로 기록할 수 있다.,,ncic_2022_eng_level_1848
35022,[12심작Ⅱ04-02],achievement_level,D,친숙한 일반적인 주제에 관한 강의나 발표를 듣고 세부 정보를 적절한 어휘와 언어 형식을 활용하여 부분적으로 기록할 수 있다.,,ncic_2022_eng_level_1848
35023,[12심작Ⅱ04-02],achievement_level,E,친숙한 일반적인 주제에 관한 짧고 간단한 강의나 발표를 듣고 세부 정보를 기본적인 어휘와 간단한 언어 형식을 활용하여 제한적으로 기록할 수 있다.,,ncic_2022_eng_level_1848
35024,[12심작Ⅱ04-03],achievement_level,A,다양한 주제의 길고 복잡한 글을 읽고 주요 내용을 다양하고 적절한 어휘와 언어 형식을 활용하여 정확하게 요약하여 쓸 수 있다.,,ncic_2022_eng_level_1848
35025,[12심작Ⅱ04-03],achievement_level,B,다양한 주제의 길고 복잡한 글을 읽고 주요 내용을 다양하고 적절한 어휘와 언어 형식을 활용하여 비교적 정확하게 요약하여 쓸 수 있다.,,ncic_2022_eng_level_1848
35026,[12심작Ⅱ04-03],achievement_level,C,다양한 주제의 글을 읽고 주요 내용을 적절한 어휘와 언어 형식을 활용하여 대략적으로 요약하여 쓸 수 있다.,,ncic_2022_eng_level_1848
35027,[12심작Ⅱ04-03],achievement_level,D,다양한 주제의 글을 읽고 주요 내용을 적절한 어휘와 언어 형식을 활용하여 부분적으로 요약하여 쓸 수 있다.,,ncic_2022_eng_level_1848
35028,[12심작Ⅱ04-03],achievement_level,E,다양한 주제의 짧고 간단한 글을 읽고 주요 내용을 기본적인 어휘와 간단한 언어 형식을 활용하여 제한적으로 요약하여 쓸 수 있다.,,ncic_2022_eng_level_1848
35029,[12심작Ⅱ04-05],achievement_level,A,자신을 소개하는 길고 복잡한 글을 다양하고 적절한 어휘와 언어 형식을 활용하여 정확하고 조리 있게 쓸 수 있다.,,ncic_2022_eng_level_1848
35030,[12심작Ⅱ04-05],achievement_level,B,자신을 소개하는 길고 복잡한 글을 다양하고 적절한 어휘와 언어 형식을 활용하여 비교적 정확하고 조리 있게 쓸 수 있다.,,ncic_2022_eng_level_1848
35031,[12심작Ⅱ04-05],achievement_level,C,자신을 소개하는 글을 적절한 어휘와 언어 형식을 활용하여 대략적으로 쓸 수 있다.,,ncic_2022_eng_level_1848
35032,[12심작Ⅱ04-05],achievement_level,D,자신을 소개하는 글을 적절한 어휘와 언어 형식을 활용하여 부분적으로 쓸 수 있다.,,ncic_2022_eng_level_1848
35033,[12심작Ⅱ04-05],achievement_level,E,자신을 소개하는 짧고 간단한 글을 기본적인 어휘와 간단한 언어 형식을 활용하여 제한적으로 쓸 수 있다.,,ncic_2022_eng_level_1848
35039,[12심작Ⅱ04-07],achievement_level,A,일반적 주제에 관해 자신의 생각이나 느낌을 다양하고 적절한 어휘와 언어 형식을 활용하여 정확하게 쓸 수 있다.,,ncic_2022_eng_level_1848
35040,[12심작Ⅱ04-07],achievement_level,B,일반적 주제에 관해 자신의 생각이나 느낌을 다양하고 적절한 어휘와 언어 형식을 활용하여 비교적 정확하게 쓸 수 있다.,,ncic_2022_eng_level_1848
35041,[12심작Ⅱ04-07],achievement_level,C,일반적 주제에 관해 자신의 생각이나 느낌을 적절한 어휘와 언어 형식을 활용하여 대략적으로 쓸 수 있다.,,ncic_2022_eng_level_1848
35042,[12심작Ⅱ04-07],achievement_level,D,일반적 주제에 관해 자신의 생각이나 느낌을 적절한 어휘와 언어 형식을 활용하여 부분적으로 쓸 수 있다.,,ncic_2022_eng_level_1848
35043,[12심작Ⅱ04-07],achievement_level,E,일반적 주제에 관해 자신의 생각이나 느낌을 기본적인 어휘와 간단한 언어 형식을 활용하여 제한적으로 쓸 수 있다.,,ncic_2022_eng_level_1848
35049,[12심작Ⅱ04-01],achievement_level,A,다양한 서식을 다양하고 적절한 어휘와 언어 형식을 활용하여 정확하게 작성할 수 있다.,,ncic_2022_eng_level_1848
35050,[12심작Ⅱ04-01],achievement_level,B,다양한 서식을 다양하고 적절한 어휘와 언어 형식을 활용하여 비교적 정확하게 작성할 수 있다.,,ncic_2022_eng_level_1848
35051,[12심작Ⅱ04-01],achievement_level,C,다양한 서식을 적절한 어휘와 언어 형식을 활용하여 대략적으로 작성할 수 있다.,,ncic_2022_eng_level_1848
35052,[12심작Ⅱ04-01],achievement_level,D,다양한 서식을 적절한 어휘와 언어 형식을 활용하여 부분적으로 작성할 수 있다.,,ncic_2022_eng_level_1848
35053,[12심작Ⅱ04-01],achievement_level,E,다양한 서식을 기본적인 어휘와 간단한 언어 형식을 활용하여 제한적으로 작성할 수 있다.,,ncic_2022_eng_level_1848
35054,[12심작Ⅱ04-04],achievement_level,A,우리의 문화를 소개하는 길고 복잡한 글을 다양하고 적절한 어휘와 언어 형식을 활용하여 조리 있게 쓸 수 있다.,,ncic_2022_eng_level_1848
35055,[12심작Ⅱ04-04],achievement_level,B,우리의 문화를 소개하는 길고 복잡한 글을 다양하고 적절한 어휘와 언어 형식을 활용하여 비교적 조리 있게 쓸 수 있다.,,ncic_2022_eng_level_1848
35056,[12심작Ⅱ04-04],achievement_level,C,우리의 문화를 소개하는 글을 적절한 어휘와 언어 형식을 활용하여 대략적으로 쓸 수 있다.,,ncic_2022_eng_level_1848
35057,[12심작Ⅱ04-04],achievement_level,D,우리의 문화를 소개하는 글을 적절한 어휘와 언어 형식을 활용하여 부분적으로 쓸 수 있다.,,ncic_2022_eng_level_1848
35058,[12심작Ⅱ04-04],achievement_level,E,우리의 문화를 소개하는 짧고 간단한 글을 기본적인 어휘와 간단한 언어 형식을 활용하여 제한적으로 쓸 수 있다.,,ncic_2022_eng_level_1848
35059,[12심작Ⅱ04-08],achievement_level,A,주어진 주제에 관해 자신의 생각을 다양하고 적절한 어휘와 언어 형식을 활용하여 정확하고 조리 있게 쓸 수 있다.,,ncic_2022_eng_level_1848
35060,[12심작Ⅱ04-08],achievement_level,B,주어진 주제에 관한 자신의 생각을 다양하고 적절한 어휘와 언어 형식을 활용하여 비교적 정확하고 조리 있게 쓸 수 있다.,,ncic_2022_eng_level_1848
35061,[12심작Ⅱ04-08],achievement_level,C,주어진 주제에 관해 자신의 생각을 적절한 어휘와 언어 형식을 활용하여 대략적으로 쓸 수 있다.,,ncic_2022_eng_level_1848
35062,[12심작Ⅱ04-08],achievement_level,D,주어진 주제에 관해 자신의 생각을 적절한 어휘와 언어 형식을 활용하여 부분적으로 쓸 수 있다.,,ncic_2022_eng_level_1848
35063,[12심작Ⅱ04-08],achievement_level,E,주어진 주제에 관해 자신의 생각을 기본적인 어휘와 간단한 언어 형식을 활용하여 제한적으로 쓸 수 있다.,,ncic_2022_eng_level_1848
35074,[12영Ⅰ-01-03],achievement_level,A,"다양한 유형과 일반적 주제의 길고 복잡한 말이나 글에서 배경지식, 맥락 정보, 사실 정보를 활용하여 화자나 필자의 심정이나 의도를 정확하게 추론할 수 있다.",,ncic_2022_eng_level_1398
35075,[12영Ⅰ-01-03],achievement_level,B,"다양한 유형과 일반적 주제의 길고 복잡한 말이나 글에서 배경지식, 맥락 정보, 사실 정보를 활용하여 화자나 필자의 심정이나 의도를 비교적 정확하게 추론할 수 있다.",,ncic_2022_eng_level_1398
35076,[12영Ⅰ-01-03],achievement_level,C,다양한 유형과 일반적 주제의 말이나 글에서 맥락 정보와 사실 정보를 활용하여 화자나 필자의 심정이나 의도를 대략적으로 추론할 수 있다.,,ncic_2022_eng_level_1398
35077,[12영Ⅰ-01-03],achievement_level,D,다양한 유형과 일반적 주제의 말이나 글에서 맥락 정보와 사실 정보를 활용하여 화자나 필자의 심정이나 의도를 부분적으로 추론할 수 있다.,,ncic_2022_eng_level_1398
35078,[12영Ⅰ-01-03],achievement_level,E,다양한 유형과 일반적 주제의 짧고 간단한 말이나 글에서 사실 정보를 활용하여 화자나 필자의 심정이나 의도를 제한적으로 추론할 수 있다.,,ncic_2022_eng_level_1398
35084,[12영Ⅰ-01-05],achievement_level,A,다양한 유형과 일반적 주제의 길고 복잡한 말이나 글의 맥락을 바탕으로 어구나 문장의 함축적 의미를 정확하게 추론할 수 있다.,,ncic_2022_eng_level_1398
35085,[12영Ⅰ-01-05],achievement_level,B,다양한 유형과 일반적 주제의 길고 복잡한 말이나 글의 맥락을 바탕으로 어구나 문장의 함축적 의미를 비교적 정확하게 추론할 수 있다.,,ncic_2022_eng_level_1398
35086,[12영Ⅰ-01-05],achievement_level,C,다양한 유형과 일반적 주제의 말이나 글의 맥락을 바탕으로 어구나 문장의 함축적 의미를 대략적으로 추론할 수 있다.,,ncic_2022_eng_level_1398
35087,[12영Ⅰ-01-05],achievement_level,D,다양한 유형과 일반적 주제의 말이나 글의 맥락을 바탕으로 어구나 문장의 함축적 의미를 부분적으로 추론할 수 있다.,,ncic_2022_eng_level_1398
35088,[12영Ⅰ-01-05],achievement_level,E,다양한 유형과 일반적 주제의 짧고 간단한 말이나 글의 맥락을 바탕으로 어구나 문장의 함축적 의미를 제한적으로 추론할 수 있다.,,ncic_2022_eng_level_1398
35140,[12영Ⅰ-01-06],achievement_level,A,"다양한 유형과 일반적 주제의 길고 복잡한 말이나 글에서 배경지식, 맥락 정보, 사실 정보를 활용하여 말이나 글의 전개 방식이나 구조를 정확하게 파악할 수 있다.",,ncic_2022_eng_level_1398
35141,[12영Ⅰ-01-06],achievement_level,B,"다양한 유형과 일반적 주제의 길고 복잡한 말이나 글에서 배경지식, 맥락 정보, 사실 정보를 활용하여 말이나 글의 전개 방식이나 구조를 비교적 정확하게 파악할 수 있다.",,ncic_2022_eng_level_1398
35142,[12영Ⅰ-01-06],achievement_level,C,다양한 유형과 일반적 주제의 말이나 글에서 맥락 정보와 사실 정보를 활용하여 말이나 글의 전개 방식이나 구조를 대략적으로 파악할 수 있다.,,ncic_2022_eng_level_1398
35143,[12영Ⅰ-01-06],achievement_level,D,다양한 유형과 일반적 주제의 말이나 글에서 맥락 정보와 사실 정보를 활용하여 말이나 글의 전개 방식이나 구조를 부분적으로 파악할 수 있다.,,ncic_2022_eng_level_1398
35144,[12영Ⅰ-01-06],achievement_level,E,다양한 유형과 일반적 주제의 짧고 간단한 말이나 글에서 사실 정보를 활용하여 말이나 글의 전개 방식이나 구조를 제한적으로 파악할 수 있다.,,ncic_2022_eng_level_1398
35155,[12영Ⅰ-02-04],achievement_level,A,다양한 유형과 일반적 주제의 길고 복잡한 말이나 글에서 듣거나 읽은 내용을 다양하고 적절한 어휘와 언어 형식을 활용하여 말이나 글로 정확하게 요약할 수 있다.,,ncic_2022_eng_level_1398
35156,[12영Ⅰ-02-04],achievement_level,B,다양한 유형과 일반적 주제의 길고 복잡한 말이나 글에서 듣거나 읽은 내용을 다양하고 적절한 어휘와 언어 형식을 활용하여 말이나 글로 비교적 정확하게 요약할 수 있다.,,ncic_2022_eng_level_1398
35157,[12영Ⅰ-02-04],achievement_level,C,다양한 유형과 일반적 주제의 말이나 글에서 듣거나 읽은 내용을 적절한 어휘와 언어 형식을 활용하여 말이나 글로 대략적으로 요약할 수 있다.,,ncic_2022_eng_level_1398
35158,[12영Ⅰ-02-04],achievement_level,D,다양한 유형과 일반적 주제의 말이나 글에서 듣거나 읽은 내용을 적절한 어휘와 언어 형식을 활용하여 말이나 글로 부분적으로 요약할 수 있다.,,ncic_2022_eng_level_1398
35159,[12영Ⅰ-02-04],achievement_level,E,다양한 유형과 일반적 주제의 짧고 간단한 말이나 글에서 듣거나 읽은 내용을 주어진 어휘와 언어 형식을 활용하여 말이나 글로 제한적으로 요약할 수 있다.,,ncic_2022_eng_level_1398
35170,[12영Ⅰ-01-01],achievement_level,A,"다양한 유형과 일반적 주제의 길고 복잡한 말이나 글에서 배경지식, 맥락 정보, 사실 정보를 활용하여 세부 정보를 정확하게 파악할 수 있다.",,ncic_2022_eng_level_1398
35171,[12영Ⅰ-01-01],achievement_level,B,"다양한 유형과 일반적 주제의 길고 복잡한 말이나 글에서 배경지식, 맥락 정보, 사실 정보를 활용하여 세부 정보를 비교적 정확하게 파악할 수 있다.",,ncic_2022_eng_level_1398
35172,[12영Ⅰ-01-01],achievement_level,C,다양한 유형과 일반적 주제의 말이나 글에서 맥락 정보와 사실 정보를 활용하여 세부 정보를 대략적으로 파악할 수 있다.,,ncic_2022_eng_level_1398
35173,[12영Ⅰ-01-01],achievement_level,D,다양한 유형과 일반적 주제의 말이나 글에서 맥락 정보와 사실 정보를 활용하여 세부 정보를 부분적으로 파악할 수 있다.,,ncic_2022_eng_level_1398
35174,[12영Ⅰ-01-01],achievement_level,E,다양한 유형과 일반적 주제의 짧고 간단한 말이나 글에서 사실 정보를 활용하여 세부 정보를 제한적으로 파악할 수 있다.,,ncic_2022_eng_level_1398
35190,[12영Ⅰ-01-07],achievement_level,A,적절한 전략을 효과적으로 활용하여 다양한 매체로 된 말이나 글의 의미를 정확하게 파악할 수 있다.,,ncic_2022_eng_level_1398
35191,[12영Ⅰ-01-07],achievement_level,B,적절한 전략을 비교적 효과적으로 활용하여 다양한 매체로 된 말이나 글의 의미를 비교적 정확하게 파악할 수 있다.,,ncic_2022_eng_level_1398
35192,[12영Ⅰ-01-07],achievement_level,C,적절한 전략을 대략적으로 활용하여 다양한 매체로 된 말이나 글의 의미를 대략적으로 파악할 수 있다.,,ncic_2022_eng_level_1398
35193,[12영Ⅰ-01-07],achievement_level,D,적절한 전략을 부분적으로 활용하여 다양한 매체로 된 말이나 글의 의미를 부분적으로 파악할 수 있다.,,ncic_2022_eng_level_1398
35194,[12영Ⅰ-01-07],achievement_level,E,적절한 전략을 제한적으로 활용하여 다양한 매체로 된 말이나 글의 의미를 제한적으로 파악할 수 있다.,,ncic_2022_eng_level_1398
35195,[12영Ⅰ-02-05],achievement_level,A,"서신, 신청서, 지원서 등의 서식을 다양하고 적절한 어휘와 언어 형식을 활용하여 목적에 맞게 정확하게 작성할 수 있다.",,ncic_2022_eng_level_1398
35196,[12영Ⅰ-02-05],achievement_level,B,"서신, 신청서, 지원서 등의 서식을 다양하고 적절한 어휘와 언어 형식을 활용하여 목적에 맞게 비교적 정확하게 작성할 수 있다.",,ncic_2022_eng_level_1398
35197,[12영Ⅰ-02-05],achievement_level,C,"서신, 신청서, 지원서 등의 서식을 적절한 어휘와 언어 형식을 활용하여 목적에 맞게 대략적으로 작성할 수 있다.",,ncic_2022_eng_level_1398
35198,[12영Ⅰ-02-05],achievement_level,D,"서신, 신청서, 지원서 등의 서식을 적절한 어휘와 언어 형식을 활용하여 목적에 맞게 부분적으로 작성할 수 있다.",,ncic_2022_eng_level_1398
35199,[12영Ⅰ-02-05],achievement_level,E,"서신, 신청서, 지원서 등의 서식을 주어진 어휘와 언어 형식을 활용하여 목적에 맞게 제한적으로 작성할 수 있다.",,ncic_2022_eng_level_1398
35205,[12영Ⅰ-01-08],achievement_level,A,우리 문화 및 타 문화의 다양한 관점에 대해 적극적으로 포용하고 공감하는 태도를 보인다.,,ncic_2022_eng_level_1398
35206,[12영Ⅰ-01-08],achievement_level,C,우리 문화 및 타 문화의 다양한 관점에 대해 비교적 적극적으로 포용하고 공감하는 태도를 보인다.,,ncic_2022_eng_level_1398
35207,[12영Ⅰ-01-08],achievement_level,E,우리 문화 및 타 문화의 다양한 관점에 대해 포용하며 공감하려고 노력하는 태도를 보인다.,,ncic_2022_eng_level_1398
35213,[12영Ⅰ-01-02],achievement_level,A,"다양한 유형과 일반적 주제의 길고 복잡한 말이나 글에서 배경지식, 맥락 정보, 사실 정보를 활용하여 주제나 요지를 정확하게 파악할 수 있다.",,ncic_2022_eng_level_1398
35214,[12영Ⅰ-01-02],achievement_level,B,"다양한 유형과 일반적 주제의 길고 복잡한 말이나 글에서 배경지식, 맥락 정보, 사실 정보를 활용하여 주제나 요지를 비교적 정확하게 파악할 수 있다.",,ncic_2022_eng_level_1398
35215,[12영Ⅰ-01-02],achievement_level,C,다양한 유형과 일반적 주제의 말이나 글에서 맥락 정보와 사실 정보를 활용하여 주제나 요지를 대략적으로 파악할 수 있다.,,ncic_2022_eng_level_1398
35216,[12영Ⅰ-01-02],achievement_level,D,다양한 유형과 일반적 주제의 말이나 글에서 맥락 정보와 사실 정보를 활용하여 주제나 요지를 부분적으로 파악할 수 있다.,,ncic_2022_eng_level_1398
35217,[12영Ⅰ-01-02],achievement_level,E,다양한 유형과 일반적 주제의 짧고 간단한 말이나 글에서 사실 정보를 활용하여 주제나 요지를 제한적으로 파악할 수 있다.,,ncic_2022_eng_level_1398
35218,[12영Ⅰ-02-03],achievement_level,A,상대방을 배려하고 존중하는 태도를 적극적으로 보이며 다양하고 적절한 어휘와 언어 형식을 활용하여 자신의 의견이나 감정을 명확하게 표현할 수 있다.,,ncic_2022_eng_level_1398
35219,[12영Ⅰ-02-03],achievement_level,B,상대방을 배려하고 존중하는 태도를 적극적으로 보이며 다양하고 적절한 어휘와 언어 형식을 활용하여 자신의 의견이나 감정을 비교적 명확하게 표현할 수 있다.,,ncic_2022_eng_level_1398
35220,[12영Ⅰ-02-03],achievement_level,C,상대방을 배려하고 존중하는 태도를 비교적 적극적으로 보이며 적절한 어휘와 언어 형식을 활용하여 자신의 의견이나 감정을 대략적으로 표현할 수 있다.,,ncic_2022_eng_level_1398
35221,[12영Ⅰ-02-03],achievement_level,D,상대방을 배려하고 존중하는 태도를 비교적 적극적으로 보이며 적절한 어휘와 언어 형식을 활용하여 자신의 의견이나 감정을 부분적으로 표현할 수 있다.,,ncic_2022_eng_level_1398
35222,[12영Ⅰ-02-03],achievement_level,E,상대방을 배려하고 존중하려고 노력하는 태도를 보이며 주어진 어휘와 언어 형식을 활용하여 자신의 의견이나 감정을 제한적으로 표현할 수 있다.,,ncic_2022_eng_level_1398
35223,[12영Ⅰ-02-01],achievement_level,A,다양한 유형과 일반적 주제에 대한 사실적 정보를 다양하고 적절한 어휘와 언어 형식을 활용하여 말이나 글로 정확하게 설명할 수 있다.,,ncic_2022_eng_level_1398
35224,[12영Ⅰ-02-01],achievement_level,B,다양한 유형과 일반적 주제에 대한 사실적 정보를 다양하고 적절한 어휘와 언어 형식을 활용하여 말이나 글로 비교적 정확하게 설명할 수 있다.,,ncic_2022_eng_level_1398
35225,[12영Ⅰ-02-01],achievement_level,C,다양한 유형과 일반적 주제에 대한 사실적 정보를 적절한 어휘와 언어 형식을 활용하여 말이나 글로 대략적으로 설명할 수 있다.,,ncic_2022_eng_level_1398
35226,[12영Ⅰ-02-01],achievement_level,D,다양한 유형과 일반적 주제에 대한 사실적 정보를 적절한 어휘와 언어 형식을 활용하여 말이나 글로 부분적으로 설명할 수 있다.,,ncic_2022_eng_level_1398
35227,[12영Ⅰ-02-01],achievement_level,E,다양한 유형과 일반적 주제에 대한 사실적 정보를 주어진 어휘와 언어 형식을 활용하여 말이나 글로 제한적으로 설명할 수 있다.,,ncic_2022_eng_level_1398
35233,[12영Ⅰ-02-08],achievement_level,A,말하기나 쓰기 과업을 수행할 때 협력적이고 능동적인 태도를 보인다.,,ncic_2022_eng_level_1398
35234,[12영Ⅰ-02-08],achievement_level,C,말하기나 쓰기 과업을 수행할 때 비교적 협력적이고 능동적인 태도를 보인다.,,ncic_2022_eng_level_1398
35235,[12영Ⅰ-02-08],achievement_level,E,말하기나 쓰기 과업을 수행할 때 협력적이고 능동적이려고 노력하는 태도를 보인다.,,ncic_2022_eng_level_1398
35236,[12영Ⅰ-01-04],achievement_level,A,"다양한 유형과 일반적 주제의 길고 복잡한 말이나 글에서 배경지식, 맥락 정보, 사실 정보를 활용하여 일이나 사건의 논리적 관계를 정확하게 파악할 수 있다.",,ncic_2022_eng_level_1398
35237,[12영Ⅰ-01-04],achievement_level,B,"다양한 유형과 일반적 주제의 길고 복잡한 말이나 글에서 배경지식, 맥락 정보, 사실 정보를 활용하여 일이나 사건의 논리적 관계를 비교적 정확하게 파악할 수 있다.",,ncic_2022_eng_level_1398
35238,[12영Ⅰ-01-04],achievement_level,C,다양한 유형과 일반적 주제의 말이나 글에서 맥락 정보와 사실 정보를 활용하여 일이나 사건의 논리적 관계를 대략적으로 파악할 수 있다.,,ncic_2022_eng_level_1398
35239,[12영Ⅰ-01-04],achievement_level,D,다양한 유형과 일반적 주제의 말이나 글에서 맥락 정보와 사실 정보를 활용하여 일이나 사건의 논리적 관계를 부분적으로 파악할 수 있다.,,ncic_2022_eng_level_1398
35240,[12영Ⅰ-01-04],achievement_level,E,다양한 유형과 일반적 주제의 짧고 간단한 말이나 글에서 사실 정보를 활용하여 일이나 사건의 논리적 관계를 제한적으로 파악할 수 있다.,,ncic_2022_eng_level_1398
35241,[12영Ⅰ-02-02],achievement_level,A,경험이나 계획 또는 일이나 사건을 다양하고 적절한 어휘와 언어 형식을 활용하여 말이나 글로 정확하게 설명할 수 있다.,,ncic_2022_eng_level_1398
35242,[12영Ⅰ-02-02],achievement_level,B,경험이나 계획 또는 일이나 사건을 다양하고 적절한 어휘와 언어 형식을 활용하여 말이나 글로 비교적 정확하게 설명할 수 있다.,,ncic_2022_eng_level_1398
35243,[12영Ⅰ-02-02],achievement_level,C,경험이나 계획 또는 일이나 사건을 적절한 어휘와 언어 형식을 활용하여 말이나 글로 대략적으로 설명할 수 있다.,,ncic_2022_eng_level_1398
35244,[12영Ⅰ-02-02],achievement_level,D,경험이나 계획 또는 일이나 사건을 적절한 어휘와 언어 형식을 활용하여 말이나 글로 부분적으로 설명할 수 있다.,,ncic_2022_eng_level_1398
35245,[12영Ⅰ-02-02],achievement_level,E,경험이나 계획 또는 일이나 사건을 주어진 어휘와 언어 형식을 활용하여 말이나 글로 제한적으로 설명할 수 있다.,,ncic_2022_eng_level_1398
35246,[12영Ⅰ-02-06],achievement_level,A,글의 구조나 내용 및 표현을 점검하고 쓰기 윤리를 엄격하게 준수하여 정확하게 고쳐 쓸 수 있다.,,ncic_2022_eng_level_1398
35247,[12영Ⅰ-02-06],achievement_level,B,글의 구조나 내용 및 표현을 점검하고 쓰기 윤리를 엄격하게 준수하여 비교적 정확하게 고쳐 쓸 수 있다.,,ncic_2022_eng_level_1398
35248,[12영Ⅰ-02-06],achievement_level,C,글의 구조나 내용 및 표현을 점검하고 쓰기 윤리를 비교적 엄격하게 준수하여 대략적으로 고쳐 쓸 수 있다.,,ncic_2022_eng_level_1398
35249,[12영Ⅰ-02-06],achievement_level,D,글의 구조나 내용 및 표현을 점검하고 쓰기 윤리를 비교적 엄격하게 준수하여 부분적으로 고쳐 쓸 수 있다.,,ncic_2022_eng_level_1398
35250,[12영Ⅰ-02-06],achievement_level,E,글의 구조나 내용 및 표현을 점검하고 쓰기 윤리를 준수하려고 노력하며 제한적으로 고쳐 쓸 수 있다.,,ncic_2022_eng_level_1398
35251,[12영Ⅰ-02-07],achievement_level,A,다양한 매체와 적절한 전략을 효과적으로 활용하여 정보를 창의적으로 전달할 수 있다.,,ncic_2022_eng_level_1398
35252,[12영Ⅰ-02-07],achievement_level,B,다양한 매체와 적절한 전략을 비교적 효과적으로 활용하여 정보를 비교적 창의적으로 전달할 수 있다.,,ncic_2022_eng_level_1398
35253,[12영Ⅰ-02-07],achievement_level,C,다양한 매체와 적절한 전략을 대략적으로 활용하여 정보를 어느 정도 창의적으로 전달할 수 있다.,,ncic_2022_eng_level_1398
35254,[12영Ⅰ-02-07],achievement_level,D,다양한 매체와 적절한 전략을 부분적으로 활용하여 정보를 부분적으로 창의적으로 전달할 수 있다.,,ncic_2022_eng_level_1398
35255,[12영Ⅰ-02-07],achievement_level,E,다양한 매체와 적절한 전략을 제한적으로 활용하여 정보를 다소 창의적으로 전달할 수 있다.,,ncic_2022_eng_level_1398
35337,[12영Ⅱ-01-04],achievement_level,A,"다양한 유형과 주제의 길고 복잡한 말이나 글에서 배경지식, 맥락 정보, 사실 정보를 활용하여 일이나 사건의 논리적 관계를 정확하게 추론할 수 있다.",,ncic_2022_eng_level_1398
35338,[12영Ⅱ-01-04],achievement_level,B,"다양한 유형과 주제의 길고 복잡한 말이나 글에서 배경지식, 맥락 정보, 사실 정보를 활용하여 일이나 사건의 논리적 관계를 비교적 정확하게 추론할 수 있다.",,ncic_2022_eng_level_1398
35339,[12영Ⅱ-01-04],achievement_level,C,다양한 유형과 주제의 말이나 글에서 맥락 정보와 사실 정보를 활용하여 일이나 사건의 논리적 관계를 대략적으로 추론할 수 있다.,,ncic_2022_eng_level_1398
35340,[12영Ⅱ-01-04],achievement_level,D,다양한 유형과 주제의 말이나 글에서 맥락 정보와 사실 정보를 활용하여 일이나 사건의 논리적 관계를 부분적으로 추론할 수 있다.,,ncic_2022_eng_level_1398
35341,[12영Ⅱ-01-04],achievement_level,E,다양한 유형과 주제의 짧고 간단한 말이나 글에서 사실 정보를 활용하여 일이나 사건의 논리적 관계를 제한적으로 추론할 수 있다.,,ncic_2022_eng_level_1398
35347,[12영Ⅱ-01-06],achievement_level,A,"다양한 유형과 주제의 길고 복잡한 말이나 글에서 배경지식, 맥락 정보, 사실 정보를 활용하여 말이나 글의 전개 방식이나 구조를 정확하게 파악할 수 있다.",,ncic_2022_eng_level_1398
35348,[12영Ⅱ-01-06],achievement_level,B,"다양한 유형과 주제의 길고 복잡한 말이나 글에서 배경지식, 맥락 정보, 사실 정보를 활용하여 말이나 글의 전개 방식이나 구조를 비교적 정확하게 파악할 수 있다.",,ncic_2022_eng_level_1398
35349,[12영Ⅱ-01-06],achievement_level,C,다양한 유형과 주제의 말이나 글에서 맥락 정보와 사실 정보를 활용하여 말이나 글의 전개 방식이나 구조를 대략적으로 파악할 수 있다.,,ncic_2022_eng_level_1398
35350,[12영Ⅱ-01-06],achievement_level,D,다양한 유형과 주제의 말이나 글에서 맥락 정보와 사실 정보를 활용하여 말이나 글의 전개 방식이나 구조를 부분적으로 파악할 수 있다.,,ncic_2022_eng_level_1398
35351,[12영Ⅱ-01-06],achievement_level,E,다양한 유형과 주제의 짧고 간단한 말이나 글에서 사실 정보를 활용하여 말이나 글의 전개 방식이나 구조를 제한적으로 파악할 수 있다.,,ncic_2022_eng_level_1398
35352,[12영Ⅱ-02-04],achievement_level,A,다양한 유형과 주제의 길고 복잡한 말이나 글에서 듣거나 읽은 내용을 다양하고 적절한 어휘와 언어 형식을 활용하여 정확하게 재구성하여 요약할 수 있다.,,ncic_2022_eng_level_1398
35353,[12영Ⅱ-02-04],achievement_level,B,다양한 유형과 주제의 길고 복잡한 말이나 글에서 듣거나 읽은 내용을 다양하고 적절한 어휘와 언어 형식을 활용하여 비교적 정확하게 재구성하여 요약할 수 있다.,,ncic_2022_eng_level_1398
35354,[12영Ⅱ-02-04],achievement_level,C,다양한 유형과 주제의 말이나 글에서 듣거나 읽은 내용을 적절한 어휘와 언어 형식을 활용하여 대략적으로 재구성하여 요약할 수 있다.,,ncic_2022_eng_level_1398
35355,[12영Ⅱ-02-04],achievement_level,D,다양한 유형과 주제의 말이나 글에서 듣거나 읽은 내용을 적절한 어휘와 언어 형식을 활용하여 부분적으로 재구성하여 요약할 수 있다.,,ncic_2022_eng_level_1398
35356,[12영Ⅱ-02-04],achievement_level,E,다양한 유형과 주제의 짧고 간단한 말이나 글에서 듣거나 읽은 내용을 주어진 어휘와 언어 형식을 활용하여 제한적으로 재구성하여 요약할 수 있다.,,ncic_2022_eng_level_1398
35377,[12영Ⅱ-01-05],achievement_level,A,다양한 유형과 주제의 길고 복잡한 말이나 글의 맥락을 바탕으로 함축된 의미를 정확하게 추론할 수 있다.,,ncic_2022_eng_level_1398
35378,[12영Ⅱ-01-05],achievement_level,B,다양한 유형과 주제의 길고 복잡한 말이나 글의 맥락을 바탕으로 함축된 의미를 비교적 정확하게 추론할 수 있다.,,ncic_2022_eng_level_1398
35379,[12영Ⅱ-01-05],achievement_level,C,다양한 유형과 주제의 말이나 글의 맥락을 바탕으로 함축된 의미를 대략적으로 추론할 수 있다.,,ncic_2022_eng_level_1398
35380,[12영Ⅱ-01-05],achievement_level,D,다양한 유형과 주제의 말이나 글의 맥락을 바탕으로 함축된 의미를 부분적으로 추론할 수 있다.,,ncic_2022_eng_level_1398
35381,[12영Ⅱ-01-05],achievement_level,E,다양한 유형과 주제의 짧고 간단한 말이나 글의 맥락을 바탕으로 함축된 의미를 제한적으로 추론할 수 있다.,,ncic_2022_eng_level_1398
35382,[12영Ⅱ-02-01],achievement_level,A,다양한 유형과 주제에 대한 사실적 정보를 다양하고 적절한 어휘와 언어 형식을 활용하여 말이나 글로 정확하게 설명할 수 있다.,,ncic_2022_eng_level_1398
35383,[12영Ⅱ-02-01],achievement_level,B,다양한 유형과 주제에 대한 사실적 정보를 다양하고 적절한 어휘와 언어 형식을 활용하여 말이나 글로 비교적 정확하게 설명할 수 있다.,,ncic_2022_eng_level_1398
35384,[12영Ⅱ-02-01],achievement_level,C,다양한 유형과 주제에 대한 사실적 정보를 적절한 어휘와 언어 형식을 활용하여 말이나 글로 대략적으로 설명할 수 있다.,,ncic_2022_eng_level_1398
35385,[12영Ⅱ-02-01],achievement_level,D,다양한 유형과 주제에 대한 사실적 정보를 적절한 어휘와 언어 형식을 활용하여 말이나 글로 부분적으로 설명할 수 있다.,,ncic_2022_eng_level_1398
35386,[12영Ⅱ-02-01],achievement_level,E,다양한 유형과 주제에 대한 사실적 정보를 주어진 어휘와 언어 형식을 활용하여 말이나 글로 제한적으로 설명할 수 있다.,,ncic_2022_eng_level_1398
35397,[12영Ⅱ-02-07],achievement_level,A,글을 쓰는 과정에서 글의 내용과 형식을 점검하고 쓰기 윤리를 엄격하게 준수하여 정확하게 고쳐 쓸 수 있다.,,ncic_2022_eng_level_1398
35398,[12영Ⅱ-02-07],achievement_level,B,글을 쓰는 과정에서 글의 내용과 형식을 점검하고 쓰기 윤리를 엄격하게 준수하여 비교적 정확하게 고쳐 쓸 수 있다.,,ncic_2022_eng_level_1398
35399,[12영Ⅱ-02-07],achievement_level,C,글을 쓰는 과정에서 글의 내용과 형식을 점검하고 쓰기 윤리를 비교적 엄격하게 준수하여 대략적으로 고쳐 쓸 수 있다.,,ncic_2022_eng_level_1398
35400,[12영Ⅱ-02-07],achievement_level,D,글을 쓰는 과정에서 글의 내용과 형식을 점검하고 쓰기 윤리를 비교적 엄격하게 준수하여 부분적으로 고쳐 쓸 수 있다.,,ncic_2022_eng_level_1398
35401,[12영Ⅱ-02-07],achievement_level,E,글을 쓰는 과정에서 글의 내용과 형식을 점검하고 쓰기 윤리를 준수하려고 노력하며 제한적으로 고쳐 쓸 수 있다.,,ncic_2022_eng_level_1398
35410,[12영Ⅱ-01-07],achievement_level,A,적절한 전략을 효과적으로 적용하여 다양한 매체 자료의 말이나 글을 정확하게 이해할 수 있다.,,ncic_2022_eng_level_1398
35411,[12영Ⅱ-01-07],achievement_level,B,적절한 전략을 비교적 효과적으로 적용하여 다양한 매체 자료의 말이나 글을 비교적 정확하게 이해할 수 있다.,,ncic_2022_eng_level_1398
35412,[12영Ⅱ-01-07],achievement_level,C,적절한 전략을 대략적으로 적용하여 다양한 매체 자료의 말이나 글을 대략적으로 이해할 수 있다.,,ncic_2022_eng_level_1398
35413,[12영Ⅱ-01-07],achievement_level,D,적절한 전략을 부분적으로 적용하여 다양한 매체 자료의 말이나 글을 부분적으로 이해할 수 있다.,,ncic_2022_eng_level_1398
35414,[12영Ⅱ-01-07],achievement_level,E,적절한 전략을 제한적으로 적용하여 다양한 매체 자료의 말이나 글을 제한적으로 이해할 수 있다.,,ncic_2022_eng_level_1398
35420,[12영Ⅱ-01-03],achievement_level,A,"다양한 유형과 주제의 길고 복잡한 말이나 글에서 배경지식, 맥락 정보, 사실 정보를 활용하여 화자, 필자, 인물 등의 심정이나 의도를 정확하게 추론할 수 있다.",,ncic_2022_eng_level_1398
35421,[12영Ⅱ-01-03],achievement_level,B,"다양한 유형과 주제의 길고 복잡한 말이나 글에서 배경지식, 맥락 정보, 사실 정보를 활용하여 화자, 필자, 인물 등의 심정이나 의도를 비교적 정확하게 추론할 수 있다.",,ncic_2022_eng_level_1398
35422,[12영Ⅱ-01-03],achievement_level,C,"다양한 유형과 주제의 말이나 글에서 맥락 정보와 사실 정보를 활용하여 화자, 필자, 인물 등의 심정이나 의도를 대략적으로 추론할 수 있다.",,ncic_2022_eng_level_1398
35423,[12영Ⅱ-01-03],achievement_level,D,"다양한 유형과 주제의 말이나 글에서 맥락 정보와 사실 정보를 활용하여 화자, 필자, 인물 등의 심정이나 의도를 부분적으로 추론할 수 있다.",,ncic_2022_eng_level_1398
35424,[12영Ⅱ-01-03],achievement_level,E,"다양한 유형과 주제의 짧고 간단한 말이나 글에서 사실 정보를 활용하여 화자, 필자, 인물 등의 심정이나 의도를 제한적으로 추론할 수 있다.",,ncic_2022_eng_level_1398
35425,[12영Ⅱ-02-02],achievement_level,A,지식과 경험을 바탕으로 자신의 감상이나 느낌을 다양하고 적절한 어휘와 언어 형식을 활용하여 명확하게 표현할 수 있다.,,ncic_2022_eng_level_1398
35426,[12영Ⅱ-02-02],achievement_level,B,지식과 경험을 바탕으로 자신의 감상이나 느낌을 다양하고 적절한 어휘와 언어 형식을 활용하여 비교적 명확하게 표현할 수 있다.,,ncic_2022_eng_level_1398
35427,[12영Ⅱ-02-02],achievement_level,C,지식과 경험을 바탕으로 자신의 감상이나 느낌을 적절한 어휘와 언어 형식을 활용하여 대략적으로 표현할 수 있다.,,ncic_2022_eng_level_1398
35428,[12영Ⅱ-02-02],achievement_level,D,지식과 경험을 바탕으로 자신의 감상이나 느낌을 적절한 어휘와 언어 형식을 활용하여 부분적으로 표현할 수 있다.,,ncic_2022_eng_level_1398
35429,[12영Ⅱ-02-02],achievement_level,E,지식과 경험을 바탕으로 자신의 감상이나 느낌을 주어진 어휘와 언어 형식을 활용하여 제한적으로 표현할 수 있다.,,ncic_2022_eng_level_1398
35430,[12영Ⅱ-02-05],achievement_level,A,적절한 전략을 효과적으로 활용하여 논리적으로 대상을 설득할 수 있다.,,ncic_2022_eng_level_1398
35431,[12영Ⅱ-02-05],achievement_level,B,적절한 전략을 비교적 효과적으로 활용하여 논리적으로 대상을 설득할 수 있다.,,ncic_2022_eng_level_1398
35432,[12영Ⅱ-02-05],achievement_level,C,적절한 전략을 대략적으로 활용하여 비교적 논리적으로 대상을 설득할 수 있다.,,ncic_2022_eng_level_1398
35433,[12영Ⅱ-02-05],achievement_level,D,적절한 전략을 부분적으로 활용하여 비교적 논리적으로 대상을 설득할 수 있다.,,ncic_2022_eng_level_1398
35434,[12영Ⅱ-02-05],achievement_level,E,적절한 전략을 제한적으로 활용하여 다소 논리적으로 대상을 설득할 수 있다.,,ncic_2022_eng_level_1398
35435,[12영Ⅱ-02-08],achievement_level,A,다양한 매체를 활용하여 다양하고 적절한 어휘와 언어 형식으로 정보를 창의적이고 효과적으로 전달할 수 있다.,,ncic_2022_eng_level_1398
35436,[12영Ⅱ-02-08],achievement_level,B,다양한 매체를 활용하여 다양하고 적절한 어휘와 언어 형식으로 정보를 비교적 창의적이고 효과적으로 전달할 수 있다.,,ncic_2022_eng_level_1398
35437,[12영Ⅱ-02-08],achievement_level,C,다양한 매체를 활용하여 적절한 어휘와 언어 형식으로 정보를 어느 정도 창의적이고 효과적으로 전달할 수 있다.,,ncic_2022_eng_level_1398
35438,[12영Ⅱ-02-08],achievement_level,D,다양한 매체를 활용하여 적절한 어휘와 언어 형식으로 정보를 부분적으로 창의적이고 효과적으로 전달할 수 있다.,,ncic_2022_eng_level_1398
35439,[12영Ⅱ-02-08],achievement_level,E,다양한 매체를 활용하여 주어진 어휘와 언어 형식으로 정보를 다소 창의적이고 효과적으로 전달할 수 있다.,,ncic_2022_eng_level_1398
35448,[12영Ⅱ-01-02],achievement_level,A,다양한 유형의 길고 복잡한 말이나 글에 포함된 표현의 함축적 의미를 사실 정보와 맥락 정보를 활용하여 정확하게 추론할 수 있다.,,ncic_2022_eng_level_1398
35449,[12영Ⅱ-01-02],achievement_level,B,다양한 유형의 길고 복잡한 말이나 글에 포함된 표현의 함축적 의미를 사실 정보와 맥락 정보를 활용하여 비교적 정확하게 추론할 수 있다.,,ncic_2022_eng_level_1398
35450,[12영Ⅱ-01-02],achievement_level,C,다양한 유형의 말이나 글에 포함된 표현의 함축적 의미를 사실 정보를 활용하여 대략적으로 추론할 수 있다.,,ncic_2022_eng_level_1398
35451,[12영Ⅱ-01-02],achievement_level,D,다양한 유형의 말이나 글에 포함된 표현의 함축적 의미를 사실 정보를 활용하여 부분적으로 추론할 수 있다.,,ncic_2022_eng_level_1398
35452,[12영Ⅱ-01-02],achievement_level,E,다양한 유형의 짧고 간단한 말이나 글에 포함된 표현의 함축적 의미를 단순한 사실 정보를 활용하여 제한적으로 추론할 수 있다.,,ncic_2022_eng_level_1398
35453,[12영Ⅱ-01-08],achievement_level,A,다양한 문화와 관점을 적극적으로 포용하고 공감하는 태도를 보인다.,,ncic_2022_eng_level_1398
35454,[12영Ⅱ-01-08],achievement_level,C,다양한 문화와 관점을 비교적 적극적으로 포용하고 공감하는 태도를 보인다.,,ncic_2022_eng_level_1398
35455,[12영Ⅱ-01-08],achievement_level,E,다양한 문화와 관점을 포용하며 공감하려고 노력하는 태도를 보인다.,,ncic_2022_eng_level_1398
35456,[12영Ⅱ-02-03],achievement_level,A,상대방을 배려하고 존중하는 태도를 적극적으로 보이며 다양하고 적절한 어휘와 언어 형식을 활용하여 자신의 의견이나 주장을 명확하게 제시할 수 있다.,,ncic_2022_eng_level_1398
35457,[12영Ⅱ-02-03],achievement_level,B,상대방을 배려하고 존중하는 태도를 적극적으로 보이며 다양하고 적절한 어휘와 언어 형식을 활용하여 자신의 의견이나 주장을 비교적 명확하게 제시할 수 있다.,,ncic_2022_eng_level_1398
35458,[12영Ⅱ-02-03],achievement_level,C,상대방을 배려하고 존중하는 태도를 비교적 적극적으로 보이며 적절한 어휘와 언어 형식을 활용하여 자신의 의견이나 주장을 대략적으로 제시할 수 있다.,,ncic_2022_eng_level_1398
35459,[12영Ⅱ-02-03],achievement_level,D,상대방을 배려하고 존중하는 태도를 비교적 적극적으로 보이며 적절한 어휘와 언어 형식을 활용하여 자신의 의견이나 주장을 부분적으로 제시할 수 있다.,,ncic_2022_eng_level_1398
35460,[12영Ⅱ-02-03],achievement_level,E,상대방을 배려하고 존중하려고 노력하는 태도를 보이며 주어진 어휘와 언어 형식을 활용하여 자신의 의견이나 주장을 제한적으로 제시할 수 있다.,,ncic_2022_eng_level_1398
35461,[12영Ⅱ-02-06],achievement_level,A,"자기소개서, 이력서, 보고서 등의 서식을 다양하고 적절한 어휘와 언어 형식을 활용하여 목적에 맞게 정확하게 작성할 수 있다.",,ncic_2022_eng_level_1398
35462,[12영Ⅱ-02-06],achievement_level,B,"자기소개서, 이력서, 보고서 등의 서식을 다양하고 적절한 어휘와 언어 형식을 활용하여 목적에 맞게 비교적 정확하게 작성할 수 있다.",,ncic_2022_eng_level_1398
35463,[12영Ⅱ-02-06],achievement_level,C,"자기소개서, 이력서, 보고서 등의 서식을 적절한 어휘와 언어 형식을 활용하여 목적에 맞게 대략적으로 작성할 수 있다.",,ncic_2022_eng_level_1398
35464,[12영Ⅱ-02-06],achievement_level,D,"자기소개서, 이력서, 보고서 등의 서식을 적절한 어휘와 언어 형식을 활용하여 목적에 맞게 부분적으로 작성할 수 있다.",,ncic_2022_eng_level_1398
35465,[12영Ⅱ-02-06],achievement_level,E,"자기소개서, 이력서, 보고서 등의 서식을 주어진 어휘와 언어 형식을 활용하여 목적에 맞게 제한적으로 작성할 수 있다.",,ncic_2022_eng_level_1398
35466,[12영Ⅱ-02-09],achievement_level,A,원활한 의견 교환을 위해 의사소통 활동에 협력적이고 능동적으로 참여한다.,,ncic_2022_eng_level_1398
35467,[12영Ⅱ-02-09],achievement_level,C,원활한 의견 교환을 위해 의사소통 활동에 비교적 협력적이고 능동적으로 참여한다.,,ncic_2022_eng_level_1398
35468,[12영Ⅱ-02-09],achievement_level,E,원활한 의견 교환을 위해 의사소통 활동에 협력적이고 능동적으로 참여하려고 노력한다.,,ncic_2022_eng_level_1398
35562,[12영독01-07],achievement_level,A,"다양한 유형과 주제의 길고 복잡한 글에서 다양한 매체로 표현된 정보를 배경지식, 맥락 정보, 사실 정보를 활용하여 정확하게 파악할 수 있다.",,ncic_2022_eng_level_1398
35563,[12영독01-07],achievement_level,B,"다양한 유형과 주제의 길고 복잡한 글에서 다양한 매체로 표현된 정보를 배경지식, 맥락 정보, 사실 정보를 활용하여 비교적 정확하게 파악할 수 있다.",,ncic_2022_eng_level_1398
35564,[12영독01-07],achievement_level,C,다양한 유형과 주제의 글에서 다양한 매체로 표현된 정보를 맥락 정보와 사실 정보를 활용하여 대략적으로 파악할 수 있다.,,ncic_2022_eng_level_1398
35565,[12영독01-07],achievement_level,D,다양한 유형과 주제의 글에서 다양한 매체로 표현된 정보를 맥락 정보와 사실 정보를 활용하여 부분적으로 파악할 수 있다.,,ncic_2022_eng_level_1398
35566,[12영독01-07],achievement_level,E,다양한 유형과 주제의 짧고 간단한 글에서 다양한 매체로 표현된 정보를 사실 정보를 활용하여 제한적으로 파악할 수 있다.,,ncic_2022_eng_level_1398
35572,[12영독01-03],achievement_level,A,"다양한 유형과 주제의 길고 복잡한 글에서 배경지식, 맥락 정보, 사실 정보를 활용하여 화자나 필자의 심정이나 의도를 정확하게 추론할 수 있다.",,ncic_2022_eng_level_1398
35573,[12영독01-03],achievement_level,B,"다양한 유형과 주제의 길고 복잡한 글에서 배경지식, 맥락 정보, 사실 정보를 활용하여 화자나 필자의 심정이나 의도를 비교적 정확하게 추론할 수 있다.",,ncic_2022_eng_level_1398
35574,[12영독01-03],achievement_level,C,다양한 유형과 주제의 글에서 맥락 정보와 사실 정보를 활용하여 화자나 필자의 심정이나 의도를 대략적으로 추론할 수 있다.,,ncic_2022_eng_level_1398
35575,[12영독01-03],achievement_level,D,다양한 유형과 주제의 글에서 맥락 정보와 사실 정보를 활용하여 화자나 필자의 심정이나 의도를 부분적으로 추론할 수 있다.,,ncic_2022_eng_level_1398
35576,[12영독01-03],achievement_level,E,다양한 유형과 주제의 짧고 간단한 글에서 사실 정보를 활용하여 화자나 필자의 심정이나 의도를 제한적으로 추론할 수 있다.,,ncic_2022_eng_level_1398
35592,[12영독01-05],achievement_level,A,다양한 유형과 주제의 길고 복잡한 글에서 글의 맥락과 배경지식을 활용하여 함축적 의미를 정확하게 추론할 수 있다.,,ncic_2022_eng_level_1398
35593,[12영독01-05],achievement_level,B,다양한 유형과 주제의 길고 복잡한 글에서 글의 맥락과 배경지식을 활용하여 함축적 의미를 비교적 정확하게 추론할 수 있다.,,ncic_2022_eng_level_1398
35594,[12영독01-05],achievement_level,C,다양한 유형과 주제의 글에서 글의 맥락과 배경지식을 활용하여 함축적 의미를 대략적으로 추론할 수 있다.,,ncic_2022_eng_level_1398
35595,[12영독01-05],achievement_level,D,다양한 유형과 주제의 글에서 글의 맥락과 배경지식을 활용하여 함축적 의미를 부분적으로 추론할 수 있다.,,ncic_2022_eng_level_1398
35596,[12영독01-05],achievement_level,E,다양한 유형과 주제의 짧고 간단한 글에서 글의 맥락과 배경지식을 활용하여 함축적 의미를 제한적으로 추론할 수 있다.,,ncic_2022_eng_level_1398
35597,[12영독02-01],achievement_level,A,다양한 주제에 대한 사실적 정보를 다양하고 적절한 어휘와 언어 형식을 활용하여 글로 정확하게 설명할 수 있다.,,ncic_2022_eng_level_1398
35598,[12영독02-01],achievement_level,B,다양한 주제에 대한 사실적 정보를 다양하고 적절한 어휘와 언어 형식을 활용하여 글로 비교적 정확하게 설명할 수 있다.,,ncic_2022_eng_level_1398
35599,[12영독02-01],achievement_level,C,다양한 주제에 대한 사실적 정보를 적절한 어휘와 언어 형식을 활용하여 글로 대략적으로 설명할 수 있다.,,ncic_2022_eng_level_1398
35600,[12영독02-01],achievement_level,D,다양한 주제에 대한 사실적 정보를 적절한 어휘와 언어 형식을 활용하여 글로 부분적으로 설명할 수 있다.,,ncic_2022_eng_level_1398
35601,[12영독02-01],achievement_level,E,다양한 주제에 대한 사실적 정보를 주어진 어휘와 언어 형식을 활용하여 글로 제한적으로 설명할 수 있다. 평가 과제 밑줄 친 부분이 글에서 의미하는 바를 한 문장으로 작성하기,,ncic_2022_eng_level_1398
35602,[12영독01-08],achievement_level,A,다양한 의견과 문화에 대해 공감적 이해와 포용적 태도를 적극적으로 보인다.,,ncic_2022_eng_level_1398
35603,[12영독01-08],achievement_level,C,다양한 의견과 문화에 대해 공감적 이해와 포용적 태도를 비교적 적극적으로 보인다.,,ncic_2022_eng_level_1398
35604,[12영독01-08],achievement_level,E,다양한 의견과 문화에 대해 공감적으로 이해하고 포용하려고 노력하는 태도를 보인다.,,ncic_2022_eng_level_1398
35615,[12영독02-05],achievement_level,A,"다양하고 적절한 어휘와 언어 형식을 활용하여 자기소개서, 이력서, 이메일 등의 서식을 목적과 형식에 맞게 정확하게 작성할 수 있다.",,ncic_2022_eng_level_1398
35616,[12영독02-05],achievement_level,B,"다양하고 적절한 어휘와 언어 형식을 활용하여 자기소개서, 이력서, 이메일 등의 서식을 목적과 형식에 맞게 비교적 정확하게 작성할 수 있다.",,ncic_2022_eng_level_1398
35617,[12영독02-05],achievement_level,C,"적절한 어휘와 언어 형식을 활용하여 자기소개서, 이력서, 이메일 등의 서식을 목적과 형식에 맞게 대략적으로 작성할 수 있다.",,ncic_2022_eng_level_1398
35618,[12영독02-05],achievement_level,D,"적절한 어휘와 언어 형식을 활용하여 자기소개서, 이력서, 이메일 등의 서식을 목적과 형식에 맞게 부분적으로 작성할 수 있다.",,ncic_2022_eng_level_1398
35619,[12영독02-05],achievement_level,E,"주어진 어휘와 언어 형식을 활용하여 자기소개서, 이력서, 이메일 등의 서식을 목적과 형식에 맞게 제한적으로 작성할 수 있다. 평가 과제 지역사회의 문제 해결을 요청하는 이메일 작성하기",,ncic_2022_eng_level_1398
35630,[12영독01-06],achievement_level,A,"다양한 유형과 주제의 길고 복잡한 글에서 배경지식, 맥락 정보, 사실 정보를 활용하여 글의 전개 방식이나 구조를 정확하게 파악할 수 있다.",,ncic_2022_eng_level_1398
35631,[12영독01-06],achievement_level,B,"다양한 유형과 주제의 길고 복잡한 글에서 배경지식, 맥락 정보, 사실 정보를 활용하여 글의 전개 방식이나 구조를 비교적 정확하게 파악할 수 있다.",,ncic_2022_eng_level_1398
35632,[12영독01-06],achievement_level,C,다양한 유형과 주제의 글에서 맥락 정보와 사실 정보를 활용하여 글의 전개 방식이나 구조를 대략적으로 파악할 수 있다.,,ncic_2022_eng_level_1398
35633,[12영독01-06],achievement_level,D,다양한 유형과 주제의 글에서 맥락 정보와 사실 정보를 활용하여 글의 전개 방식이나 구조를 부분적으로 파악할 수 있다.,,ncic_2022_eng_level_1398
35634,[12영독01-06],achievement_level,E,다양한 유형과 주제의 짧고 간단한 글에서 사실 정보를 활용하여 글의 전개 방식이나 구조를 제한적으로 파악할 수 있다.,,ncic_2022_eng_level_1398
35640,[12영독02-04],achievement_level,A,다양한 유형과 주제의 길고 복잡한 글에서 읽은 내용을 다양하고 적절한 어휘와 언어 형식을 활용하여 정확하게 재구성하여 요약할 수 있다.,,ncic_2022_eng_level_1398
35641,[12영독02-04],achievement_level,B,다양한 유형과 주제의 길고 복잡한 글에서 읽은 내용을 다양하고 적절한 어휘와 언어 형식을 활용하여 비교적 정확하게 재구성하여 요약할 수 있다.,,ncic_2022_eng_level_1398
35642,[12영독02-04],achievement_level,C,다양한 유형과 주제의 글에서 읽은 내용을 적절한 어휘와 언어 형식을 활용하여 대략적으로 재구성하여 요약할 수 있다.,,ncic_2022_eng_level_1398
35643,[12영독02-04],achievement_level,D,다양한 유형과 주제의 글에서 읽은 내용을 적절한 어휘와 언어 형식을 활용하여 부분적으로 재구성하여 요약할 수 있다.,,ncic_2022_eng_level_1398
35644,[12영독02-04],achievement_level,E,"다양한 유형과 주제의 짧고 간단한 글에서 읽은 내용을 주어진 어휘와 언어 형식을 활용하여 제한적으로 재구성하여 요약할 수 있다. 평가 과제 소설을 읽고 구조 파악하기, 소설 내용 요약하기, 소설 내용에 관한 자신의 의견 제시하기",,ncic_2022_eng_level_1398
35645,[12영독02-02],achievement_level,A,"자신의 경험이나 계획, 사건을 다양하고 적절한 어휘와 언어 형식을 활용하여 글로 정확하게 설명할 수 있다.",,ncic_2022_eng_level_1398
35646,[12영독02-02],achievement_level,B,"자신의 경험이나 계획, 사건을 다양하고 적절한 어휘와 언어 형식을 활용하여 글로 비교적 정확하게 설명할 수 있다.",,ncic_2022_eng_level_1398
35647,[12영독02-02],achievement_level,C,"자신의 경험이나 계획, 사건을 적절한 어휘와 언어 형식을 활용하여 글로 대략적으로 설명할 수 있다.",,ncic_2022_eng_level_1398
35648,[12영독02-02],achievement_level,D,"자신의 경험이나 계획, 사건을 적절한 어휘와 언어 형식을 활용하여 글로 부분적으로 설명할 수 있다.",,ncic_2022_eng_level_1398
35649,[12영독02-02],achievement_level,E,"자신의 경험이나 계획, 사건을 주어진 어휘와 언어 형식을 활용하여 글로 제한적으로 설명할 수 있다.",,ncic_2022_eng_level_1398
35660,[12영독01-01],achievement_level,A,"다양한 유형과 주제의 길고 복잡한 글에서 배경지식, 맥락 정보, 사실 정보를 활용하여 세부 정보를 정확하게 파악할 수 있다.",,ncic_2022_eng_level_1398
35661,[12영독01-01],achievement_level,B,"다양한 유형과 주제의 길고 복잡한 글에서 배경지식, 맥락 정보, 사실 정보를 활용하여 세부 정보를 비교적 정확하게 파악할 수 있다.",,ncic_2022_eng_level_1398
35662,[12영독01-01],achievement_level,C,다양한 유형과 주제의 글에서 맥락 정보와 사실 정보를 활용하여 세부 정보를 대략적으로 파악할 수 있다.,,ncic_2022_eng_level_1398
35663,[12영독01-01],achievement_level,D,다양한 유형과 주제의 글에서 맥락 정보와 사실 정보를 활용하여 세부 정보를 부분적으로 파악할 수 있다.,,ncic_2022_eng_level_1398
35664,[12영독01-01],achievement_level,E,다양한 유형과 주제의 짧고 간단한 글에서 사실 정보를 활용하여 세부 정보를 제한적으로 파악할 수 있다.,,ncic_2022_eng_level_1398
35665,[12영독01-09],achievement_level,A,적절한 읽기 전략을 효과적으로 적용하여 자기주도적으로 읽기 활동에 참여한다.,,ncic_2022_eng_level_1398
35666,[12영독01-09],achievement_level,B,적절한 읽기 전략을 비교적 효과적으로 적용하여 자기주도적으로 읽기 활동에 참여한다.,,ncic_2022_eng_level_1398
35667,[12영독01-09],achievement_level,C,적절한 읽기 전략을 대략적으로 적용하여 비교적 자기주도적으로 읽기 활동에 참여한다.,,ncic_2022_eng_level_1398
35668,[12영독01-09],achievement_level,D,적절한 읽기 전략을 부분적으로 적용하여 비교적 자기주도적으로 읽기 활동에 참여한다.,,ncic_2022_eng_level_1398
35669,[12영독01-09],achievement_level,E,적절한 읽기 전략을 제한적으로 적용하여 자기주도적으로 읽기 활동에 참여하려고 노력한다.,,ncic_2022_eng_level_1398
35670,[12영독02-03],achievement_level,A,적극적으로 포용하는 태도를 보이며 다양하고 적절한 어휘와 언어 형식을 활용하여 자신의 의견이나 감정을 명확하게 제시할 수 있다.,,ncic_2022_eng_level_1398
35671,[12영독02-03],achievement_level,B,적극적으로 포용하는 태도를 보이며 다양하고 적절한 어휘와 언어 형식을 활용하여 자신의 의견이나 감정을 비교적 명확하게 제시할 수 있다.,,ncic_2022_eng_level_1398
35672,[12영독02-03],achievement_level,C,비교적 적극적으로 포용하는 태도를 보이며 적절한 어휘와 언어 형식을 활용하여 자신의 의견이나 감정을 대략적으로 제시할 수 있다.,,ncic_2022_eng_level_1398
35673,[12영독02-03],achievement_level,D,비교적 적극적으로 포용하는 태도를 보이며 적절한 어휘와 언어 형식을 활용하여 자신의 의견이나 감정을 부분적으로 제시할 수 있다.,,ncic_2022_eng_level_1398
35674,[12영독02-03],achievement_level,E,포용하려고 노력하는 태도를 보이며 주어진 어휘와 언어 형식을 활용하여 자신의 의견이나 감정을 제한적으로 제시할 수 있다.,,ncic_2022_eng_level_1398
35675,[12영독02-07],achievement_level,A,다양한 매체를 활용하여 다양하고 적절한 어휘와 언어 형식으로 형식 및 목적에 맞게 정보를 정확하게 전달할 수 있다.,,ncic_2022_eng_level_1398
35676,[12영독02-07],achievement_level,B,다양한 매체를 활용하여 다양하고 적절한 어휘와 언어 형식으로 형식 및 목적에 맞게 정보를 비교적 정확하게 전달할 수 있다.,,ncic_2022_eng_level_1398
35677,[12영독02-07],achievement_level,C,다양한 매체를 활용하여 적절한 어휘와 언어 형식으로 형식 및 목적에 맞게 정보를 대략적으로 전달할 수 있다.,,ncic_2022_eng_level_1398
35678,[12영독02-07],achievement_level,D,다양한 매체를 활용하여 적절한 어휘와 언어 형식으로 형식 및 목적에 맞게 정보를 부분적으로 전달할 수 있다.,,ncic_2022_eng_level_1398
35679,[12영독02-07],achievement_level,E,다양한 매체를 활용하여 주어진 어휘와 언어 형식으로 형식 및 목적에 맞게 정보를 제한적으로 전달할 수 있다. 평가 과제 Greenwashing의 정의를 파악하고 Greenwashing으로 의심되는 광고를 찾아 이유를 작성하고 광고의 내용을 수정한다. How to Spot Greenwashing을 주제로 리플릿을 제작한다.,,ncic_2022_eng_level_1398
35680,[12영독01-02],achievement_level,A,"다양한 유형과 주제의 길고 복잡한 글에서 배경지식, 맥락 정보, 사실 정보를 활용하여 주제나 요지를 정확하게 파악할 수 있다.",,ncic_2022_eng_level_1398
35681,[12영독01-02],achievement_level,B,"다양한 유형과 주제의 길고 복잡한 글에서 배경지식, 맥락 정보, 사실 정보를 활용하여 주제나 요지를 비교적 정확하게 파악할 수 있다.",,ncic_2022_eng_level_1398
35682,[12영독01-02],achievement_level,C,다양한 유형과 주제의 글에서 맥락 정보와 사실 정보를 활용하여 주제나 요지를 대략적으로 파악할 수 있다.,,ncic_2022_eng_level_1398
35683,[12영독01-02],achievement_level,D,다양한 유형과 주제의 글에서 맥락 정보와 사실 정보를 활용하여 주제나 요지를 부분적으로 파악할 수 있다.,,ncic_2022_eng_level_1398
35684,[12영독01-02],achievement_level,E,다양한 유형과 주제의 짧고 간단한 글에서 사실 정보를 활용하여 주제나 요지를 제한적으로 파악할 수 있다.,,ncic_2022_eng_level_1398
35685,[12영독01-04],achievement_level,A,"다양한 유형과 주제의 길고 복잡한 글에서 배경지식, 맥락 정보, 사실 정보를 활용하고 글의 구조를 고려하여 내용의 논리적 관계를 정확하게 파악할 수 있다.",,ncic_2022_eng_level_1398
35686,[12영독01-04],achievement_level,B,"다양한 유형과 주제의 길고 복잡한 글에서 배경지식, 맥락 정보, 사실 정보를 활용하고 글의 구조를 고려하여 내용의 논리적 관계를 비교적 정확하게 파악할 수 있다.",,ncic_2022_eng_level_1398
35687,[12영독01-04],achievement_level,C,다양한 유형과 주제의 글에서 맥락 정보와 사실 정보를 활용하고 글의 구조를 고려하여 내용의 논리적 관계를 대략적으로 파악할 수 있다.,,ncic_2022_eng_level_1398
35688,[12영독01-04],achievement_level,D,다양한 유형과 주제의 글에서 맥락 정보와 사실 정보를 활용하고 글의 구조를 고려하여 내용의 논리적 관계를 부분적으로 파악할 수 있다.,,ncic_2022_eng_level_1398
35689,[12영독01-04],achievement_level,E,다양한 유형과 주제의 짧고 간단한 글에서 사실 정보를 활용하고 글의 구조를 고려하여 내용의 논리적 관계를 제한적으로 파악할 수 있다.,,ncic_2022_eng_level_1398
35690,[12영독02-06],achievement_level,A,내용이나 형식에 맞게 글을 점검하고 쓰기 윤리를 엄격하게 준수하여 정확하게 고쳐 쓸 수 있다.,,ncic_2022_eng_level_1398
35691,[12영독02-06],achievement_level,B,내용이나 형식에 맞게 글을 점검하고 쓰기 윤리를 엄격하게 준수하여 비교적 정확하게 고쳐 쓸 수 있다.,,ncic_2022_eng_level_1398
35692,[12영독02-06],achievement_level,C,내용이나 형식에 맞게 글을 점검하고 쓰기 윤리를 비교적 엄격하게 준수하여 대략적으로 고쳐 쓸 수 있다.,,ncic_2022_eng_level_1398
35693,[12영독02-06],achievement_level,D,내용이나 형식에 맞게 글을 점검하고 쓰기 윤리를 비교적 엄격하게 준수하여 부분적으로 고쳐 쓸 수 있다.,,ncic_2022_eng_level_1398
35694,[12영독02-06],achievement_level,E,내용이나 형식에 맞게 글을 점검하고 쓰기 윤리를 준수하려고 노력하며 제한적으로 고쳐 쓸 수 있다.,,ncic_2022_eng_level_1398
35695,[12영독02-08],achievement_level,A,적절한 쓰기 전략을 효과적으로 적용하여 자기주도적으로 쓰기 활동에 참여한다.,,ncic_2022_eng_level_1398
35696,[12영독02-08],achievement_level,B,적절한 쓰기 전략을 비교적 효과적으로 적용하여 자기주도적으로 쓰기 활동에 참여한다.,,ncic_2022_eng_level_1398
35697,[12영독02-08],achievement_level,C,적절한 쓰기 전략을 대략적으로 적용하여 비교적 자기주도적으로 쓰기 활동에 참여한다.,,ncic_2022_eng_level_1398
35698,[12영독02-08],achievement_level,D,적절한 쓰기 전략을 부분적으로 적용하여 비교적 자기주도적으로 쓰기 활동에 참여한다.,,ncic_2022_eng_level_1398
35699,[12영독02-08],achievement_level,E,"적절한 쓰기 전략을 제한적으로 적용하여 자기주도적으로 쓰기 활동에 참여하려고 노력한다. 평가 과제 공정여행의 정의를 파악하고 공정여행 계획서 개요를 작성한 후 계획서를 작성한다. 자기평가, 동료 피드백 등을 통해 계획서를 수정하여 최종본을 작성하여 공유하고 프로젝트 소감문을 작성한다.",,ncic_2022_eng_level_1398
35756,[12직영01-07],achievement_level,A,다양한 직무와 관련된 문화의 다양성에 대해 적극적으로 공감하며 협력적으로 소통하는 태도를 보인다.,,ncic_2022_eng_level_1398
35757,[12직영01-07],achievement_level,C,다양한 직무와 관련된 문화의 다양성에 대해 공감하며 협력적으로 소통하는 태도를 보인다.,,ncic_2022_eng_level_1398
35758,[12직영01-07],achievement_level,E,다양한 직무와 관련된 문화의 다양성에 대해 공감하며 협력적으로 소통하려고 노력하는 태도를 보인다.,,ncic_2022_eng_level_1398
35807,[12직영01-02],achievement_level,A,"다양한 직무 수행에 관련된 길고 복잡한 말이나 대화를 듣고, 배경지식, 사실 정보와 맥락 정보를 활용하여 화자 간의 관계를 정확하게 파악할 수 있다.",,ncic_2022_eng_level_1398
35808,[12직영01-02],achievement_level,B,"다양한 직무 수행에 관련된 길고 복잡한 말이나 대화를 듣고, 배경지식, 사실 정보와 맥락 정보를 활용하여 화자 간의 관계를 비교적 정확하게 파악할 수 있다.",,ncic_2022_eng_level_1398
35809,[12직영01-02],achievement_level,C,"다양한 직무 수행에 관련된 말이나 대화를 듣고, 사실 정보와 맥락 정보를 활용하여 화자 간의 관계를 대략적으로 파악할 수 있다.",,ncic_2022_eng_level_1398
35810,[12직영01-02],achievement_level,D,"다양한 직무 수행에 관련된 말이나 대화를 듣고, 사실 정보와 맥락 정보를 활용하여 화자 간의 관계를 부분적으로 파악할 수 있다.",,ncic_2022_eng_level_1398
35811,[12직영01-02],achievement_level,E,"다양한 직무 수행에 관련된 짧고 간결한 말이나 대화를 듣고, 사실 정보를 활용하여 화자 간의 관계를 제한적으로 파악할 수 있다.",,ncic_2022_eng_level_1398
35822,[12직영01-03],achievement_level,A,"다양한 진로 탐색 및 직무 수행에 관련된 일이나 사건의 절차나 순서를 진로 및 직무 관련 배경지식, 사실 정보와 맥락 정보를 활용하여 정확하게 파악할 수 있다.",,ncic_2022_eng_level_1398
35823,[12직영01-03],achievement_level,B,"다양한 진로 탐색 및 직무 수행에 관련된 일이나 사건의 절차나 순서를 진로 및 직무 관련 배경지식, 사실 정보와 맥락 정보를 활용하여 비교적 정확하게 파악할 수 있다.",,ncic_2022_eng_level_1398
35824,[12직영01-03],achievement_level,C,다양한 진로 탐색 및 직무 수행에 관련된 일이나 사건의 절차나 순서를 사실 정보와 맥락 정보를 활용하여 대략적으로 파악할 수 있다.,,ncic_2022_eng_level_1398
35825,[12직영01-03],achievement_level,D,다양한 진로 탐색 및 직무 수행에 관련된 일이나 사건의 절차나 순서를 사실 정보와 맥락 정보를 활용하여 부분적으로 파악할 수 있다.,,ncic_2022_eng_level_1398
35826,[12직영01-03],achievement_level,E,다양한 진로 탐색 및 직무 수행에 관련된 일이나 사건의 절차나 순서를 사실 정보를 활용하여 제한적으로 파악할 수 있다.,,ncic_2022_eng_level_1398
35845,[12직영01-01],achievement_level,A,"다양한 진로 및 직무에 관한 길고 복잡한 말이나 글을 듣거나 읽고, 배경지식, 사실 정보와 맥락 정보를 활용하여 주요 내용을 정확하게 파악할 수 있다.",,ncic_2022_eng_level_1398
35846,[12직영01-01],achievement_level,B,"다양한 진로 및 직무에 관한 길고 복잡한 말이나 글을 듣거나 읽고, 배경지식, 사실 정보와 맥락 정보를 활용하여 주요 내용을 비교적 정확하게 파악할 수 있다.",,ncic_2022_eng_level_1398
35847,[12직영01-01],achievement_level,C,"다양한 진로 및 직무에 관한 말이나 글을 듣거나 읽고, 사실 정보와 맥락 정보를 활용하여 주요 내용을 대략적으로 파악할 수 있다.",,ncic_2022_eng_level_1398
35848,[12직영01-01],achievement_level,D,"다양한 진로 및 직무에 관한 말이나 글을 듣거나 읽고, 사실 정보와 맥락 정보를 활용하여 주요 내용을 부분적으로 파악할 수 있다.",,ncic_2022_eng_level_1398
35849,[12직영01-01],achievement_level,E,"다양한 진로 및 직무에 관한 짧고 간결한 말이나 글을 듣거나 읽고, 사실 정보를 활용하여 주요 내용을 제한적으로 파악할 수 있다.",,ncic_2022_eng_level_1398
35863,[12직영01-04],achievement_level,A,다양하고 적절한 의사소통 전략을 효과적으로 적용하여 다양한 직무 수행과 관련된 길고 복잡한 정보에 대해 정확하게 묻고 답할 수 있다.,,ncic_2022_eng_level_1398
35864,[12직영01-04],achievement_level,B,다양하고 적절한 의사소통 전략을 비교적 효과적으로 적용하여 다양한 직무 수행과 관련된 길고 복잡한 정보에 대해 비교적 정확하게 묻고 답할 수 있다.,,ncic_2022_eng_level_1398
35865,[12직영01-04],achievement_level,C,다양하고 적절한 의사소통 전략을 대략적으로 적용하여 직무 수행과 관련된 정보에 대해 대략적으로 묻고 답할 수 있다.,,ncic_2022_eng_level_1398
35866,[12직영01-04],achievement_level,D,다양하고 적절한 의사소통 전략을 부분적으로 적용하여 직무 수행과 관련된 정보에 대해 부분적으로 묻고 답할 수 있다.,,ncic_2022_eng_level_1398
35867,[12직영01-04],achievement_level,E,다양하고 적절한 의사소통 전략을 제한적으로 적용하여 직무 수행과 관련된 짧고 간결한 정보에 대해 제한적으로 묻고 답할 수 있다.,,ncic_2022_eng_level_1398
35868,[12직영01-05],achievement_level,A,다양한 매체를 정확하게 활용하여 다양한 직무 수행과 관련된 사실적 정보를 정확하게 재구성하여 전달할 수 있다.,,ncic_2022_eng_level_1398
35869,[12직영01-05],achievement_level,B,다양한 매체를 비교적 정확하게 활용하여 다양한 직무 수행과 관련된 사실적 정보를 비교적 정확하게 재구성하여 전달할 수 있다.,,ncic_2022_eng_level_1398
35870,[12직영01-05],achievement_level,C,다양한 매체를 대략적으로 활용하여 직무 수행과 관련된 사실적 정보를 대략적으로 재구성하여 전달할 수 있다.,,ncic_2022_eng_level_1398
35871,[12직영01-05],achievement_level,D,다양한 매체를 부분적으로 활용하여 직무 수행과 관련된 사실적 정보를 부분적으로 재구성하여 전달할 수 있다.,,ncic_2022_eng_level_1398
35872,[12직영01-05],achievement_level,E,다양한 매체를 제한적으로 활용하여 직무 수행과 관련된 사실적 정보를 제한적으로 재구성하여 전달할 수 있다.,,ncic_2022_eng_level_1398
35873,[12직영01-06],achievement_level,A,다양한 진로 탐색 및 직무 수행의 상황이나 목적에 맞는 서식의 글을 다양하고 적절한 어휘와 언어 형식을 활용하여 정확하게 작성할 수 있다.,,ncic_2022_eng_level_1398
35874,[12직영01-06],achievement_level,B,다양한 진로 탐색 및 직무 수행의 상황이나 목적에 맞는 서식의 글을 다양하고 적절한 어휘와 언어 형식을 활용하여 비교적 정확하게 작성할 수 있다.,,ncic_2022_eng_level_1398
35875,[12직영01-06],achievement_level,C,다양한 진로 탐색 및 직무 수행의 상황이나 목적에 맞는 서식의 글을 적절한 어휘와 언어 형식을 활용하여 대략적으로 작성할 수 있다.,,ncic_2022_eng_level_1398
35876,[12직영01-06],achievement_level,D,다양한 진로 탐색 및 직무 수행의 상황이나 목적에 맞는 서식의 글을 적절한 어휘와 언어 형식을 활용하여 부분적으로 작성할 수 있다.,,ncic_2022_eng_level_1398
35877,[12직영01-06],achievement_level,E,다양한 진로 탐색 및 직무 수행의 상황이나 목적에 맞는 서식의 글을 기본적인 어휘와 언어 형식을 활용하여 제한적으로 작성할 수 있다.,,ncic_2022_eng_level_1398
35878,[12직영01-08],achievement_level,A,다양한 직무 상황에서의 의사소통과 관련하여 개인의 권리에 대한 존중과 정보 보안의 의무를 정확하게 인식한다.,,ncic_2022_eng_level_1398
35879,[12직영01-08],achievement_level,C,다양한 직무 상황에서의 의사소통과 관련하여 개인의 권리에 대한 존중과 정보 보안의 의무를 대략적으로 인식한다.,,ncic_2022_eng_level_1398
35880,[12직영01-08],achievement_level,E,다양한 직무 상황에서의 의사소통과 관련하여 개인의 권리에 대한 존중과 정보 보안의 의무를 제한적으로 인식한다.,,ncic_2022_eng_level_1398
35941,[12영발02-05],achievement_level,A,"토론 유형과 목적에 적합한 매체를 선정하여 효과적으로 활용하고, 정보 윤리를 엄격하게 준수하며 토론할 수 있다.",,ncic_2022_eng_level_1398
35942,[12영발02-05],achievement_level,B,"토론 유형과 목적에 비교적 적합한 매체를 선정하여 비교적 효과적으로 활용하고, 정보 윤리를 비교적 엄격하게 준수하며 토론할 수 있다.",,ncic_2022_eng_level_1398
35943,[12영발02-05],achievement_level,C,"토론 유형에 대체로 적합한 매체를 선정하여 활용하고, 정보 윤리를 대략적으로 준수하며 토론할 수 있다.",,ncic_2022_eng_level_1398
35944,[12영발02-05],achievement_level,D,"토론을 위해 매체를 부분적으로 활용하고, 정보 윤리를 부분적으로 준수하며 토론할 수 있다.",,ncic_2022_eng_level_1398
35945,[12영발02-05],achievement_level,E,"토론을 위해 매체를 제한적으로 활용하고, 정보 윤리를 제한적으로 준수하며 토론할 수 있다.",,ncic_2022_eng_level_1398
35946,[12영발02-06],achievement_level,A,"문화간 다양한 언어적･비언어적 의사소통 방식을 깊이 있게 이해하고, 토론 맥락과 상황에 맞춰 효과적으로 적용할 수 있다.",,ncic_2022_eng_level_1398
35947,[12영발02-06],achievement_level,B,"문화간 다양한 언어적･비언어적 의사소통 방식을 깊이 있게 이해하고, 토론 맥락과 상황에 맞춰 비교적 효과적으로 적용할 수 있다.",,ncic_2022_eng_level_1398
35948,[12영발02-06],achievement_level,C,"문화간 다양한 언어적･비언어적 의사소통 방식을 대략적으로 이해하고, 토론 맥락과 상황에 맞춰 대략적으로 적용할 수 있다.",,ncic_2022_eng_level_1398
35949,[12영발02-06],achievement_level,D,"문화간 다양한 언어적･비언어적 의사소통 방식을 부분적으로 이해하고, 적용할 수 있다.",,ncic_2022_eng_level_1398
35950,[12영발02-06],achievement_level,E,"문화간 다양한 언어적･비언어적 의사소통 방식을 제한적으로 이해하고, 적용할 수 있다.",,ncic_2022_eng_level_1398
35986,[12영발02-02],achievement_level,A,"토론 논제에 관한 자신의 주장에 대한 근거로서 구체적이고 적절한 학술자료, 통계, 사례 등을 선별하고, 다양하고 적절한 어휘와 언어형식을 활용하여 논리적으로 설명할 수 있다.",,ncic_2022_eng_level_1398
35987,[12영발02-02],achievement_level,B,"토론 논제에 관한 자신의 주장에 대한 근거로서 적절한 학술자료, 통계, 사례 등을 선별하고, 다양하고 적절한 어휘와 언어형식을 활용하여 비교적 논리적으로 설명할 수 있다.",,ncic_2022_eng_level_1398
35988,[12영발02-02],achievement_level,C,"토론 논제에 관한 자신의 주장에 대한 근거로서 학술자료, 통계, 사례 등을 선별하고, 적절한 어휘와 언어형식을 활용하여 대체로 논리적으로 설명할 수 있다",,ncic_2022_eng_level_1398
35989,[12영발02-02],achievement_level,D,토론 논제에 대한 자신의 주장에 대한 근거를 적절한 어휘와 언어형식을 활용하여 부분적으로 설명할 수 있다.,,ncic_2022_eng_level_1398
35990,[12영발02-02],achievement_level,E,토론 논제에 대한 자신의 주장에 대한 근거를 기본적인 어휘와 언어형식을 활용하여 제한적으로 설명할 수 있다.,,ncic_2022_eng_level_1398
36001,[12영발01-02],achievement_level,A,자신이 경험한 일화나 듣거나 읽은 이야기를 이야기 구조에 정확히 맞추어 다양하고 적절한 어휘와 언어형식을 활용하여 구체적이고 생생하게 소개할 수 있다.,,ncic_2022_eng_level_1398
36002,[12영발01-02],achievement_level,B,자신이 경험한 일화나 듣거나 읽은 이야기를 이야기 구조에 비교적 정확히 맞추어 다양하고 적절한 어휘와 언어형식을 활용하여 비교적 구체적이고 생생하게 소개할 수 있다.,,ncic_2022_eng_level_1398
36003,[12영발01-02],achievement_level,C,자신이 경험한 일화나 듣거나 읽은 이야기를 이야기 구조에 대략적으로 맞추어 적절한 어휘와 언어형식을 활용하여 대체로 구체적이고 생생하게 소개할 수 있다.,,ncic_2022_eng_level_1398
36004,[12영발01-02],achievement_level,D,자신이 경험한 일화나 듣거나 읽은 이야기를 이야기 구조에 부분적으로 맞추어 적절한 어휘와 언어형식을 활용하여 소개할 수 있다.,,ncic_2022_eng_level_1398
36005,[12영발01-02],achievement_level,E,자신이 경험한 일화나 듣거나 읽은 이야기를 기본적인 어휘와 언어형식을 활용하여 간략하게 소개할 수 있다.,,ncic_2022_eng_level_1398
36011,[12영발01-03],achievement_level,A,"사물, 개념, 방법, 절차, 통계 자료 등에 대한 길고 복잡한 사실적 정보를 논리적으로 구성하여 정확하고 이해하기 쉽게 설명할 수 있다.",,ncic_2022_eng_level_1398
36012,[12영발01-03],achievement_level,B,"사물, 개념, 방법, 절차, 통계 자료 등에 대한 비교적 길고 복잡한 사실적 정보를 논리적으로 구성하여 비교적 정확하고 이해하기 쉽게 설명할 수 있다.",,ncic_2022_eng_level_1398
36013,[12영발01-03],achievement_level,C,"사물, 개념, 방법, 절차, 통계 자료 등에 대한 사실적 정보를 대체로 논리적으로 구성하여 대략적으로 설명할 수 있다.",,ncic_2022_eng_level_1398
36014,[12영발01-03],achievement_level,D,"사물, 개념, 방법, 절차, 통계 자료 등에 대한 사실적 정보를 부분적으로 설명할 수 있다.",,ncic_2022_eng_level_1398
36015,[12영발01-03],achievement_level,E,"사물, 개념, 방법, 절차, 통계 자료 등에 대한 간단한 사실적 정보를 제한적으로 설명할 수 있다.",,ncic_2022_eng_level_1398
36016,[12영발01-05],achievement_level,A,"발표 목적에 적합한 매체를 선정하여 효과적으로 활용하고, 인용한 정보의 출처를 정확히 밝히면서 발표할 수 있다.",,ncic_2022_eng_level_1398
36017,[12영발01-05],achievement_level,B,"발표 목적에 비교적 적합한 매체를 선정하여 비교적 효과적으로 활용하고, 인용한 정보의 출처를 비교적 정확히 밝히면서 발표할 수 있다.",,ncic_2022_eng_level_1398
36018,[12영발01-05],achievement_level,C,"발표 목적에 대체로 적합한 매체를 선정하여 활용하고, 인용한 정보의 출처를 대략적으로 밝히면서 발표할 수 있다.",,ncic_2022_eng_level_1398
36019,[12영발01-05],achievement_level,D,"발표를 위해 매체를 부분적으로 활용하고, 인용한 정보의 출처를 부분적으로 밝히면서 발표할 수 있다.",,ncic_2022_eng_level_1398
36020,[12영발01-05],achievement_level,E,"발표를 위해 매체를 제한적으로 활용하고, 인용한 정보의 출처를 제한적으로 밝히면서 발표할 수 있다.",,ncic_2022_eng_level_1398
36046,[12영발01-01],achievement_level,A,"기초학문 분야 및 사회 전반의 다양한 주제에 관하여 발표의 목적과 맥락에 맞게 정보 수집, 토론 개요 작성 등 토론 준비를 체계적으로 할 수 있다.",,ncic_2022_eng_level_1398
36047,[12영발01-01],achievement_level,B,"기초학문 분야 및 사회 전반의 다양한 주제에 관하여 발표의 목적과 맥락에 맞게 정보 수집, 토론 개요 작성 등 토론 준비를 비교적 체계적으로 할 수 있다.",,ncic_2022_eng_level_1398
36048,[12영발01-01],achievement_level,C,"사회 전반의 다양한 주제에 관하여 발표의 목적과 맥락에 맞게 정보 수집, 토론 개요 작성 등 토론 준비를 대략적으로 할 수 있다.",,ncic_2022_eng_level_1398
36049,[12영발01-01],achievement_level,D,"사회 전반의 다양한 주제에 관하여 발표의 목적에 맞게 정보 수집, 토론 개요 작성 등 토론 준비를 부분적으로 할 수 있다.",,ncic_2022_eng_level_1398
36050,[12영발01-01],achievement_level,E,"사회 전반의 주제에 관하여 발표의 목적에 맞게 정보 수집, 토론 개요 작성 등 토론 준비를 제한적으로 할 수 있다.",,ncic_2022_eng_level_1398
36051,[12영발01-04],achievement_level,A,"사회 전반에 걸친 사실, 가치, 정책 등에 대한 자신의 관점을 적절하고 구체적인 근거를 들고 다양하고 적절한 설득 전략을 활용하여 설득력 있게 전달할 수 있다.",,ncic_2022_eng_level_1398
36052,[12영발01-04],achievement_level,B,"사회 전반에 걸친 사실, 가치, 정책 등에 대한 자신의 관점을 적절한 근거를 들고 적절한 설득 전략을 활용하여 비교적 설득력 있게 전달할 수 있다.",,ncic_2022_eng_level_1398
36053,[12영발01-04],achievement_level,C,"사회 전반에 걸친 사실, 가치, 정책 등에 대한 자신의 관점을 근거를 들고 설득 전략을 활용하여 대체로 설득력 있게 전달할 수 있다.",,ncic_2022_eng_level_1398
36054,[12영발01-04],achievement_level,D,"사회 전반에 걸친 사실, 가치, 정책 등에 대한 자신의 관점을 근거를 들어 부분적으로 전달할 수 있다.",,ncic_2022_eng_level_1398
36055,[12영발01-04],achievement_level,E,"사회 전반에 걸친 사실, 가치, 정책 등에 대한 자신의 관점을 제한적으로 전달할 수 있다.",,ncic_2022_eng_level_1398
36056,[12영발01-06],achievement_level,A,"문화간 다양한 언어적･비언어적 의사소통 방식을 깊이 있게 이해하고, 발표 상황과 맥락에 맞춰 효과적으로 적용할 수 있다.",,ncic_2022_eng_level_1398
36057,[12영발01-06],achievement_level,B,"문화간 다양한 언어적･비언어적 의사소통 방식을 비교적 깊이 있게 이해하고, 발표 상황과 맥락에 맞춰 비교적 효과적으로 적용할 수 있다.",,ncic_2022_eng_level_1398
36058,[12영발01-06],achievement_level,C,"문화간 다양한 언어적･비언어적 의사소통 방식을 대략적으로 이해하고, 발표 상황과 맥락에 맞춰 대략적으로 적용할 수 있다.",,ncic_2022_eng_level_1398
36059,[12영발01-06],achievement_level,D,문화간 다양한 언어적･비언어적 의사소통 방식을 부분적으로 이해하고 적용할 수 있다.,,ncic_2022_eng_level_1398
36060,[12영발01-06],achievement_level,E,문화간 다양한 언어적･비언어적 의사소통 방식을 제한적으로 이해하고 활용할 수 있다.,,ncic_2022_eng_level_1398
36061,[12영발01-07],achievement_level,A,발표 유형과 목적에 맞게 다양하고 적절한 발표 기법 및 의사소통 전략을 적용하여 효과적으로 발표할 수 있다.,,ncic_2022_eng_level_1398
36062,[12영발01-07],achievement_level,B,발표 유형과 목적에 맞게 적절한 발표 기법 및 의사소통 전략을 적용하여 비교적 효과적으로 발표할 수 있다.,,ncic_2022_eng_level_1398
36063,[12영발01-07],achievement_level,C,발표 유형에 맞게 적절한 발표 기법 및 의사소통 전략을 대략적으로 적용하여 발표할 수 있다.,,ncic_2022_eng_level_1398
36064,[12영발01-07],achievement_level,D,발표 기법 및 의사소통 전략을 부분적으로 적용하여 발표할 수 있다.,,ncic_2022_eng_level_1398
36065,[12영발01-07],achievement_level,E,발표 기법 및 의사소통 전략을 예시를 참고하여 제한적으로 적용하여 발표할 수 있다.,,ncic_2022_eng_level_1398
36066,[12영발01-08],achievement_level,A,발표 과정을 적극적이고 지속적으로 점검할 수 있으며 개선할 점을 명확히 파악하고 분석하여 종합적으로 개선할 수 있다.,,ncic_2022_eng_level_1398
36067,[12영발01-08],achievement_level,B,발표 과정을 적극적이고 지속적으로 점검할 수 있으며 개선할 점을 비교적 명확히 파악하고 분석하여 비교적 종합적으로 개선할 수 있다.,,ncic_2022_eng_level_1398
36068,[12영발01-08],achievement_level,C,발표 과정을 대략적으로 점검할 수 있으며 개선할 점을 대략적으로 파악하고 분석하여 개선할 수 있다.,,ncic_2022_eng_level_1398
36069,[12영발01-08],achievement_level,D,발표 과정을 부분적으로 점검할 수 있으며 개선할 점을 부분적으로 파악하고 개선할 수 있다.,,ncic_2022_eng_level_1398
36070,[12영발01-08],achievement_level,E,발표 과정을 제한적으로 점검할 수 있으며 자신의 발표 결과에 관심을 가진다.,,ncic_2022_eng_level_1398
36071,[12영발02-01],achievement_level,A,"기초학문 분야 및 사회 전반의 다양한 주제에 관하여 토론의 목적과 맥락에 맞게 정보 수집, 토론 개요 작성 등 토론 준비를 체계적으로 할 수 있다.",,ncic_2022_eng_level_1398
36072,[12영발02-01],achievement_level,B,"기초학문 분야 및 사회 전반의 다양한 주제에 관하여 토론의 목적과 맥락에 맞게 정보 수집, 토론 개요 작성 등 토론 준비를 비교적 체계적으로 할 수 있다.",,ncic_2022_eng_level_1398
36073,[12영발02-01],achievement_level,C,"사회 전반의 다양한 주제에 관하여 토론의 목적과 맥락에 맞게 정보 수집, 토론 개요 작성 등 토론 준비를 대략적으로 할 수 있다.",,ncic_2022_eng_level_1398
36074,[12영발02-01],achievement_level,D,"사회 전반의 다양한 주제에 관하여 토론의 목적에 맞게 정보 수집, 토론 개요 작성 등 토론 준비를 부분적으로 할 수 있다.",,ncic_2022_eng_level_1398
36075,[12영발02-01],achievement_level,E,"사회 전반의 주제에 관하여 토론의 목적에 맞게 정보 수집, 토론 개요 작성 등 토론 준비를 제한적으로 할 수 있다.",,ncic_2022_eng_level_1398
36076,[12영발02-03],achievement_level,A,"다양한 토론 논제를 체계적으로 분석하고, 자신의 관점을 다양하고 적절한 설득 전략을 활용하며 설득력 있게 전달할 수 있다.",,ncic_2022_eng_level_1398
36077,[12영발02-03],achievement_level,B,"다양한 토론 논제를 비교적 체계적으로 분석하고, 자신의 관점을 비교적 적절한 설득 전략을 활용하며 비교적 설득력 있게 전달할 수 있다.",,ncic_2022_eng_level_1398
36078,[12영발02-03],achievement_level,C,"다양한 토론 논제를 분석하고, 자신의 관점을 설득 전략을 활용하며 대체로 설득력 있게 전달할 수 있다.",,ncic_2022_eng_level_1398
36079,[12영발02-03],achievement_level,D,토론 논제에 대한 자신의 관점을 부분적으로 전달할 수 있다.,,ncic_2022_eng_level_1398
36080,[12영발02-03],achievement_level,E,토론 논제에 대한 자신의 관점을 제한적으로 전달할 수 있다.,,ncic_2022_eng_level_1398
36081,[12영발02-04],achievement_level,A,상대방 주장의 논리를 정확히 분석하고 적극적으로 반대 심문하며 효과적으로 토론할 수 있다.,,ncic_2022_eng_level_1398
36082,[12영발02-04],achievement_level,B,상대방 주장의 논리를 비교적 정확히 분석하고 비교적 적극적으로 반대 심문하며 비교적 효과적으로 토론할 수 있다.,,ncic_2022_eng_level_1398
36083,[12영발02-04],achievement_level,C,상대방 주장의 논리를 대략적으로 분석하고 반대 심문하며 토론할 수 있다.,,ncic_2022_eng_level_1398
36084,[12영발02-04],achievement_level,D,상대방 주장의 논리를 부분적으로 파악하고 토론할 수 있다.,,ncic_2022_eng_level_1398
36085,[12영발02-04],achievement_level,E,상대방 주장의 논리를 제한적으로 파악하고 토론할 수 있다.,,ncic_2022_eng_level_1398
36086,[12영발02-07],achievement_level,A,토론 유형과 목적에 적합한 토론 절차에 따라 다양하고 적절한 토론 기법 및 의사소통 전략을 적용하여 효과적으로 토론할 수 있다.,,ncic_2022_eng_level_1398
36087,[12영발02-07],achievement_level,B,토론 유형과 목적에 적합한 토론 절차에 따라 적절한 토론 기법 및 의사소통 전략을 적용하여 비교적 효과적으로 토론할 수 있다.,,ncic_2022_eng_level_1398
36088,[12영발02-07],achievement_level,C,토론 유형과 목적에 적합한 토론 절차에 따라 토론 기법 및 의사소통 전략을 대략적으로 적용하여 토론할 수 있다.,,ncic_2022_eng_level_1398
36089,[12영발02-07],achievement_level,D,토론 기법 및 의사소통 전략을 부분적으로 적용하여 토론할 수 있다.,,ncic_2022_eng_level_1398
36090,[12영발02-07],achievement_level,E,토론 기법 및 의사소통 전략을 예시를 참고하여 제한적으로 적용하여 토론할 수 있다.,,ncic_2022_eng_level_1398
36091,[12영발02-08],achievement_level,A,토론 과정을 적극적이고 지속적으로 점검하여 개선할 점을 명확히 파악하고 분석하여 종합적으로 개선할 수 있다.,,ncic_2022_eng_level_1398
36092,[12영발02-08],achievement_level,B,토론 과정을 지속적으로 점검하여 개선할 점을 비교적 명확히 파악하고 분석하여 비교적 종합적으로 개선할 수 있다.,,ncic_2022_eng_level_1398
36093,[12영발02-08],achievement_level,C,토론 과정을 대락적으로 점검하여 개선할 점을 대략적으로 파악하고 분석하여 개선할 수 있다.,,ncic_2022_eng_level_1398
36094,[12영발02-08],achievement_level,D,토론 과정을 부분적으로 점검하여 개선할 점을 부분적으로 파악하고 개선할 수 있다.,,ncic_2022_eng_level_1398
36095,[12영발02-08],achievement_level,E,토론 과정을 제한적으로 점검하여 토론 결과에 관심을 가진다.,,ncic_2022_eng_level_1398
36154,[12심영02-05],achievement_level,A,서로 다른 관점이나 주장이 담긴 길고 복잡한 말이나 글의 내용을 다양하고 적절한 어휘와 언어 형식을 활용하여 명확하게 비교･대조할 수 있다.,,ncic_2022_eng_level_1398
36155,[12심영02-05],achievement_level,B,서로 다른 관점이나 주장이 담긴 길고 복잡한 말이나 글의 내용을 다양하고 적절한 어휘와 언어 형식을 활용하여 비교적 명확하게 비교･대조할 수 있다.,,ncic_2022_eng_level_1398
36156,[12심영02-05],achievement_level,C,서로 다른 관점이나 주장이 담긴 말이나 글의 내용을 적절한 어휘와 언어 형식을 사용하여 대략적으로 비교･대조할 수 있다.,,ncic_2022_eng_level_1398
36157,[12심영02-05],achievement_level,D,서로 다른 관점이나 주장이 담긴 말이나 글의 내용을 적절한 어휘와 언어 형식을 활용하여 부분적으로 비교･대조할 수 있다.,,ncic_2022_eng_level_1398
36158,[12심영02-05],achievement_level,E,서로 다른 관점이나 주장이 담긴 짧고 간결한 말이나 글의 내용을 기본적인 어휘와 간단한 언어 형식을 활용하여 제한적으로 비교･대조할 수 있다.,,ncic_2022_eng_level_1398
36179,[12심영01-05],achievement_level,A,"다양한 장르의 길고 복잡한 말이나 글에서 어휘, 어구, 문장의 함축적 의미를 맥락에 맞게 정확하게 추론할 수 있다.",,ncic_2022_eng_level_1398
36180,[12심영01-05],achievement_level,B,"다양한 장르의 길고 복잡한 말이나 글에서 어휘, 어구, 문장의 함축적 의미를 맥락에 맞게 비교적 정확하게 추론할 수 있다.",,ncic_2022_eng_level_1398
36181,[12심영01-05],achievement_level,C,"다양한 장르의 말이나 글에서 어휘, 어구, 문장의 함축적 의미를 맥락에 맞게 대략적으로 추론할 수 있다.",,ncic_2022_eng_level_1398
36182,[12심영01-05],achievement_level,D,"다양한 장르의 말이나 글에서 어휘, 어구, 문장의 함축적 의미를 맥락에 맞게 부분적으로 추론할 수 있다.",,ncic_2022_eng_level_1398
36183,[12심영01-05],achievement_level,E,"다양한 장르의 짧고 간결한 말이나 글에서 어휘, 어구, 문장의 함축적 의미를 맥락에 맞게 제한적으로 추론할 수 있다.",,ncic_2022_eng_level_1398
36184,[12심영01-04],achievement_level,A,"다양한 장르의 길고 복잡한 말이나 글에서 사실 정보, 장르적 특성, 맥락 정보를 활용하여 말이나 글의 구성 방식을 정확하게 파악하여 내용의 논리적 관계를 정확히 추론할 수 있다.",,ncic_2022_eng_level_1398
36185,[12심영01-04],achievement_level,B,"다양한 장르의 길고 복잡한 말이나 글에서 사실 정보, 장르적 특성, 맥락 정보를 활용하여 말이나 글의 구성 방식을 비교적 정확하게 파악하여, 내용의 논리적 관계를 비교적 정확히 추론할 수 있다.",,ncic_2022_eng_level_1398
36186,[12심영01-04],achievement_level,C,다양한 장르의 말이나 글에서 사실 정보와 맥락 정보를 활용하여 말이나 글의 구성 방식을 대략적으로 파악하여 내용의 논리적 관계를 어느 정도 추론할 수 있다.,,ncic_2022_eng_level_1398
36187,[12심영01-04],achievement_level,D,다양한 장르의 말이나 글에서 사실 정보와 맥락 정보를 활용하여 말이나 글의 구성 방식을 부분적으로 파악하여 내용의 논리적 관계를 부분적으로 추론할 수 있다.,,ncic_2022_eng_level_1398
36188,[12심영01-04],achievement_level,E,다양한 장르의 짧고 간결한 말이나 글에서 사실 정보를 활용하여 말이나 글의 구성 방식을 제한적으로 파악하여 내용의 논리적 관계를 제한적으로 추론할 수 있다.,,ncic_2022_eng_level_1398
36209,[12심영01-03],achievement_level,A,"다양한 장르의 길고 복잡한 말이나 글을 듣거나 읽고 사실 정보, 장르적 특성, 맥락 정보를 활용하여 이어질 내용을 정확하게 예측할 수 있다.",,ncic_2022_eng_level_1398
36210,[12심영01-03],achievement_level,B,"다양한 장르의 길고 복잡한 말이나 글을 듣거나 읽고 사실 정보, 장르적 특성, 맥락 정보를 활용하여 이어질 내용을 비교적 정확하게 예측할 수 있다.",,ncic_2022_eng_level_1398
36211,[12심영01-03],achievement_level,C,다양한 장르의 말이나 글을 듣거나 읽고 사실 정보와 맥락 정보를 활용하여 이어질 내용을 대략적으로 예측할 수 있다.,,ncic_2022_eng_level_1398
36212,[12심영01-03],achievement_level,D,다양한 장르의 말이나 글을 듣거나 읽고 사실 정보와 맥락 정보를 활용하여 이어질 내용을 부분적으로 예측할 수 있다.,,ncic_2022_eng_level_1398
36213,[12심영01-03],achievement_level,E,다양한 장르의 짧고 간결한 말이나 글을 듣거나 읽고 사실 정보를 활용하여 이어질 내용을 제한적으로 예측할 수 있다.,,ncic_2022_eng_level_1398
36229,[12심영02-01],achievement_level,A,기초 학문을 포함한 다양한 주제의 길고 복잡한 사실적 정보를 다양하고 적절한 어휘와 언어 형식을 활용하여 정확하게 기술하거나 설명할 수 있다.,,ncic_2022_eng_level_1398
36230,[12심영02-01],achievement_level,B,기초 학문을 포함한 다양한 주제의 길고 복잡한 사실적 정보를 다양하고 적절한 어휘와 언어 형식을 활용하여 비교적 정확하게 기술하거나 설명할 수 있다.,,ncic_2022_eng_level_1398
36231,[12심영02-01],achievement_level,C,기초 학문을 포함한 다양한 주제의 사실적 정보를 적절한 어휘와 언어 형식을 활용하여 대략적으로 기술하거나 설명할 수 있다.,,ncic_2022_eng_level_1398
36232,[12심영02-01],achievement_level,D,기초 학문을 포함한 다양한 주제의 사실적 정보를 적절한 어휘와 언어 형식을 활용하여 부분적으로 기술하거나 설명할 수 있다.,,ncic_2022_eng_level_1398
36233,[12심영02-01],achievement_level,E,기초 학문을 포함한 다양한 주제의 짧고 간결한 사실적 정보를 기본적인 어휘와 간단한 언어 형식을 활용하여 제한적으로 기술하거나 설명할 수 있다.,,ncic_2022_eng_level_1398
36234,[12심영02-04],achievement_level,A,기초 학문을 포함한 다양한 주제의 길고 복잡한 말이나 글을 자신의 말이나 글로 명확하게 요약할 수 있다.,,ncic_2022_eng_level_1398
36235,[12심영02-04],achievement_level,B,기초 학문을 포함한 다양한 주제의 길고 복잡한 말이나 글을 자신의 말이나 글로 비교적 명확하게 요약할 수 있다.,,ncic_2022_eng_level_1398
36236,[12심영02-04],achievement_level,C,기초 학문을 포함한 다양한 주제의 말이나 글을 자신의 말이나 글로 대략적으로 요약할 수 있다.,,ncic_2022_eng_level_1398
36237,[12심영02-04],achievement_level,D,기초 학문을 포함한 다양한 주제의 말이나 글을 자신의 말이나 글로 부분적으로 요약할 수 있다.,,ncic_2022_eng_level_1398
36238,[12심영02-04],achievement_level,E,기초 학문을 포함한 다양한 주제의 짧고 간결한 말이나 글을 자신의 말이나 글로 제한적으로 요약할 수 있다.,,ncic_2022_eng_level_1398
36239,[12심영02-02],achievement_level,A,다양한 장르의 길고 복잡한 글을 읽고 다양하고 적절한 어휘와 언어 형식을 활용하여 자신의 감상이나 느낌을 명확하게 표현할 수 있다.,,ncic_2022_eng_level_1398
36240,[12심영02-02],achievement_level,B,다양한 장르의 길고 복잡한 글을 읽고 다양하고 적절한 어휘와 언어 형식을 활용하여 자신의 감상이나 느낌을 비교적 명확하게 표현할 수 있다.,,ncic_2022_eng_level_1398
36241,[12심영02-02],achievement_level,C,다양한 장르의 글을 읽고 적절한 어휘와 언어 형식을 활용하여 자신의 감상이나 느낌을 대략적으로 표현할 수 있다.,,ncic_2022_eng_level_1398
36242,[12심영02-02],achievement_level,D,다양한 장르의 글을 읽고 적절한 어휘와 언어 형식을 활용하여 자신의 감상이나 느낌을 부분적으로 표현할 수 있다.,,ncic_2022_eng_level_1398
36243,[12심영02-02],achievement_level,E,다양한 장르의 짧고 간결한 글을 읽고 기본적인 어휘와 간단한 언어 형식을 활용하여 자신의 감상이나 느낌을 제한적으로 표현할 수 있다.,,ncic_2022_eng_level_1398
36244,[12심영01-01],achievement_level,A,"기초 학문을 포함한 다양한 주제를 다루는 다양한 장르의 길고 복잡한 말이나 글에서 사실 정보, 장르적 특성, 맥락 정보를 활용하여 주요 내용을 정확하게 파악할 수 있다.",,ncic_2022_eng_level_1398
36245,[12심영01-01],achievement_level,B,"기초 학문을 포함한 다양한 주제를 다루는 다양한 장르의 길고 복잡한 말이나 글에서 사실 정보, 장르적 특성, 맥락 정보를 활용하여 주요 내용을 비교적 정확하게 파악할 수 있다.",,ncic_2022_eng_level_1398
36246,[12심영01-01],achievement_level,C,기초 학문을 포함한 다양한 주제를 다루는 다양한 장르의 말이나 글에서 사실 정보와 맥락 정보를 활용하여 주요 내용을 대략적으로 파악할 수 있다.,,ncic_2022_eng_level_1398
36247,[12심영01-01],achievement_level,D,기초 학문을 포함한 다양한 주제를 다루는 다양한 장르의 말이나 글에서 주요 내용을 사실 정보와 맥락 정보를 활용하여 부분적으로 파악할 수 있다.,,ncic_2022_eng_level_1398
36248,[12심영01-01],achievement_level,E,기초 학문을 포함한 다양한 주제를 다루는 다양한 장르의 짧고 간결한 말이나 글에서 사실 정보를 활용하여 주요 내용을 제한적으로 파악할 수 있다.,,ncic_2022_eng_level_1398
36249,[12심영02-07],achievement_level,A,"글의 내용과 형식을 면밀하게 점검하고, 정보 윤리를 엄격하게 준수하여 고쳐 쓸 수 있다.",,ncic_2022_eng_level_1398
36250,[12심영02-07],achievement_level,B,"글의 내용과 형식을 비교적 면밀하게 점검하고, 정보 윤리를 비교적 엄격하게 준수하여 고쳐 쓸 수 있다.",,ncic_2022_eng_level_1398
36251,[12심영02-07],achievement_level,C,"글의 내용과 형식을 대략적으로 점검하고, 정보 윤리를 대략적으로 준수하여 고쳐 쓸 수 있다.",,ncic_2022_eng_level_1398
36252,[12심영02-07],achievement_level,D,"글의 내용과 형식을 부분적으로 점검하고, 정보 윤리를 부분적으로 준수하여 고쳐 쓸 수 있다.",,ncic_2022_eng_level_1398
36253,[12심영02-07],achievement_level,E,"글의 내용과 형식을 제한적으로 점검하고, 정보 윤리를 제한적으로 준수하여 고쳐 쓸 수 있다.",,ncic_2022_eng_level_1398
36254,[12심영01-02],achievement_level,A,"다양한 장르의 길고 복잡한 말이나 글에서 사실 정보, 장르적 특성, 맥락 정보를 활용하여 화자, 필자, 등장인물 등의 심정이나 의도를 정확하게 추론할 수 있다.",,ncic_2022_eng_level_1398
36255,[12심영01-02],achievement_level,B,"다양한 장르의 길고 복잡한 말이나 글에서 사실 정보, 장르적 특성, 맥락 정보를 활용하여 화자, 필자, 등장인물 등의 심정이나 의도를 비교적 정확하게 추론할 수 있다.",,ncic_2022_eng_level_1398
36256,[12심영01-02],achievement_level,C,"다양한 장르의 말이나 글에서 사실 정보, 맥락 정보를 활용하여 화자, 필자, 등장인물 등의 심정이나 의도를 대략적으로 추론할 수 있다.",,ncic_2022_eng_level_1398
36257,[12심영01-02],achievement_level,D,"다양한 장르의 말이나 글에서 사실 정보, 맥락 정보를 활용하여 화자, 필자, 등장인물 등의 심정이나 의도를 부분적으로 추론할 수 있다.",,ncic_2022_eng_level_1398
36258,[12심영01-02],achievement_level,E,"다양한 장르의 짧고 간결한 말이나 글에서 사실 정보를 활용하여 화자, 필자, 등장인물 등의 심정이나 의도를 제한적으로 추론할 수 있다.",,ncic_2022_eng_level_1398
36259,[12심영01-06],achievement_level,A,"다양한 매체의 길고 복잡한 말이나 글에 표현된 의견이나 주장을 타당성, 신뢰성, 객관성을 고려하여 비판적으로 평가할 수 있다.",,ncic_2022_eng_level_1398
36260,[12심영01-06],achievement_level,B,"다양한 매체의 길고 복잡한 말이나 글에 표현된 의견이나 주장을 타당성, 신뢰성, 객관성을 고려하여 비교적 비판적으로 평가할 수 있다.",,ncic_2022_eng_level_1398
36261,[12심영01-06],achievement_level,C,"다양한 매체의 말이나 글에 표현된 의견이나 주장을 타당성, 신뢰성, 객관성을 고려하여 어느 정도 비판적으로 평가할 수 있다.",,ncic_2022_eng_level_1398
36262,[12심영01-06],achievement_level,D,"다양한 매체의 말이나 글에 표현된 의견이나 주장을 타당성, 신뢰성, 객관성을 고려하여 다소 비판적으로 평가할 수 있다.",,ncic_2022_eng_level_1398
36263,[12심영01-06],achievement_level,E,"다양한 매체의 짧고 간단한 말이나 글에 표현된 의견이나 주장을 타당성, 신뢰성, 객관성을 제한적으로 고려하여 평가할 수 있다.",,ncic_2022_eng_level_1398
36274,[12심영02-03],achievement_level,A,상대방의 의사소통 방식을 적극적으로 고려하여 자신의 의견을 협력적으로 조정하며 토의할 수 있다.,,ncic_2022_eng_level_1398
36275,[12심영02-03],achievement_level,B,상대방의 의사소통 방식을 비교적 적극적으로 고려하여 자신의 의견을 비교적 협력적으로 조정하며 토의할 수 있다.,,ncic_2022_eng_level_1398
36276,[12심영02-03],achievement_level,C,상대방의 의사소통 방식을 대략적으로 고려하여 자신의 의견을 대략적으로 협력적으로 조정하며 토의할 수 있다.,,ncic_2022_eng_level_1398
36277,[12심영02-03],achievement_level,D,상대방의 의사소통 방식을 부분적으로 고려하여 자신의 의견을 부분적으로 협력적으로 조정하며 토의할 수 있다.,,ncic_2022_eng_level_1398
36278,[12심영02-03],achievement_level,E,상대방의 의사소통 방식을 제한적으로 고려하여 자신의 의견을 제한적으로 조정하며 토의할 수 있다.,,ncic_2022_eng_level_1398
36279,[12심영01-07],achievement_level,A,"우리 문화 및 타 문화의 생활 양식, 사고방식, 의사소통 방식에 관한 길고 복잡한 말이나 글을 듣거나 읽고 문화의 다양성에 대해 적극적으로 포용하는 태도를 보인다.",,ncic_2022_eng_level_1398
36280,[12심영01-07],achievement_level,B,기초 학문을 포함한 다양한 주제의 길고 복잡한 말이나 글을 자신의 말이나 글로 비교적 명확하게 요약할 수 있다.,,ncic_2022_eng_level_1398
36281,[12심영01-07],achievement_level,C,"우리 문화 및 타 문화의 생활 양식, 사고방식, 의사소통 방식에 관한 말이나 글을 듣거나 읽고 문화의 다양성에 대해 비교적 적극적으로 포용하는 태도를 보인다.",,ncic_2022_eng_level_1398
36282,[12심영01-07],achievement_level,D,기초 학문을 포함한 다양한 주제의 말이나 글을 자신의 말이나 글로 부분적으로 요약할 수 있다.,,ncic_2022_eng_level_1398
36283,[12심영01-07],achievement_level,E,"우리 문화 및 타 문화의 생활 양식, 사고방식, 의사소통 방식에 관한 짧고 간결한 복잡한 말이나 글을 듣거나 읽고 문화의 다양성에 대해 제한적으로 포용하는 태도를 보인다.",,ncic_2022_eng_level_1398
36284,[12심영02-08],achievement_level,A,주어진 상황이나 목적에 적절한 전략을 효과적으로 적용하여 다양한 언어･문화적 배경을 가진 영어 사용자와 적극적으로 공감하며 소통하는 태도를 보인다.,,ncic_2022_eng_level_1398
36285,[12심영02-08],achievement_level,B,주어진 상황이나 목적에 적절한 전략을 비교적 효과적으로 적용하여 다양한 언어･문화적 배경을 가진 영어 사용자와 적극적으로 공감하며 소통하는 태도를 보인다.,,ncic_2022_eng_level_1398
36286,[12심영02-08],achievement_level,C,주어진 상황이나 목적에 적절한 전략을 대략적으로 적용하여 다양한 언어･문화적 배경을 가진 영어 사용자와 비교적 적극적으로 공감하며 소통하는 태도를 보인다.,,ncic_2022_eng_level_1398
36287,[12심영02-08],achievement_level,D,주어진 상황이나 목적에 적절한 전략을 부분적으로 적용하여 다양한 언어･문화적 배경을 가진 영어 사용자와 비교적 적극적으로 공감하며 소통하는 태도를 보인다.,,ncic_2022_eng_level_1398
36288,[12심영02-08],achievement_level,E,주어진 상황이나 목적에 적절한 전략을 제한적으로 적용하여 다양한 언어･문화적 배경을 가진 영어 사용자와 제한적으로 공감하며 소통하는 태도를 보인다.,,ncic_2022_eng_level_1398
36289,[12심영01-08],achievement_level,A,다양한 매체의 특성에 맞게 적절한 전략을 효과적으로 적용하여 매체가 전달하는 내용을 정확하게 이해할 수 있다.,,ncic_2022_eng_level_1398
36290,[12심영01-08],achievement_level,B,다양한 매체의 특성에 맞게 적절한 전략을 비교적 효과적으로 적용하여 매체가 전달하는 내용을 비교적 정확하게 이해할 수 있다.,,ncic_2022_eng_level_1398
36291,[12심영01-08],achievement_level,C,다양한 매체의 특성에 맞게 적절한 전략을 대략적으로 적용하여 매체가 전달하는 내용을 대략적으로 이해할 수 있다.,,ncic_2022_eng_level_1398
36292,[12심영01-08],achievement_level,D,다양한 매체의 특성에 맞게 적절한 전략을 부분적으로 적용하여 매체가 전달하는 내용을 부분적으로 이해할 수 있다.,,ncic_2022_eng_level_1398
36293,[12심영01-08],achievement_level,E,다양한 매체의 특성에 맞는 적절한 전략을 제한적으로 적용하여 매체가 전달하는 내용을 제한적으로 이해할 수 있다.,,ncic_2022_eng_level_1398
36294,[12심영02-06],achievement_level,A,다양한 매체의 정보를 목적과 맥락에 맞게 체계적이고 논리적으로 재구성하여 말이나 글로 발표할 수 있다.,,ncic_2022_eng_level_1398
36295,[12심영02-06],achievement_level,B,다양한 매체의 정보를 목적과 맥락에 맞게 비교적 체계적이고 논리적으로 재구성하여 말이나 글로 발표할 수 있다.,,ncic_2022_eng_level_1398
36296,[12심영02-06],achievement_level,C,다양한 매체의 정보를 목적과 맥락에 맞게 대략적으로 체계적이고 논리적으로 재구성하여 말이나 글로 발표할 수 있다.,,ncic_2022_eng_level_1398
36297,[12심영02-06],achievement_level,D,다양한 매체의 정보를 목적과 맥락에 맞게 부분적으로 체계적이고 논리적으로 재구성하여 말이나 글로 발표할 수 있다.,,ncic_2022_eng_level_1398
36298,[12심영02-06],achievement_level,E,다양한 매체의 정보를 목적과 맥락에 맞게 제한적으로 체계적이고 논리적으로 재구성하여 말이나 글로 발표할 수 있다.,,ncic_2022_eng_level_1398
36334,[12영문01-08],achievement_level,A,다양한 장르와 주제의 길고 복잡한 문학 작품을 읽고 표현이나 주제의 예술적 가치에 대한 심미적인 태도를 적극적으로 보인다.,,ncic_2022_eng_level_1398
36335,[12영문01-08],achievement_level,C,다양한 장르와 주제의 문학 작품을 읽고 표현이나 주제의 예술적 가치에 대한 심미적인 태도를 보인다.,,ncic_2022_eng_level_1398
36336,[12영문01-08],achievement_level,E,다양한 장르와 주제의 짧고 간결한 문학 작품을 읽고 표현이나 주제의 예술적 가치에 대한 심미적인 태도를 기르고자 노력한다. 2,,ncic_2022_eng_level_1398
36377,[12영문01-01],achievement_level,A,"다양한 장르와 주제의 길고 복잡한 문학 작품을 읽고, 장르적 특성, 맥락 정보 및 사실 정보를 활용하여 주요 내용을 명확하게 요약할 수 있다.",,ncic_2022_eng_level_1398
36378,[12영문01-01],achievement_level,B,"다양한 장르와 주제의 길고 복잡한 문학 작품을 읽고, 장르적 특성, 맥락 정보 및 사실 정보를 활용하여 주요 내용을 비교적 명확하게 요약할 수 있다.",,ncic_2022_eng_level_1398
36379,[12영문01-01],achievement_level,C,"다양한 장르와 주제의 문학 작품을 읽고, 맥락 정보 및 사실 정보를 활용하여 주요 내용을 대략적으로 요약할 수 있다.",,ncic_2022_eng_level_1398
36380,[12영문01-01],achievement_level,D,"다양한 장르와 주제의 문학 작품을 읽고, 맥락 정보 및 사실 정보를 활용하여 주요 내용을 부분적으로 요약할 수 있다.",,ncic_2022_eng_level_1398
36381,[12영문01-01],achievement_level,E,"다양한 장르와 주제의 짧고 간결한 문학 작품을 읽고, 사실 정보를 활용하여 주요 내용을 제한적으로 요약할 수 있다.",,ncic_2022_eng_level_1398
36387,[12영문01-04],achievement_level,A,"다양한 주제의 길고 복잡한 이야기나 희곡을 읽고, 작품의 구조를 정확하게 분석한 후, 다양하고 적절한 어휘와 언어 형식을 활용하여 구성 요소를 명확하게 설명할 수 있다.",,ncic_2022_eng_level_1398
36388,[12영문01-04],achievement_level,B,"다양한 주제의 길고 복잡한 이야기나 희곡을 읽고, 작품의 구조를 비교적 정확하게 분석한 후, 다양하고 적절한 어휘와 언어 형식을 활용하여 구성 요소를 비교적 명확하게 설명할 수 있다.",,ncic_2022_eng_level_1398
36389,[12영문01-04],achievement_level,C,"다양한 주제의 이야기나 희곡을 읽고, 작품의 구조를 대략적으로 분석한 후, 적절한 어휘와 언어 형식을 활용하여 구성 요소를 대략적으로 설명할 수 있다.",,ncic_2022_eng_level_1398
36390,[12영문01-04],achievement_level,D,"다양한 주제의 이야기나 희곡을 읽고, 작품의 구조를 부분적으로 분석한 후, 적절한 어휘와 언어 형식을 활용하여 구성 요소를 부분적으로 설명할 수 있다.",,ncic_2022_eng_level_1398
36391,[12영문01-04],achievement_level,E,"다양한 주제의 짧고 간결한 이야기나 희곡을 읽고, 작품의 구조를 제한적으로 분석한 후, 기본적인 어휘와 간단한 언어 형식을 활용하여 구성 요소를 제한적으로 설명할 수 있다. 평가 과제 작품 속 주요 내용 및 구조를 분석하고 이야기의 교훈과 관련된 주제에 대한 자신의 생각 표현 및 공유하기",,ncic_2022_eng_level_1398
36402,[12영문01-03],achievement_level,A,"다양한 장르와 주제의 길고 복잡한 문학 작품을 읽고, 다양하고 적절한 어휘와 언어 형식을 활용하여 자신의 느낌이나 감상을 명확하게 표현하고 공유할 수 있다.",,ncic_2022_eng_level_1398
36403,[12영문01-03],achievement_level,B,"다양한 장르와 주제의 길고 복잡한 문학 작품을 읽고, 다양하고 적절한 어휘와 언어 형식을 활용하여 자신의 느낌이나 감상을 비교적 명확하게 표현하고 공유할 수 있다.",,ncic_2022_eng_level_1398
36404,[12영문01-03],achievement_level,C,"다양한 장르와 주제의 문학 작품을 읽고, 적절한 어휘와 언어 형식을 활용하여 자신의 느낌이나 감상을 대략적으로 표현하고 공유할 수 있다.",,ncic_2022_eng_level_1398
36405,[12영문01-03],achievement_level,D,"다양한 장르와 주제의 문학 작품을 읽고, 적절한 어휘와 언어 형식을 활용하여 자신의 느낌이나 감상을 부분적으로 표현하고 공유할 수 있다.",,ncic_2022_eng_level_1398
36406,[12영문01-03],achievement_level,E,"다양한 장르와 주제의 짧고 간결한 문학 작품을 읽고, 기본적인 어휘와 간단한 언어 형식을 활용하여 자신의 느낌이나 감상을 제한적으로 표현하고 공유할 수 있다.",,ncic_2022_eng_level_1398
36422,[12영문01-02],achievement_level,A,"다양한 장르와 주제의 길고 복잡한 문학 작품을 읽고, 장르적 특성, 맥락 정보 및 사실 정보를 활용하여 필자나 인물의 의도나 목적을 정확하게 파악할 수 있다.",,ncic_2022_eng_level_1398
36423,[12영문01-02],achievement_level,B,"다양한 장르와 주제의 길고 복잡한 문학 작품을 읽고, 장르적 특성, 맥락 정보 및 사실 정보를 활용하여 필자나 인물의 의도나 목적을 비교적 정확하게 파악할 수 있다.",,ncic_2022_eng_level_1398
36424,[12영문01-02],achievement_level,C,"다양한 장르와 주제의 문학 작품을 읽고, 맥락 정보 및 사실 정보를 활용하여 필자나 인물의 의도나 목적을 대략적으로 파악할 수 있다.",,ncic_2022_eng_level_1398
36425,[12영문01-02],achievement_level,D,"다양한 장르와 주제의 문학 작품을 읽고, 맥락 정보 및 사실 정보를 활용하여 필자나 인물의 의도나 목적을 부분적으로 파악할 수 있다.",,ncic_2022_eng_level_1398
36426,[12영문01-02],achievement_level,E,"다양한 장르와 주제의 짧고 간결한 문학 작품을 읽고, 사실 정보를 활용하여 필자나 인물의 의도나 목적을 제한적으로 파악할 수 있다.",,ncic_2022_eng_level_1398
36432,[12영문01-05],achievement_level,A,"다양한 주제의 길고 복잡한 시를 읽고, 운율, 이미지, 은유, 상징 등의 문학적 비유 표현과 의미를 정확하게 파악한 후, 다양하고 적절한 어휘와 언어 형식을 활용하여 창의적인 말이나 글의 형태로 명확하게 표현할 수 있다.",,ncic_2022_eng_level_1398
36433,[12영문01-05],achievement_level,B,"다양한 주제의 길고 복잡한 시를 읽고, 운율, 이미지, 은유, 상징 등의 문학적 비유 표현과 의미를 비교적 정확하게 파악한 후, 다양하고 적절한 어휘와 언어 형식을 활용하여 창의적인 말이나 글의 형태로 비교적 명확하게 표현할 수 있다.",,ncic_2022_eng_level_1398
36434,[12영문01-05],achievement_level,C,"다양한 주제의 시를 읽고, 운율, 이미지, 은유, 상징 등의 문학적 비유 표현과 의미를 대략적으로 파악한 후, 적절한 어휘와 언어 형식을 활용하여 대체로 창의적인 말이나 글의 형태로 표현할 수 있다.",,ncic_2022_eng_level_1398
36435,[12영문01-05],achievement_level,D,"다양한 주제의 시를 읽고, 운율, 이미지, 은유, 상징 등의 문학적 비유 표현과 의미를 부분적으로 파악한 후, 적절한 어휘와 언어 형식을 활용하여 일부 창의적인 말이나 글의 형태로 표현할 수 있다.",,ncic_2022_eng_level_1398
36436,[12영문01-05],achievement_level,E,"다양한 주제의 짧고 간결한 시를 읽고, 운율, 이미지, 은유, 상징 등의 문학적 비유 표현과 의미를 제한적으로 파악한 후, 기본적인 어휘와 간단한 언어 형식을 활용하여 창의적인 말이나 글의 형태로 표현하려고 노력한다.",,ncic_2022_eng_level_1398
36437,[12영문01-06],achievement_level,A,다양한 매체로부터 얻을 수 있는 정보를 종합적으로 활용하여 길고 복잡한 문학 작품의 내용을 다양한 관점에서 체계적이고 논리적으로 분석･비평할 수 있다.,,ncic_2022_eng_level_1398
36438,[12영문01-06],achievement_level,B,다양한 매체로부터 얻을 수 있는 정보를 종합적으로 활용하여 길고 복잡한 문학 작품의 내용을 다양한 관점에서 비교적 체계적이고 논리적으로 분석･비평할 수 있다.,,ncic_2022_eng_level_1398
36439,[12영문01-06],achievement_level,C,다양한 매체로부터 얻을 수 있는 정보를 적절히 활용하여 문학 작품의 내용을 다양한 관점에서 대략적으로 분석･비평할 수 있다.,,ncic_2022_eng_level_1398
36440,[12영문01-06],achievement_level,D,다양한 매체로부터 얻을 수 있는 정보를 적절히 활용하여 문학 작품의 내용을 다양한 관점에서 부분적으로 분석･비평할 수 있다.,,ncic_2022_eng_level_1398
36441,[12영문01-06],achievement_level,E,다양한 매체로부터 얻을 수 있는 정보를 활용하여 짧고 간결한 문학 작품의 내용을 제한적으로 분석･비평할 수 있다.,,ncic_2022_eng_level_1398
36442,[12영문01-07],achievement_level,A,"다양한 장르와 주제의 길고 복잡한 문학 작품을 읽고, 우리 문화와 타 문화의 생활양식, 사고방식, 의사소통 방식의 차이와 다양성에 대해 다양하고 적절한 어휘와 언어 형식을 활용하여 명확하게 비교･분석할 수 있다.",,ncic_2022_eng_level_1398
36443,[12영문01-07],achievement_level,B,"다양한 장르와 주제의 길고 복잡한 문학 작품을 읽고, 우리 문화와 타 문화의 생활양식, 사고방식, 의사소통 방식의 차이와 다양성에 대해 다양하고 적절한 어휘와 언어 형식을 활용하여 비교적 명확하게 비교･분석할 수 있다.",,ncic_2022_eng_level_1398
36444,[12영문01-07],achievement_level,C,"다양한 장르와 주제의 문학 작품을 읽고, 우리 문화와 타 문화의 생활양식, 사고방식, 의사소통 방식의 차이와 다양성에 대해 적절한 어휘와 언어 형식을 활용하여 대략적으로 비교･분석할 수 있다.",,ncic_2022_eng_level_1398
36445,[12영문01-07],achievement_level,D,"다양한 장르와 주제의 문학 작품을 읽고, 우리 문화와 타 문화의 생활양식, 사고방식, 의사소통 방식의 차이와 다양성에 대해 적절한 어휘와 언어 형식을 활용하여 부분적으로 비교･분석할 수 있다",,ncic_2022_eng_level_1398
36446,[12영문01-07],achievement_level,E,"다양한 장르와 주제의 짧고 간결한 문학 작품을 읽고, 우리 문화와 타 문화의 생활양식, 사고방식, 의사소통 방식의 차이와 다양성에 대해 기본적인 어휘와 간단한 언어 형식을 활용하여 제한적으로 비교･분석할 수 있다.",,ncic_2022_eng_level_1398
36530,[12심독01-03],achievement_level,A,"기초 학문 주제를 포함하는 다양한 주제와 장르의 길고 복잡한 글을 읽고, 사실 정보, 장르적 특성, 맥락 정보를 활용하여 글의 구성 방식에 따른 논리적 관계를 정확하게 추론할 수 있다.",,ncic_2022_eng_level_1398
36531,[12심독01-03],achievement_level,B,"기초 학문 주제를 포함하는 다양한 주제와 장르의 길고 복잡한 글을 읽고 사실 정보, 장르적 특성, 맥락 정보를 활용하여 글의 구성 방식에 따른 논리적 관계를 비교적 정확하게 추론할 수 있다.",,ncic_2022_eng_level_1398
36532,[12심독01-03],achievement_level,C,"기초 학문 주제를 포함하는 다양한 주제와 장르의 글을 읽고, 사실 정보와 맥락 정보를 활용하여 글의 구성 방식에 따른 논리적 관계를 대략적으로 추론할 수 있다.",,ncic_2022_eng_level_1398
36533,[12심독01-03],achievement_level,D,"기초 학문 주제를 포함하는 다양한 주제와 장르의 글을 읽고, 사실 정보와 맥락 정보를 활용하여 글의 구성 방식에 따른 논리적 관계를 부분적으로 추론할 수 있다.",,ncic_2022_eng_level_1398
36534,[12심독01-03],achievement_level,E,기초 학문 주제를 포함하는 다양한 주제와 장르의 짧고 간결한 글을 읽고 사실 정보를 활용하여 글의 구성 방식에 따른 논리적 관계를 제한적으로 추론할 수 있다.,,ncic_2022_eng_level_1398
36535,[12심독01-02],achievement_level,A,"길고 복잡한 이야기나 서사 및 운문을 읽고, 사실 정보, 장르적 특성, 맥락 정보를 활용하여 필자나 등장인물의 심정이나 의도를 정확하게 추론할 수 있다.",,ncic_2022_eng_level_1398
36536,[12심독01-02],achievement_level,B,"길고 복잡한 이야기나 서사 및 운문을 읽고, 사실 정보, 장르적 특성, 맥락 정보를 활용하여 필자나 등장인물의 심정이나 의도를 비교적 정확하게 추론할 수 있다.",,ncic_2022_eng_level_1398
36537,[12심독01-02],achievement_level,C,"이야기나 서사 및 운문을 읽고, 사실 정보와 맥락 정보를 활용하여 필자나 등장인물의 심정이나 의도를 대략적으로 추론할 수 있다.",,ncic_2022_eng_level_1398
36538,[12심독01-02],achievement_level,D,"이야기나 서사 및 운문을 읽고, 사실 정보와 맥락 정보를 활용하여 필자나 등장인물의 심정이나 의도를 부분적으로 추론할 수 있다.",,ncic_2022_eng_level_1398
36539,[12심독01-02],achievement_level,E,"짧고 간결한 이야기나 서사 및 운문을 읽고, 사실 정보를 활용하여 필자나 등장인물의 심정이나 의도를 제한적으로 추론할 수 있다.",,ncic_2022_eng_level_1398
36555,[12심독01-06],achievement_level,A,"기초 학문 주제를 포함하는 다양한 주제와 장르의 길고 복잡한 글을 읽고, 사실 정보, 장르적 특성, 맥락 정보를 활용하여 다양한 유형의 글의 구조와 형식을 정확하게 비교하고 분석할 수 있다.",,ncic_2022_eng_level_1398
36556,[12심독01-06],achievement_level,B,"기초 학문 주제를 포함하는 다양한 주제와 장르의 길고 복잡한 글을 읽고, 사실 정보, 장르적 특성, 맥락 정보를 활용하여 다양한 유형의 글의 구조와 형식을 비교적 정확하게 비교하고 분석할 수 있다.",,ncic_2022_eng_level_1398
36557,[12심독01-06],achievement_level,C,"기초 학문 주제를 포함하는 다양한 주제와 장르의 글을 읽고, 사실 정보와 맥락 정보를 활용하여 다양한 유형의 글의 구조와 형식을 대략적으로 비교하고 분석할 수 있다.",,ncic_2022_eng_level_1398
36558,[12심독01-06],achievement_level,D,"기초 학문 주제를 포함하는 다양한 주제와 장르의 글을 읽고, 사실 정보와 맥락 정보를 활용하여 다양한 유형의 글의 구조와 형식을 부분적으로 비교하고 분석할 수 있다.",,ncic_2022_eng_level_1398
36559,[12심독01-06],achievement_level,E,"기초 학문 주제를 포함하는 다양한 주제와 장르의 짧고 간결한 글을 읽고, 사실 정보를 활용하여 다양한 유형의 글의 구조와 형식을 제한적으로 비교할 수 있다.",,ncic_2022_eng_level_1398
36565,[12심독01-05],achievement_level,A,"길고 복잡한 다양한 문학 작품을 읽고, 사실 정보, 장르적 특성, 맥락 정보를 활용하여 문학적 표현과 의미를 정확하게 파악할 수 있다.",,ncic_2022_eng_level_1398
36566,[12심독01-05],achievement_level,B,"길고 복잡한 다양한 문학 작품을 읽고, 사실 정보, 장르적 특성, 맥락 정보를 활용하여 문학적 표현과 의미를 비교적 정확하게 파악할 수 있다.",,ncic_2022_eng_level_1398
36567,[12심독01-05],achievement_level,C,"다양한 문학 작품을 읽고, 사실 정보와 맥락 정보를 활용하여 문학적 표현과 의미를 대략적으로 파악할 수 있다.",,ncic_2022_eng_level_1398
36568,[12심독01-05],achievement_level,D,"다양한 문학 작품을 읽고, 사실 정보와 맥락 정보를 활용하여 문학적 표현과 의미를 부분적으로 파악할 수 있다.",,ncic_2022_eng_level_1398
36569,[12심독01-05],achievement_level,E,"짧고 간결한 문학 작품을 읽고, 사실 정보를 활용하여 문학적 표현과 의미를 제한적으로 파악할 수 있다.",,ncic_2022_eng_level_1398
36570,[12심독02-02],achievement_level,A,이야기나 서사 및 운문에 대해 다양하고 적절한 어휘와 언어 형식을 활용하여 자신의 감상이나 느낌을 명확하게 표현하는 글을 쓸 수 있다.,,ncic_2022_eng_level_1398
36571,[12심독02-02],achievement_level,B,이야기나 서사 및 운문에 대해 다양하고 적절한 어휘와 언어 형식을 활용하여 자신의 감상이나 느낌을 비교적 명확하게 표현하는 글을 쓸 수 있다.,,ncic_2022_eng_level_1398
36572,[12심독02-02],achievement_level,C,이야기나 서사 및 운문에 대해 적절한 어휘와 언어 형식을 활용하여 자신의 감상이나 느낌을 대략적으로 표현하는 글을 쓸 수 있다.,,ncic_2022_eng_level_1398
36573,[12심독02-02],achievement_level,D,이야기나 서사 및 운문에 대해 적절한 어휘와 언어 형식을 활용하여 자신의 감상이나 느낌을 부분적으로 표현하는 글을 쓸 수 있다.,,ncic_2022_eng_level_1398
36574,[12심독02-02],achievement_level,E,이야기나 서사 및 운문에 대해 기본적인 어휘와 간단한 언어 형식을 활용하여 자신의 감상이나 느낌을 제한적으로 표현하는 글을 쓸 수 있다.,,ncic_2022_eng_level_1398
36580,[12심독02-04],achievement_level,A,다양한 기초 학문 분야의 주제에 관하여 듣거나 읽은 내용을 정확하게 이해하고 주요 정보를 명확하게 요약할 수 있다.,,ncic_2022_eng_level_1398
36581,[12심독02-04],achievement_level,B,다양한 기초 학문 분야의 주제에 관하여 듣거나 읽은 내용을 비교적 정확하게 이해하고 주요 정보를 비교적 명확하게 요약할 수 있다.,,ncic_2022_eng_level_1398
36582,[12심독02-04],achievement_level,C,다양한 기초 학문 분야의 주제에 관하여 듣거나 읽은 내용을 대략적으로 이해하고 주요 정보를 대략적으로 요약할 수 있다.,,ncic_2022_eng_level_1398
36583,[12심독02-04],achievement_level,D,다양한 기초 학문 분야의 주제에 관하여 듣거나 읽은 내용을 부분적으로 이해하고 주요 정보를 부분적으로 요약할 수 있다.,,ncic_2022_eng_level_1398
36584,[12심독02-04],achievement_level,E,다양한 기초 학문 분야의 주제에 관하여 듣거나 읽은 내용을 제한적으로 이해하고 주요 정보를 제한적으로 요약할 수 있다.,,ncic_2022_eng_level_1398
36585,[12심독01-08],achievement_level,A,"우리 문화 및 타 문화의 생활 양식, 사고방식, 의사소통 방식의 차이에 대해 적극적으로 포용하는 태도를 보인다.",,ncic_2022_eng_level_1398
36586,[12심독01-08],achievement_level,C,"우리 문화 및 타 문화의 생활 양식, 사고방식, 의사소통 방식의 차이에 대해 비교적 적극적으로 포용하는 태도를 보인다.",,ncic_2022_eng_level_1398
36587,[12심독01-08],achievement_level,E,"우리 문화 및 타 문화의 생활 양식, 사고방식, 의사소통 방식의 차이를 포용하려고 노력하는 태도를 보인다.",,ncic_2022_eng_level_1398
36588,[12심독02-05],achievement_level,A,"우리 문화 및 타 문화의 생활 양식, 사고방식, 의사소통 방식에 관한 글을 읽고, 다양하고 적절한 어휘와 언어 형식을 활용하여 문화 간 차이에 대해 명확하게 비교･대조하는 글을 쓸 수 있다.",,ncic_2022_eng_level_1398
36589,[12심독02-05],achievement_level,B,"우리 문화 및 타 문화의 생활 양식, 사고방식, 의사소통 방식에 관한 글을 읽고, 다양하고 적절한 어휘와 언어 형식을 활용하여 문화 간 차이에 대해 비교적 명확하게 비교･대조하는 글을 쓸 수 있다.",,ncic_2022_eng_level_1398
36590,[12심독02-05],achievement_level,C,"우리 문화 및 타 문화의 생활 양식, 사고방식, 의사소통 방식에 관한 글을 읽고, 적절한 어휘와 언어 형식을 활용하여 문화 간 차이에 대해 대략적으로 비교･대조하는 글을 쓸 수 있다.",,ncic_2022_eng_level_1398
36591,[12심독02-05],achievement_level,D,"우리 문화 및 타 문화의 생활 양식, 사고방식, 의사소통 방식에 관한 글을 읽고, 적절한 어휘와 언어 형식을 활용하여 문화 간 차이에 대해 부분적으로 비교･대조하는 글을 쓸 수 있다.",,ncic_2022_eng_level_1398
36592,[12심독02-05],achievement_level,E,"우리 문화 및 타 문화의 생활 양식, 사고방식, 의사소통 방식에 관한 글을 읽고, 기본적인 어휘와 간단한 언어 형식을 활용하여 문화 간 차이에 대해 제한적으로 비교･대조하는 글을 쓸 수 있다.",,ncic_2022_eng_level_1398
36608,[12심독02-01],achievement_level,A,다양한 분야의 기초 학문 주제에 관한 사실적 정보를 다양하고 적절한 어휘와 언어 형식을 활용하여 명확하게 기술하거나 설명하는 글을 쓸 수 있다.,,ncic_2022_eng_level_1398
36609,[12심독02-01],achievement_level,B,다양한 분야의 기초 학문 주제에 관한 사실적 정보를 다양하고 적절한 어휘와 언어 형식을 활용하여 비교적 명확하게 기술하거나 설명하는 글을 쓸 수 있다.,,ncic_2022_eng_level_1398
36610,[12심독02-01],achievement_level,C,다양한 분야의 기초 학문 주제에 관한 사실적 정보를 적절한 어휘와 언어 형식을 활용하여 대략적으로 기술하거나 설명하는 글을 쓸 수 있다.,,ncic_2022_eng_level_1398
36611,[12심독02-01],achievement_level,D,다양한 분야의 기초 학문 주제에 관한 사실적 정보를 적절한 어휘와 언어 형식을 활용하여 부분적으로 기술하거나 설명하는 글을 쓸 수 있다.,,ncic_2022_eng_level_1398
36612,[12심독02-01],achievement_level,E,다양한 분야의 기초 학문 주제에 관한 사실적 정보를 기본적인 어휘와 간단한 언어 형식을 활용하여 제한적으로 기술하거나 설명하는 글을 쓸 수 있다.,,ncic_2022_eng_level_1398
36618,[12심독02-07],achievement_level,A,사회적으로 이슈가 되는 주제에 관하여 정보 윤리를 엄격하게 준수하며 비판적이고 독창적인 글을 명확하게 쓸 수 있다.,,ncic_2022_eng_level_1398
36619,[12심독02-07],achievement_level,B,사회적으로 이슈가 되는 주제에 관하여 정보 윤리를 비교적 엄격하게 준수하며 비판적이고 독창적인 글을 비교적 명확하게 쓸 수 있다.,,ncic_2022_eng_level_1398
36620,[12심독02-07],achievement_level,C,사회적으로 이슈가 되는 주제에 관하여 정보 윤리를 대략적으로 준수하며 비판적이고 독창적인 글을 대략적으로 쓸 수 있다.,,ncic_2022_eng_level_1398
36621,[12심독02-07],achievement_level,D,사회적으로 이슈가 되는 주제에 관하여 정보 윤리를 부분적으로 준수하며 비판적이고 독창적인 글을 부분적으로 쓸 수 있다.,,ncic_2022_eng_level_1398
36622,[12심독02-07],achievement_level,E,사회적으로 이슈가 되는 주제에 관하여 정보 윤리를 제한적으로 준수하며 비판적이고 독창적인 글을 제한적으로 쓸 수 있다.,,ncic_2022_eng_level_1398
36623,[12심독01-01],achievement_level,A,"다양한 분야의 기초 학문 주제에 관한 길고 복잡한 글을 읽고, 사실 정보, 장르적 특성, 맥락 정보를 활용하여 주요 내용을 정확하게 파악할 수 있다.",,ncic_2022_eng_level_1398
36624,[12심독01-01],achievement_level,B,"다양한 분야의 기초 학문 주제에 관한 길고 복잡한 글을 읽고, 사실 정보, 장르적 특성, 맥락 정보를 활용하여 주요 내용을 비교적 정확하게 파악할 수 있다.",,ncic_2022_eng_level_1398
36625,[12심독01-01],achievement_level,C,"다양한 분야의 기초 학문 주제에 관한 글을 읽고, 사실 정보와 맥락 정보를 활용하여 주요 내용을 대략적으로 파악할 수 있다.",,ncic_2022_eng_level_1398
36626,[12심독01-01],achievement_level,D,"다양한 분야의 기초 학문 주제에 관한 글을 읽고, 사실 정보와 맥락 정보를 활용하여 주요 내용을 부분적으로 파악할 수 있다.",,ncic_2022_eng_level_1398
36627,[12심독01-01],achievement_level,E,"다양한 분야의 기초 학문 주제의 짧고 간결한 글을 읽고, 사실 정보를 활용하여 주요 내용을 제한적으로 파악할 수 있다.",,ncic_2022_eng_level_1398
36628,[12심독01-09],achievement_level,A,기초 학문 주제를 포함하는 다양한 주제와 장르의 길고 복잡한 글을 읽으며 적절한 읽기 전략을 효과적으로 적용하여 자신의 읽기 과정을 적극적으로 점검할 수 있다.,,ncic_2022_eng_level_1398
36629,[12심독01-09],achievement_level,B,기초 학문 주제를 포함하는 다양한 주제와 장르의 길고 복잡한 글을 읽으며 적절한 읽기 전략을 비교적 효과적으로 적용하여 자신의 읽기 과정을 비교적 적극적으로 점검할 수 있다.,,ncic_2022_eng_level_1398
36630,[12심독01-09],achievement_level,C,기초 학문 주제를 포함하는 다양한 주제와 장르의 글을 읽으며 적절한 읽기 전략을 대략적으로 적용하여 자신의 읽기 과정을 대략적으로 점검할 수 있다.,,ncic_2022_eng_level_1398
36631,[12심독01-09],achievement_level,D,기초 학문 주제를 포함하는 다양한 주제와 장르의 글을 읽으며 적절한 읽기 전략을 부분적으로 적용하여 자신의 읽기 과정을 부분적으로 점검할 수 있다.,,ncic_2022_eng_level_1398
36632,[12심독01-09],achievement_level,E,기초 학문 주제를 포함하는 다양한 주제와 장르의 짧고 간결한 글을 읽으며 적절한 읽기 전략을 제한적으로 적용할 수 있다.,,ncic_2022_eng_level_1398
36638,[12심독02-06],achievement_level,A,다양한 매체에서 얻은 정보를 목적과 맥락에 맞도록 명확하게 분석･종합･비평하여 체계적이고 논리적으로 재구성할 수 있다.,,ncic_2022_eng_level_1398
36639,[12심독02-06],achievement_level,B,다양한 매체에서 얻은 정보를 목적과 맥락에 맞도록 비교적 명확하게 분석･종합･비평하여 비교적 체계적이고 논리적으로 재구성할 수 있다.,,ncic_2022_eng_level_1398
36640,[12심독02-06],achievement_level,C,다양한 매체에서 얻은 정보를 목적과 맥락에 맞도록 대략적으로 분석･종합･비평하여 대략적으로 재구성할 수 있다.,,ncic_2022_eng_level_1398
36641,[12심독02-06],achievement_level,D,다양한 매체에서 얻은 정보를 목적과 맥락에 맞도록 부분적으로 분석･종합･비평하여 부분적으로 재구성할 수 있다.,,ncic_2022_eng_level_1398
36642,[12심독02-06],achievement_level,E,다양한 매체에서 얻은 정보를 목적과 맥락에 맞도록 제한적으로 분석하고 종합하여 제한적으로 재구성할 수 있다.,,ncic_2022_eng_level_1398
36643,[12심독02-08],achievement_level,A,다양한 분야의 주제에 관하여 적절한 쓰기 전략을 효과적으로 적용하여 글을 면밀하게 점검하고 고쳐 쓸 수 있다.,,ncic_2022_eng_level_1398
36644,[12심독02-08],achievement_level,B,다양한 분야의 주제에 관하여 적절한 쓰기 전략을 비교적 효과적으로 적용하여 글을 비교적 면밀하게 점검하고 고쳐 쓸 수 있다.,,ncic_2022_eng_level_1398
36645,[12심독02-08],achievement_level,C,다양한 분야의 주제에 관하여 적절한 쓰기 전략을 대략적으로 적용하여 글을 대략적으로 점검하고 고쳐 쓸 수 있다.,,ncic_2022_eng_level_1398
36646,[12심독02-08],achievement_level,D,다양한 분야의 주제에 관하여 적절한 쓰기 전략을 부분적으로 적용하여 글을 부분적으로 점검하고 고쳐 쓸 수 있다.,,ncic_2022_eng_level_1398
36647,[12심독02-08],achievement_level,E,다양한 분야의 주제에 관하여 적절한 쓰기 전략을 제한적으로 적용하여 글을 제한적으로 점검할 수 있다.,,ncic_2022_eng_level_1398
36648,[12심독01-04],achievement_level,A,"기초 학문 주제를 포함하는 다양한 주제와 장르의 길고 복잡한 글을 읽고, 글의 맥락과 배경지식을 적극적으로 활용하여 함축적 의미를 정확하게 추론할 수 있다.",,ncic_2022_eng_level_1398
36649,[12심독01-04],achievement_level,B,"기초 학문 주제를 포함하는 다양한 주제와 장르의 길고 복잡한 글을 읽고, 글의 맥락과 배경지식을 비교적 적극적으로 활용하여 함축적 의미를 비교적 정확하게 추론할 수 있다.",,ncic_2022_eng_level_1398
36650,[12심독01-04],achievement_level,C,"기초 학문 주제를 포함하는 다양한 주제와 장르의 글을 읽고, 글의 맥락과 배경지식을 활용하여 함축적 의미를 대략적으로 추론할 수 있다.",,ncic_2022_eng_level_1398
36651,[12심독01-04],achievement_level,D,"기초 학문 주제를 포함하는 다양한 주제와 장르의 글을 읽고, 글의 맥락과 배경지식을 활용하여 함축적 의미를 부분적으로 추론할 수 있다.",,ncic_2022_eng_level_1398
36652,[12심독01-04],achievement_level,E,"기초 학문 주제를 포함하는 다양한 주제와 장르의 짧고 간결한 글을 읽고, 글의 맥락과 배경지식을 일부 활용하여 함축적 의미를 제한적으로 추론할 수 있다.",,ncic_2022_eng_level_1398
36653,[12심독01-07],achievement_level,A,다양한 매체로 표현된 길고 복잡한 글의 타당성을 평가하며 비판적으로 읽을 수 있다.,,ncic_2022_eng_level_1398
36654,[12심독01-07],achievement_level,B,다양한 매체로 표현된 길고 복잡한 글의 타당성을 평가하며 비교적 비판적으로 읽을 수 있다.,,ncic_2022_eng_level_1398
36655,[12심독01-07],achievement_level,C,다양한 매체로 표현된 글의 타당성을 대략적으로 평가하며 읽을 수 있다.,,ncic_2022_eng_level_1398
36656,[12심독01-07],achievement_level,D,다양한 매체로 표현된 글의 타당성을 부분적으로 평가하며 읽을 수 있다.,,ncic_2022_eng_level_1398
36657,[12심독01-07],achievement_level,E,다양한 매체로 표현된 짧고 간결한 글의 타당성을 제한적으로 평가하며 읽을 수 있다.,,ncic_2022_eng_level_1398
36658,[12심독02-03],achievement_level,A,다양한 분야의 기초 학문 주제에 관해 다양하고 적절한 어휘와 언어 형식을 활용하여 상대방을 설득하는 글을 명확하게 쓸 수 있다.,,ncic_2022_eng_level_1398
36659,[12심독02-03],achievement_level,B,다양한 분야의 기초 학문 주제에 관해 다양하고 적절한 어휘와 언어 형식을 활용하여 상대방을 설득하는 글을 비교적 명확하게 쓸 수 있다.,,ncic_2022_eng_level_1398
36660,[12심독02-03],achievement_level,C,다양한 분야의 기초 학문 주제에 관해 적절한 어휘와 언어 형식을 활용하여 상대방을 설득하는 글을 대략적으로 쓸 수 있다.,,ncic_2022_eng_level_1398
36661,[12심독02-03],achievement_level,D,다양한 분야의 기초 학문 주제에 관해 적절한 어휘와 언어 형식을 활용하여 상대방을 설득하는 글을 부분적으로 쓸 수 있다.,,ncic_2022_eng_level_1398
36662,[12심독02-03],achievement_level,E,다양한 분야의 기초 학문 주제에 관해 기본적인 어휘와 간단한 언어 형식을 활용하여 상대방을 설득하는 글을 제한적으로 쓸 수 있다.,,ncic_2022_eng_level_1398
36708,[12실영01-02],achievement_level,A,"실생활과 관련된 다양한 유형의 길고 복잡한 말이나 대화를 듣고 배경지식, 맥락 정보와 사실 정보를 활용하여 화자의 의도나 목적을 명확하게 추론할 수 있다.",,ncic_2022_eng_level_1398
36709,[12실영01-02],achievement_level,B,"실생활과 관련된 다양한 유형의 길고 복잡한 말이나 대화를 듣고 배경지식, 맥락 정보와 사실 정보를 활용하여 화자의 의도나 목적을 비교적 명확하게 추론할 수 있다.",,ncic_2022_eng_level_1398
36710,[12실영01-02],achievement_level,C,실생활과 관련된 다양한 유형의 말이나 대화를 듣고 맥락 정보와 사실 정보를 활용하여 화자의 의도나 목적을 대략적으로 추론할 수 있다.,,ncic_2022_eng_level_1398
36711,[12실영01-02],achievement_level,D,실생활과 관련된 다양한 유형의 말이나 대화를 듣고 맥락 정보와 사실 정보를 활용하여 화자의 의도나 목적을 부분적으로 추론할 수 있다.,,ncic_2022_eng_level_1398
36712,[12실영01-02],achievement_level,E,실생활과 관련된 다양한 유형의 짧고 간단한 말이나 대화를 듣고 사실 정보를 활용하여 화자의 의도나 목적을 제한적으로 추론할 수 있다.,,ncic_2022_eng_level_1398
36713,[12실영01-01],achievement_level,A,"실생활과 관련된 다양한 유형의 길고 복잡한 말이나 대화를 듣고 배경지식, 맥락 정보와 사실 정보를 활용하여 핵심 정보를 명확하게 파악할 수 있다.",,ncic_2022_eng_level_1398
36714,[12실영01-01],achievement_level,B,"실생활과 관련된 다양한 유형의 길고 복잡한 말이나 대화를 듣고 배경지식, 맥락 정보와 사실 정보를 활용하여 핵심 정보를 비교적 명확하게 파악할 수 있다.",,ncic_2022_eng_level_1398
36715,[12실영01-01],achievement_level,C,실생활과 관련된 다양한 유형의 말이나 대화를 듣고 맥락 정보와 사실 정보를 활용하여 핵심 정보를 대략적으로 파악할 수 있다.,,ncic_2022_eng_level_1398
36716,[12실영01-01],achievement_level,D,실생활과 관련된 다양한 유형의 말이나 대화를 듣고 맥락 정보와 사실 정보를 활용하여 핵심 정보를 부분적으로 파악할 수 있다.,,ncic_2022_eng_level_1398
36717,[12실영01-01],achievement_level,E,실생활과 관련된 다양한 유형의 짧고 간단한 말이나 대화를 듣고 사실 정보를 활용하여 핵심 정보를 제한적으로 파악할 수 있다.,,ncic_2022_eng_level_1398
36738,[12실영01-03],achievement_level,A,듣기･말하기에 대한 자신감을 적극적으로 보이며 다양하고 적절한 어휘나 언어 형식을 활용하여 자신이나 주변 사람 또는 사물을 명확하게 소개할 수 있다.,,ncic_2022_eng_level_1398
36739,[12실영01-03],achievement_level,B,듣기･말하기에 대한 자신감을 적극적으로 보이며 다양하고 적절한 어휘나 언어 형식을 활용하여 자신이나 주변 사람 또는 사물을 비교적 명확하게 소개할 수 있다.,,ncic_2022_eng_level_1398
36740,[12실영01-03],achievement_level,C,듣기･말하기에 대한 자신감을 비교적 적극적으로 보이며 적절한 어휘나 언어 형식을 활용하여 자신이나 주변 사람 또는 사물을 대략적으로 소개할 수 있다.,,ncic_2022_eng_level_1398
36741,[12실영01-03],achievement_level,D,듣기･말하기에 대한 자신감을 비교적 적극적으로 보이며 적절한 어휘나 언어 형식을 활용하여 자신이나 주변 사람 또는 사물을 부분적으로 소개할 수 있다.,,ncic_2022_eng_level_1398
36742,[12실영01-03],achievement_level,E,듣기･말하기에 대한 자신감을 가지려고 노력하는 태도를 보이며 주어진 어휘나 언어 형식 활용하여 자신이나 주변 사람 또는 사물을 제한적으로 소개할 수 있다.,,ncic_2022_eng_level_1398
36743,[12실영01-08],achievement_level,A,적절한 전략을 효과적으로 활용하여 의사소통 상황이나 목적에 맞게 언어적･비언어적 표현을 사용하여 명확하게 반응할 수 있다.,,ncic_2022_eng_level_1398
36744,[12실영01-08],achievement_level,B,적절한 전략을 비교적 효과적으로 활용하여 의사소통 상황이나 목적에 맞게 언어적･비언어적 표현을 사용하여 비교적 명확하게 반응할 수 있다.,,ncic_2022_eng_level_1398
36745,[12실영01-08],achievement_level,C,적절한 전략을 대략적으로 활용하여 의사소통 상황이나 목적에 맞게 언어적･비언어적 표현을 사용하여 대략적으로 반응할 수 있다.,,ncic_2022_eng_level_1398
36746,[12실영01-08],achievement_level,D,적절한 전략을 부분적으로 활용하여 의사소통 상황이나 목적에 맞게 언어적･비언어적 표현을 사용하여 부분적으로 반응할 수 있다.,,ncic_2022_eng_level_1398
36747,[12실영01-08],achievement_level,E,적절한 전략을 제한적으로 활용하여 의사소통 상황이나 목적에 맞게 언어적･비언어적 표현을 사용하여 제한적으로 반응할 수 있다.,,ncic_2022_eng_level_1398
36763,[12실영01-06],achievement_level,A,실생활에 필요한 일의 방법이나 절차를 다양하고 적절한 어휘와 언어 형식을 활용하여 명확하게 설명할 수 있다.,,ncic_2022_eng_level_1398
36764,[12실영01-06],achievement_level,B,실생활에 필요한 일의 방법이나 절차를 다양하고 적절한 어휘와 언어 형식을 활용하여 비교적 명확하게 설명할 수 있다.,,ncic_2022_eng_level_1398
36765,[12실영01-06],achievement_level,C,실생활에 필요한 일의 방법이나 절차를 적절한 어휘와 언어 형식을 활용하여 대략적으로 설명할 수 있다.,,ncic_2022_eng_level_1398
36766,[12실영01-06],achievement_level,D,실생활에 필요한 일의 방법이나 절차를 적절한 어휘와 언어 형식을 활용하여 부분적으로 설명할 수 있다.,,ncic_2022_eng_level_1398
36767,[12실영01-06],achievement_level,E,실생활에 필요한 일의 방법이나 절차를 주어진 어휘와 언어 형식을 활용하여 제한적으로 설명할 수 있다.,,ncic_2022_eng_level_1398
36768,[12실영01-07],achievement_level,A,적절한 전략을 효과적으로 활용하여 실생활에서 상황이나 목적에 맞게 대화를 명확하게 이어 갈 수 있다.,,ncic_2022_eng_level_1398
36769,[12실영01-07],achievement_level,B,적절한 전략을 비교적 효과적으로 활용하여 실생활에서 상황이나 목적에 맞게 대화를 비교적 명확하게 이어 갈 수 있다.,,ncic_2022_eng_level_1398
36770,[12실영01-07],achievement_level,C,적절한 전략을 대략적으로 활용하여 실생활에서 상황이나 목적에 맞게 대화를 대략적으로 이어 갈 수 있다.,,ncic_2022_eng_level_1398
36771,[12실영01-07],achievement_level,D,적절한 전략을 부분적으로 활용하여 실생활에서 상황이나 목적에 맞게 대화를 부분적으로 이어 갈 수 있다.,,ncic_2022_eng_level_1398
36772,[12실영01-07],achievement_level,E,적절한 전략을 제한적으로 활용하여 실생활에서 상황이나 목적에 맞게 대화를 제한적으로 이어 갈 수 있다.,,ncic_2022_eng_level_1398
36773,[12실영01-09],achievement_level,A,의사소통 상황이나 목적에 맞게 적절한 전략을 효과적으로 적용하여 대화에 적극적으로 참여할 수 있다.,,ncic_2022_eng_level_1398
36774,[12실영01-09],achievement_level,B,의사소통 상황이나 목적에 맞게 적절한 전략을 비교적 효과적으로 적용하여 대화에 적극적으로 참여할 수 있다.,,ncic_2022_eng_level_1398
36775,[12실영01-09],achievement_level,C,의사소통 상황이나 목적에 맞게 적절한 전략을 대략적으로 적용하여 대화에 비교적 적극적으로 참여할 수 있다.,,ncic_2022_eng_level_1398
36776,[12실영01-09],achievement_level,D,의사소통 상황이나 목적에 맞게 적절한 전략을 부분적으로 적용하여 대화에 비교적 적극적으로 참여할 수 있다.,,ncic_2022_eng_level_1398
36777,[12실영01-09],achievement_level,E,의사소통 상황이나 목적에 맞게 적절한 전략을 제한적으로 적용하여 대화에 참여하려고 노력하는 태도를 보인다.,,ncic_2022_eng_level_1398
36783,[12실영01-04],achievement_level,A,존중과 배려의 자세로 상대방의 말을 적극적으로 경청하며 다양하고 적절한 어휘나 언어 형식을 활용하여 자신의 의견이나 감정을 명확하게 표현할 수 있다.,,ncic_2022_eng_level_1398
36784,[12실영01-04],achievement_level,B,존중과 배려의 자세로 상대방의 말을 적극적으로 경청하며 다양하고 적절한 어휘나 언어 형식을 활용하여 자신의 의견이나 감정을 비교적 명확하게 표현할 수 있다.,,ncic_2022_eng_level_1398
36785,[12실영01-04],achievement_level,C,존중과 배려의 자세로 상대방의 말을 비교적 적극적으로 경청하며 적절한 어휘나 언어 형식을 활용하여 자신의 의견이나 감정을 대략적으로 표현할 수 있다.,,ncic_2022_eng_level_1398
36786,[12실영01-04],achievement_level,D,존중과 배려의 자세로 상대방의 말을 비교적 적극적으로 경청하며 적절한 어휘나 언어 형식을 활용하여 자신의 의견이나 감정을 부분적으로 표현할 수 있다.,,ncic_2022_eng_level_1398
36787,[12실영01-04],achievement_level,E,존중과 배려의 자세로 상대방의 말을 경청하려고 노력하는 태도를 보이고 주어진 어휘나 언어 형식 활용하여 자신의 의견이나 감정을 제한적으로 표현할 수 있다.,,ncic_2022_eng_level_1398
36788,[12실영01-05],achievement_level,A,실생활에 관한 경험이나 사건 또는 간단한 시각 자료를 다양하고 적절한 어휘와 언어 형식을 활용하여 명확하게 묘사할 수 있다.,,ncic_2022_eng_level_1398
36789,[12실영01-05],achievement_level,B,실생활에 관한 경험이나 사건 또는 간단한 시각 자료를 다양하고 적절한 어휘와 언어 형식을 활용하여 비교적 명확하게 묘사할 수 있다.,,ncic_2022_eng_level_1398
36790,[12실영01-05],achievement_level,C,실생활에 관한 경험이나 사건 또는 간단한 시각 자료를 적절한 어휘와 언어 형식을 활용하여 대략적으로 묘사할 수 있다.,,ncic_2022_eng_level_1398
36791,[12실영01-05],achievement_level,D,실생활에 관한 경험이나 사건 또는 간단한 시각 자료를 적절한 어휘와 언어 형식을 활용하여 부분적으로 묘사할 수 있다.,,ncic_2022_eng_level_1398
36792,[12실영01-05],achievement_level,E,실생활에 관한 경험이나 사건 또는 간단한 시각 자료를 주어진 어휘와 언어 형식을 활용하여 제한적으로 묘사할 수 있다.,,ncic_2022_eng_level_1398
36933,[12미영01-08],achievement_level,A,미디어에 제시된 작품을 감상하고 다양한 관점에서 다양하고 적절한 어휘와 언어 형식을 활용하여 명확하게 평가할 수 있다.,,ncic_2022_eng_level_1398
36934,[12미영01-08],achievement_level,B,미디어에 제시된 작품을 감상하고 다양한 관점에서 다양하고 적절한 어휘와 언어 형식을 활용하여 비교적 명확하게 평가할 수 있다.,,ncic_2022_eng_level_1398
36935,[12미영01-08],achievement_level,C,미디어에 제시된 작품을 감상하고 다양한 관점에서 적절한 어휘와 언어 형식을 활용하여 대략적으로 평가할 수 있다.,,ncic_2022_eng_level_1398
36936,[12미영01-08],achievement_level,D,미디어에 제시된 작품을 감상하고 다양한 관점에서 적절한 어휘와 언어 형식을 활용하여 부분적으로 평가할 수 있다.,,ncic_2022_eng_level_1398
36937,[12미영01-08],achievement_level,E,미디어에 제시된 작품을 감상하고 다양한 관점을 가지려고 노력하며 주어진 어휘와 언어 형식을 활용하여 제한적으로 평가할 수 있다.,,ncic_2022_eng_level_1398
36943,[12미영01-10],achievement_level,A,오류 수정을 위한 디지털 도구를 매우 적절하게 활용하여 자신이 전달하고자 하는 바를 정확하게 표현할 수 있다.,,ncic_2022_eng_level_1398
36944,[12미영01-10],achievement_level,B,오류 수정을 위한 디지털 도구를 적절하게 활용하여 자신이 전달하고자 하는 바를 비교적 정확하게 표현할 수 있다.,,ncic_2022_eng_level_1398
36945,[12미영01-10],achievement_level,C,오류 수정을 위한 디지털 도구를 비교적 적절하게 활용하여 자신이 전달하고자 하는 바를 대략적으로 표현할 수 있다.,,ncic_2022_eng_level_1398
36946,[12미영01-10],achievement_level,D,오류 수정을 위한 디지털 도구를 부분적으로 활용하여 자신이 전달하고자 하는 바를 부분적으로 표현할 수 있다.,,ncic_2022_eng_level_1398
36947,[12미영01-10],achievement_level,E,오류 수정을 위한 디지털 도구를 제한적으로 활용하여 자신이 전달하고자 하는 바를 제한적으로 표현할 수 있다.,,ncic_2022_eng_level_1398
36948,[12미영01-02],achievement_level,A,다양한 주제에 대한 창의적 문제 해결을 위해 미디어를 효과적으로 활용하여 원활하게 협업할 수 있다.,,ncic_2022_eng_level_1398
36949,[12미영01-02],achievement_level,B,다양한 주제에 대한 창의적 문제 해결을 위해 미디어를 비교적 효과적으로 활용하여 비교적 원활하게 협업할 수 있다.,,ncic_2022_eng_level_1398
36950,[12미영01-02],achievement_level,C,다양한 주제에 대한 창의적 문제 해결을 위해 미디어를 활용하여 대체로 원활하게 협업할 수 있다.,,ncic_2022_eng_level_1398
36951,[12미영01-02],achievement_level,D,다양한 주제에 대한 창의적 문제 해결을 위해 미디어를 부분적으로 활용하여 부분적으로 협업할 수 있다.,,ncic_2022_eng_level_1398
36952,[12미영01-02],achievement_level,E,다양한 주제에 대한 창의적 문제 해결을 위해 미디어를 제한적으로 활용하여 제한적으로 협업할 수 있다.,,ncic_2022_eng_level_1398
36953,[12미영01-04],achievement_level,A,"다양한 유형의 미디어를 통해 표현된 정보를 비판적 태도로 정확하게 검색, 선정, 비교 및 분석할 수 있다.",,ncic_2022_eng_level_1398
36954,[12미영01-04],achievement_level,B,"다양한 유형의 미디어를 통해 표현된 정보를 비판적 태도로 비교적 정확하게 검색, 선정, 비교 및 분석할 수 있다.",,ncic_2022_eng_level_1398
36955,[12미영01-04],achievement_level,C,"다양한 유형의 미디어를 통해 표현된 정보를 비판적 태도로 대략적으로 검색, 선정, 비교 및 분석할 수 있다.",,ncic_2022_eng_level_1398
36956,[12미영01-04],achievement_level,D,"다양한 유형의 미디어를 통해 표현된 정보를 비판적 태도로 부분적으로 검색, 선정, 비교 및 분석할 수 있다.",,ncic_2022_eng_level_1398
36957,[12미영01-04],achievement_level,E,다양한 유형의 미디어를 통해 표현된 정보를 비판적 태도를 갖기 위해 노력하며 제한적으로 검색하거나 비교할 수 있다.,,ncic_2022_eng_level_1398
36958,[12미영01-05],achievement_level,A,목적이나 대상에 적합한 미디어를 효과적으로 활용하여 다양하고 적절한 어휘와 언어 형식을 이용해 의견이나 정보를 명확하게 공유할 수 있다.,,ncic_2022_eng_level_1398
36959,[12미영01-05],achievement_level,B,목적이나 대상에 적합한 미디어를 비교적 효과적으로 활용하여 다양하고 적절한 어휘와 언어 형식을 이용해 의견이나 정보를 비교적 명확하게 공유할 수 있다.,,ncic_2022_eng_level_1398
36960,[12미영01-05],achievement_level,C,목적이나 대상에 적합한 미디어를 활용하여 적절한 어휘와 언어 형식을 이용해 의견이나 정보를  대략적으로 공유할 수 있다.,,ncic_2022_eng_level_1398
36961,[12미영01-05],achievement_level,D,목적이나 대상에 적합한 미디어를 부분적으로 활용하여 적절한 어휘와 언어 형식을 이용해 의견이나 정보를 부분적으로 공유할 수 있다.,,ncic_2022_eng_level_1398
36962,[12미영01-05],achievement_level,E,목적이나 대상에 적합한 미디어를 제한적으로 활용하여 주어진 어휘와 언어 형식을 이용해 의견이나 정보를 제한적으로 공유할 수 있다.,,ncic_2022_eng_level_1398
36968,[12미영01-01],achievement_level,A,영어 검색 엔진을 효과적으로 활용하여 필요한 정보를 정확하게 찾아낼 수 있다.,,ncic_2022_eng_level_1398
36969,[12미영01-01],achievement_level,B,영어 검색 엔진을 비교적 효과적으로 활용하여 필요한 정보를 비교적 정확하게 찾아낼 수 있다.,,ncic_2022_eng_level_1398
36970,[12미영01-01],achievement_level,C,영어 검색 엔진을 활용하여 필요한 정보를 대략적으로 찾아낼 수 있다.,,ncic_2022_eng_level_1398
36971,[12미영01-01],achievement_level,D,영어 검색 엔진을 부분적으로 활용하여 필요한 정보를 부분적으로 찾아낼 수 있다.,,ncic_2022_eng_level_1398
36972,[12미영01-01],achievement_level,E,영어 검색 엔진을 제한적으로 활용하고 필요한 정보를 예시를 참고하여 제한적으로 찾아낼 수 있다.,,ncic_2022_eng_level_1398
36973,[12미영01-03],achievement_level,A,미디어 정보에서 핵심어를 정확하게 추출하여 내용을 정확하게 요약하거나 재구성할 수 있다.,,ncic_2022_eng_level_1398
36974,[12미영01-03],achievement_level,B,미디어 정보에서 핵심어를 비교적 정확하게 추출하여 내용을 비교적 정확하게 요약하거나 재구성할 수 있다.,,ncic_2022_eng_level_1398
36975,[12미영01-03],achievement_level,C,미디어 정보에서 핵심어를 대략적으로 추출하여 내용을 대략적으로 요약하거나 재구성할 수 있다.,,ncic_2022_eng_level_1398
36976,[12미영01-03],achievement_level,D,미디어 정보에서 핵심어를 부분적으로 추출하여 내용을 부분적으로 요약하거나 재구성할 수 있다.,,ncic_2022_eng_level_1398
36977,[12미영01-03],achievement_level,E,미디어 정보에서 핵심어를 제한적으로 추출하여 내용을 제한적으로 요약하거나 재구성할 수 있다.,,ncic_2022_eng_level_1398
36978,[12미영01-06],achievement_level,A,"다양한 유형의 미디어를 통해 표현된 정보를 효과적으로 융합하고, 적절한 도구를 활용하여 창의적인 콘텐츠를 제작할 수 있다.",,ncic_2022_eng_level_1398
36979,[12미영01-06],achievement_level,B,"다양한 유형의 미디어를 통해 표현된 정보를 비교적 효과적으로 융합하고, 적절한 도구를 활용하여 비교적 창의적인 콘텐츠를 제작할 수 있다.",,ncic_2022_eng_level_1398
36980,[12미영01-06],achievement_level,C,"다양한 유형의 미디어를 통해 표현된 정보를 대략적으로 융합하고, 적절한 도구를 활용하여 콘텐츠를 대략적으로 제작할 수 있다.",,ncic_2022_eng_level_1398
36981,[12미영01-06],achievement_level,D,"다양한 유형의 미디어를 통해 표현된 정보를 부분적으로 융합하고, 적절한 도구를 활용하여 콘텐츠를 부분적으로 제작할 수 있다.",,ncic_2022_eng_level_1398
36982,[12미영01-06],achievement_level,E,"다양한 유형의 미디어를 통해 표현된 정보를 제한적으로 융합하고, 적절한 도구를 활용하여 예시를 참고하여 콘텐츠를 제한적으로 제작할 수 있다.",,ncic_2022_eng_level_1398
36983,[12미영01-07],achievement_level,A,"미디어에서 접하는 다양한 시청각 단서를 배경지식, 맥락 정보와 사실 정보를 활용하여 정확하게 이해하거나, 다양하고 적절한 어휘와 언어 형식을 활용하여 명확하게 표현할 수 있다.",,ncic_2022_eng_level_1398
36984,[12미영01-07],achievement_level,B,"미디어에서 접하는 다양한 시청각 단서를 배경지식, 맥락 정보와 사실 정보를 활용하여 비교적 정확하게 이해하거나 다양하고 적절한 어휘와 언어 형식을 활용하여 비교적 명확하게 표현할 수 있다.",,ncic_2022_eng_level_1398
36985,[12미영01-07],achievement_level,C,미디어에서 접하는 다양한 시청각 단서를 맥락 정보와 사실 정보를 활용하여 이해하거나 적절한 어휘와 언어 형식을 활용하여 대략적으로 표현할 수 있다.,,ncic_2022_eng_level_1398
36986,[12미영01-07],achievement_level,D,미디어에서 접하는 다양한 시청각 단서를 맥락 정보와 사실 정보를 활용하여 부분적으로 이해하거나 적절한 어휘와 언어 형식을 활용하여 부분적으로 표현할 수 있다.,,ncic_2022_eng_level_1398
36987,[12미영01-07],achievement_level,E,미디어에서 접하는 다양한 시청각 단서를 사실 정보를 활용하여 제한적으로 이해하거나 주어진 어휘와 언어 형식을 활용하여 제한적으로 표현할 수 있다.,,ncic_2022_eng_level_1398
36988,[12미영01-09],achievement_level,A,다양한 유형의 미디어를 통해 표현된 정보를 창의적･비판적으로 처리하기 위해 정보의 출처를 정확하게 확인하고 정보 보안을 엄격하게 준수하는 태도를 보인다.,,ncic_2022_eng_level_1398
36989,[12미영01-09],achievement_level,B,다양한 유형의 미디어를 통해 표현된 정보를 창의적･비판적으로 처리하기 위해 정보의 출처를 비교적 정확하게 확인하고 정보 보안을 엄격하게 준수하는 태도를 보인다.,,ncic_2022_eng_level_1398
36990,[12미영01-09],achievement_level,C,다양한 유형의 미디어를 통해 표현된 정보를 창의적･비판적으로 처리하기 위해 정보의 출처를 대략적으로 확인하고 정보 보안을 비교적 엄격하게 준수하는 태도를 보인다.,,ncic_2022_eng_level_1398
36991,[12미영01-09],achievement_level,D,다양한 유형의 미디어를 통해 표현된 정보를 창의적･비판적으로 처리하기 위해 정보의 출처를 부분적으로 확인하고 정보 보안을 비교적 엄격하게 준수하는 태도를 보인다.,,ncic_2022_eng_level_1398
36992,[12미영01-09],achievement_level,E,다양한 유형의 미디어를 통해 표현된 정보를 창의적･비판적으로 처리하기 위해 정보의 출처를 제한적으로 확인하고 정보 보안을 준수하려고 노력하는 태도를 보인다.,,ncic_2022_eng_level_1398
37063,[12세영01-02],achievement_level,A,문화 관련 주요 개념을 적용하여 문화 현상을 체계적으로 분석하고 새로운 관점에서 논리적으로 설명할 수 있다.,,ncic_2022_eng_level_1398
37064,[12세영01-02],achievement_level,B,문화 관련 주요 개념을 적용하여 문화 현상을 비교적 체계적으로 분석하고 새로운 관점에서 비교적 논리적으로 설명할 수 있다.,,ncic_2022_eng_level_1398
37065,[12세영01-02],achievement_level,C,문화 관련 주요 개념을 적용하여 문화 현상을 분석하고 새로운 관점에서 대략적으로 설명할 수 있다.,,ncic_2022_eng_level_1398
37066,[12세영01-02],achievement_level,D,문화 관련 주요 개념을 적용하여 문화 현상을 분석하고 새로운 관점에서 부분적으로 설명할 수 있다.,,ncic_2022_eng_level_1398
37067,[12세영01-02],achievement_level,E,문화 관련 주요 개념을 적용하여 문화 현상을 제한적으로 분석하고 새로운 관점에서 예시를 참고하여 제한적으로 설명할 수 있다.,,ncic_2022_eng_level_1398
37073,[12세영01-06],achievement_level,A,"다른 문화권의 관습, 규범, 가치, 사고방식, 행동 양식 또는 의사소통 방식을 깊이 있게 이해하고, 적극적인 자세로 자신의 문화 인식 및 관점을 비판적으로 성찰한다.",,ncic_2022_eng_level_1398
37074,[12세영01-06],achievement_level,B,"다른 문화권의 관습, 규범, 가치, 사고방식, 행동 양식 또는 의사소통 방식을 비교적 깊이 있게 이해하고, 적극적인 자세로 자신의 문화 인식 및 관점을 비판적으로 성찰한다.",,ncic_2022_eng_level_1398
37075,[12세영01-06],achievement_level,C,"다른 문화권의 관습, 규범, 가치, 사고방식, 행동 양식 또는 의사소통 방식을 대략적으로 이해하고, 비교적 적극적인 자세로 자신의 문화 인식 및 관점을 비판적으로 성찰한다.",,ncic_2022_eng_level_1398
37076,[12세영01-06],achievement_level,D,"다른 문화권의 관습, 규범, 가치, 사고방식, 행동 양식 또는 의사소통 방식을 부분적으로 이해하고, 비교적 적극적인 자세로 자신의 문화 인식 및 관점을 비판적으로 성찰한다.",,ncic_2022_eng_level_1398
37077,[12세영01-06],achievement_level,E,"다른 문화권의 관습, 규범, 가치, 사고방식, 행동 양식 또는 의사소통 방식을 제한적으로 이해하고, 자신의 문화 인식 및 관점을 비판적으로 성찰하고자 노력하는 자세를 보인다.",,ncic_2022_eng_level_1398
37093,[12세영01-05],achievement_level,A,"다양한 장르와 매체 속 문화 현상이나 문화적 산물에 내재된 문화적 전제, 관점, 또는 가치관을 배경지식, 사실 정보, 맥락 정보를 활용하여 정확하게 추론할 수 있다.",,ncic_2022_eng_level_1398
37094,[12세영01-05],achievement_level,B,"다양한 장르와 매체 속 문화 현상이나 문화적 산물에 내재된 문화적 전제, 관점, 또는 가치관을 배경지식, 사실 정보, 맥락 정보를 활용하여 비교적 정확하게 추론할 수 있다.",,ncic_2022_eng_level_1398
37095,[12세영01-05],achievement_level,C,"다양한 장르와 매체 속 문화 현상이나 문화적 산물에 내재된 문화적 전제, 관점, 또는 가치관을 사실 정보와 맥락 정보를 활용하여 대략적으로 추론할 수 있다.",,ncic_2022_eng_level_1398
37096,[12세영01-05],achievement_level,D,"다양한 장르와 매체 속 문화 현상이나 문화적 산물에 내재된 문화적 전제, 관점, 또는 가치관을 사실 정보와 맥락 정보를 활용하여 부분적으로 추론할 수 있다.",,ncic_2022_eng_level_1398
37097,[12세영01-05],achievement_level,E,"다양한 장르와 매체 속 문화 현상이나 문화적 산물에 내재된 문화적 전제, 관점, 또는 가치관을 사실 정보를 활용하여 제한적으로 추론할 수 있다.",,ncic_2022_eng_level_1398
37103,[12세영01-01],achievement_level,A,다양하고 적절한 전략을 효과적으로 활용하여 다양한 장르와 매체의 길고 복잡한 문화 정보나 문화적 산물의 핵심 내용을 정확하게 파악할 수 있다.,,ncic_2022_eng_level_1398
37104,[12세영01-01],achievement_level,B,다양하고 적절한 전략을 비교적 효과적으로 활용하여 다양한 장르와 매체의 길고 복잡한 문화 정보나 문화적 산물의 핵심 내용을 비교적 정확하게 파악할 수 있다.,,ncic_2022_eng_level_1398
37105,[12세영01-01],achievement_level,C,적절한 전략을 대략적으로 활용하여 다양한 장르와 매체의 문화 정보나 문화적 산물의 핵심 내용을 대략적으로 파악할 수 있다.,,ncic_2022_eng_level_1398
37106,[12세영01-01],achievement_level,D,적절한 전략을 부분적으로 활용하여 다양한 장르와 매체의 문화 정보나 문화적 산물의 핵심 내용을 부분적으로 파악할 수 있다.,,ncic_2022_eng_level_1398
37107,[12세영01-01],achievement_level,E,예시를 참고하며 적절한 전략을 제한적으로 활용하여 다양한 장르와 매체의 짧고 간단한 문화 정보나 문화적 산물의 핵심 내용을 제한적으로 파악할 수 있다.,,ncic_2022_eng_level_1398
37113,[12세영01-03],achievement_level,A,타 문화 및 언어에 대한 존중을 바탕으로 문화 정보를 수용하고 자신의 의견을 명확하게 표현할 수 있다.,,ncic_2022_eng_level_1398
37114,[12세영01-03],achievement_level,B,타 문화 및 언어에 대한 존중을 바탕으로 문화 정보를 수용하고 자신의 의견을 비교적 명확하게 표현할 수 있다.,,ncic_2022_eng_level_1398
37115,[12세영01-03],achievement_level,C,타 문화 및 언어에 대한 존중을 바탕으로 문화 정보를 수용하고 자신의 의견을 대략적으로 표현할 수 있다.,,ncic_2022_eng_level_1398
37116,[12세영01-03],achievement_level,D,타 문화 및 언어에 대한 존중을 바탕으로 문화 정보를 수용하고 자신의 의견을 부분적으로 표현할 수 있다.,,ncic_2022_eng_level_1398
37117,[12세영01-03],achievement_level,E,타 문화 및 언어에 대한 존중을 바탕으로 문화 정보를 수용하고 예시를 참고하여 자신의 의견을 제한적으로 표현할 수 있다.,,ncic_2022_eng_level_1398
37133,[12세영01-07],achievement_level,A,높은 수준의 자발적ㆍ지속적 관심과 흥미를 가지고 다양한 문화적 산물을 감상하고 자신의 소감을 명확하게 표현할 수 있다.,,ncic_2022_eng_level_1398
37134,[12세영01-07],achievement_level,B,높은 수준의 자발적ㆍ지속적 관심과 흥미를 가지고 다양한 문화적 산물을 감상하고 자신의 소감을 비교적 명확하게 표현할 수 있다.,,ncic_2022_eng_level_1398
37135,[12세영01-07],achievement_level,C,보통 수준의 자발적ㆍ지속적 관심과 흥미를 가지고 다양한 문화적 산물을 감상하고 자신의 소감을 대략적으로 표현할 수 있다.,,ncic_2022_eng_level_1398
37136,[12세영01-07],achievement_level,D,보통 수준의 자발적ㆍ지속적 관심과 흥미를 가지고 다양한 문화적 산물을 감상하고 자신의 소감을 부분적으로 표현할 수 있다.,,ncic_2022_eng_level_1398
37137,[12세영01-07],achievement_level,E,제한적 수준의 자발적ㆍ지속적 관심과 흥미를 가지고 다양한 문화적 산물을 감상하고 자신의 소감을 예시를 참고하여 제한적으로 표현할 수 있다.,,ncic_2022_eng_level_1398
37153,[12세영01-04],achievement_level,A,말이나 글 속에 드러난 서로 다른 문화 현상이나 문화적 산물을 명확하게 비교ㆍ대조하여 문화의 보편성과 특수성을 정확하게 파악할 수 있다.,,ncic_2022_eng_level_1398
37154,[12세영01-04],achievement_level,B,말이나 글 속에 드러난 서로 다른 문화 현상이나 문화적 산물을 비교적 명확하게 비교ㆍ대조하여 문화의 보편성과 특수성을 비교적 정확하게 파악할 수 있다.,,ncic_2022_eng_level_1398
37155,[12세영01-04],achievement_level,C,말이나 글 속에 드러난 서로 다른 문화 현상이나 문화적 산물을 대략적으로 비교ㆍ대조하여 문화의 보편성과 특수성을 대략적으로 파악할 수 있다.,,ncic_2022_eng_level_1398
37156,[12세영01-04],achievement_level,D,말이나 글 속에 드러난 서로 다른 문화 현상이나 문화적 산물을 부분적으로 비교ㆍ대조하여 문화의 보편성과 특수성을 부분적으로 파악할 수 있다.,,ncic_2022_eng_level_1398
37157,[12세영01-04],achievement_level,E,말이나 글 속에 드러난 서로 다른 문화 현상이나 문화적 산물을 제한적으로 비교ㆍ대조하여 문화의 보편성과 특수성을 제한적으로 파악할 수 있다.,,ncic_2022_eng_level_1398
37158,[12세영01-08],achievement_level,A,"세계 영어에 대한 이해를 바탕으로 상황, 목적, 대상을 고려한 다양하고 적절한 전략과 포용적 태도를 갖추어 다양한 종류의 의사소통에 효과적으로 참여할 수 있다.",,ncic_2022_eng_level_1398
37159,[12세영01-08],achievement_level,B,"세계 영어에 대한 이해를 바탕으로 상황, 목적, 대상을 고려한 다양하고 적절한 전략과 포용적 태도를 갖추어 다양한 종류의 의사소통에 비교적 효과적으로 참여할 수 있다.",,ncic_2022_eng_level_1398
37160,[12세영01-08],achievement_level,C,"세계 영어에 대한 이해를 바탕으로 상황, 목적, 대상을 고려한 적절한 전략과 포용적 태도를 일부 갖추어 의사소통에 대략적으로 참여할 수 있다.",,ncic_2022_eng_level_1398
37161,[12세영01-08],achievement_level,D,"세계 영어에 대한 이해를 바탕으로 상황, 목적, 대상을 고려한 적절한 전략과 포용적 태도를 일부 갖추어 의사소통에 부분적으로 참여할 수 있다.",,ncic_2022_eng_level_1398
37162,[12세영01-08],achievement_level,E,"세계 영어에 대한 이해를 바탕으로 상황, 목적, 대상을 고려한 적절한 전략과 포용적 태도를 제한적으로 갖추어 의사소통에 제한적으로 참여할 수 있다.",,ncic_2022_eng_level_1398
37163,[12세영01-09],achievement_level,A,다양한 장르와 매체에서 검색ㆍ수집한 길고 복잡한 문화 정보를 정확하게 요약하거나 목적에 맞게 효과적으로 재구성할 수 있다.,,ncic_2022_eng_level_1398
37164,[12세영01-09],achievement_level,B,다양한 장르와 매체에서 검색ㆍ수집한 길고 복잡한 문화 정보를 비교적 정확하게 요약하거나 목적에 맞게 비교적 효과적으로 재구성할 수 있다.,,ncic_2022_eng_level_1398
37165,[12세영01-09],achievement_level,C,다양한 장르와 매체에서 검색ㆍ수집한 문화 정보를 대략적으로 요약하거나 목적에 맞게 대략적으로 재구성할 수 있다.,,ncic_2022_eng_level_1398
37166,[12세영01-09],achievement_level,D,다양한 장르와 매체에서 검색ㆍ수집한 문화 정보를 부분적으로 요약하거나 목적에 맞게 부분적으로 재구성할 수 있다.,,ncic_2022_eng_level_1398
37167,[12세영01-09],achievement_level,E,다양한 장르와 매체에서 검색ㆍ수집한 짧고 간단한 문화 정보를 제한적으로 요약하거나 목적에 맞게 예시를 참고하여 제한적으로 재구성할 수 있다.,,ncic_2022_eng_level_1398
37168,[12세영01-10],achievement_level,A,정보 윤리를 엄격하게 준수하며 다양한 목적의 문화 콘텐츠를 적절하게 제작하여 효과적으로 공유할 수 있다.,,ncic_2022_eng_level_1398
37169,[12세영01-10],achievement_level,B,정보 윤리를 엄격하게 준수하며 다양한 목적의 문화 콘텐츠를 비교적 적절하게 제작하여 비교적 효과적으로 공유할 수 있다.,,ncic_2022_eng_level_1398
37170,[12세영01-10],achievement_level,C,정보 윤리를 비교적 엄격하게 준수하며 다양한 목적의 문화 콘텐츠를 대략적으로 제작하여 공유할 수 있다.,,ncic_2022_eng_level_1398
37171,[12세영01-10],achievement_level,D,정보 윤리를 비교적 엄격하게 준수하며 다양한 목적의 문화 콘텐츠를 부분적으로 제작하여 공유할 수 있다.,,ncic_2022_eng_level_1398
37172,[12세영01-10],achievement_level,E,정보 윤리를 제한적으로 준수하며 다양한 목적의 문화 콘텐츠를 예시를 참고하여 제한적으로 제작하고 공유할 수 있다.,,ncic_2022_eng_level_1398
